player,match_id,avg_first_serve_pct,avg_first_serve_won_pct,avg_second_serve_won_pct,avg_ace_pct,avg_df_pct,avg_return_won_pct,avg_winners_per_pt,avg_ue_per_pt,avg_winners_fh_ratio,avg_bp_save_pct,avg_bp_clutch_save_pct,avg_bp_first_in_pct,avg_bpo_conv_pct,avg_bpo_ue_pct,avg_srv_win_1_3,avg_srv_win_4_6,avg_srv_win_7plus,avg_ret_win_1_3,avg_ret_win_4_6,avg_ret_win_7plus,elo,elo_surface
Aaron Krickstein,19950127-M-Australian_Open-SF-Aaron_Krickstein-Andre_Agassi,0.5781089373630895,0.6412122874311753,0.4499612990600393,0.048492876765357004,0.018292212407351,0.34042806483784155,0.1149563795293218,0.14306236704552516,0.4083098784160696,0.504073902288188,0.5486917074849996,0.591705161885429,0.34640074645533303,0.10885677534581904,0.4750897406677848,0.39265694383448,0.4742121224740817,0.44761904761904764,0.4489795918367347,0.5283018867924528,1559.2111783085384,1549.7701038572827
Abedallah Shelbayh,20230221-M-Doha-R32-Soon_Woo_Kwon-Abedallah_Shelbayh,0.6190476190476191,0.5128205128205128,0.5833333333333334,0.015873015873015872,0.015873015873015872,0.2711864406779661,0.18032786885245902,0.1885245901639344,0.7272727272727273,0.6666666666666666,0.5806451612903226,0.5806451612903226,0.25925925925925924,0.1111111111111111,,,,0.36231884057971014,0.42424242424242425,0.55,1482.3916980581707,1482.4072798365114
Adam Pavlasek,20190729-M-Liberec_CH-R64-Karim_Mohamed_Maamoun-Adam_Pavlasek,0.5520094562647754,0.7159498207885304,0.6375,0.09193590753874442,0.024691358024691357,0.41990049751243785,0.15297423591816114,0.2254988633493306,0.5,0.5555555555555556,0.7075289575289576,0.4835907335907336,0.36813186813186816,0.2582417582417582,0.524390243902439,0.3783783783783784,0.41379310344827586,0.5892857142857143,0.5666666666666667,0.6666666666666666,1495.162413712089,1512.6014413460653
Adam Walton,20250617-M-Queens_Club-R32-Adam_Walton-Carlos_Alcaraz,0.6304347826086957,0.6724137931034483,0.47058823529411764,0.010869565217391304,0.0,0.35964912280701755,0.0825242718446602,0.11165048543689321,0.6470588235294118,0.6153846153846154,0.7096774193548387,0.5806451612903226,0.32,0.04,,,,0.4411764705882353,0.5714285714285714,0.3958333333333333,1484.3712492057616,1500.0
Adolfo Daniel Vallejo,20260312-M-Santiago_CH-R16-Adolfo_Daniel_Vallejo-Felipe_Meligeni_Alves,,,,,,,,,,,,,,,,,,,,,1500.0,1500.0
Adrian Andreev,20250125-M-Oeiras_3_CH-R32-Clement_Chidekh-Adrian_Andreev,0.674391031031502,0.6581340318990099,0.5445870731585017,0.03373859914262024,0.02589692625240366,0.4063220278667433,0.14290866482568507,0.17180311557350988,0.6863190730837789,0.473015873015873,0.5921932490801473,0.7023148888770389,0.3467589119502098,0.11867522436164597,0.5196078431372549,0.45,0.5454545454545454,0.4768819739116769,0.545690899139175,0.5215985215985216,1484.82983750617,1518.3516794584668
Adrian Garcia,20050304-M-Davis_Cup_World_Group_R1-RR-Marat_Safin-Adrian_Garcia,,,,,,,,,,,,,,,,,,,,,1500.0,1500.0
Adrian Mannarino,20260319-M-Miami_Masters-R128-Zhizhen_Zhang-Adrian_Mannarino,0.6155775189544634,0.6805395837681715,0.5092904802790046,0.06413667505581644,0.030447345829867953,0.3384272605243528,0.13567754331052717,0.18768394576365816,0.4240537018239302,0.563310976797136,0.6227473223325439,0.6075863191604093,0.33581800299919307,0.15578587624315093,0.47094764619243973,0.467266172943212,0.5273913613116291,0.47052597395994566,0.48684166619796626,0.4894829077971906,1377.6951260778806,1376.0143607606055
Adrian Voinea,20020226-M-Dubai-R32-Roger_Federer-Adrian_Voinea,,,,,,,,,,,,,,,,,,,,,1500.0,1500.0
Adriano Panatta,19801205-M-Davis_Cup_World_Group_F-RR-Tomas_Smid-Adriano_Panatta,0.5932035284976461,0.6108651734738691,0.39759513561522164,0.03421545774486951,0.041871200694730104,0.385639469857655,0.16000244558571777,0.19711142977834098,0.5267676767676768,0.521494708994709,0.5787878787878787,0.6419191919191919,0.3716356107660455,0.16788454512239678,,,,0.44946473366230527,0.5344379467186485,0.3615317094579767,1454.1721796717984,1500.0
Adrien Bossel,20151123-M-Andria_CH-R32-Adrien_Bossel-Dudi_Sela,,,,,,,,,,,,,,,,,,,,,1500.0,1500.0
Agustin Calleri,20030518-M-Hamburg_Masters-F-Guillermo_Coria-Agustin_Calleri,,,,,,,,,,,,,,,,,,,,,1500.0,1500.0
Agustin Velotti,20160310-M-Puebla_CH-R16-Dennis_Novak-Agustin_Velotti,,,,,,,,,,,,,,,,,,,,,1500.0,1500.0
Aisam Ul Haq Qureshi,20070628-M-Wimbledon-R64-Aisam_Ul_Haq_Qureshi-Marat_Safin,,,,,,,,,,,,,,,,,,,,,1500.0,1500.0
Akira Santillan,20180816-M-Gwangju_CH-R16-Akira_Santillan-Karim_Mohamed_Maamoun,,,,,,,,,,,,,,,,,,,,,1500.0,1500.0
Alan Mackin,20050923-M-Davis_Cup_World_Group_PO-RR-Roger_Federer-Alan_Mackin,,,,,,,,,,,,,,,,,,,,,1500.0,1500.0
Albano Olivetti,20160219-M-Wroclaw_CH-QF-Albano_Olivetti-Dustin_Brown,,,,,,,,,,,,,,,,,,,,,1500.0,1500.0
Albert Costa,20020609-M-Roland_Garros-F-Albert_Costa-Juan_Carlos_Ferrero,0.6645170885917465,0.6461856520889563,0.4213706576479272,0.034782035466749475,0.03786716267365654,0.36806635364541934,0.17532666046145146,0.1842414934036515,0.6342443056887326,0.49991560726854845,0.6048690562083419,0.650297189582904,0.38719606664521916,0.09414695474017508,0.4903191614936013,0.49819063652396983,0.48341593189419274,0.41367456073338427,0.3484848484848485,0.5727272727272728,1530.8432675038305,1536.314713249496
Albert Montanes,20160326-M-San_Luis_Potosi_CH-SF-Albert_Montanes-Pedja_Krstin,0.6491228070175439,0.4722222222222222,0.25,0.0,0.0489766081871345,0.30718954248366015,0.12962962962962962,0.18981481481481483,0.8115384615384615,0.4222222222222222,0.40384615384615385,0.7307692307692308,0.3446969696969697,0.041666666666666664,0.3902439024390244,0.4186046511627907,0.375,0.32142857142857145,0.2727272727272727,0.3181818181818182,1493.7270814613014,1491.6373260265486
Albert Ramos,20250526-M-Roland_Garros-R128-Casper_Ruud-Albert_Ramos,0.6416946801073528,0.6417988935356099,0.4823438744277924,0.02832347108666515,0.030850434980351296,0.33766446853664583,0.12520368206074248,0.18907894488038768,0.6272304627236174,0.5243171813464129,0.5756612558558137,0.6417679408566991,0.3251991110858102,0.14928594269609724,0.46721345956420585,0.5177100230548507,0.46283751347336577,0.4504299162598031,0.46219149596713094,0.4876966070698921,1376.4760100437395,1397.84360726557
Alberto Berasategui,19980128-M-Australian_Open-QF-Marcelo_Rios-Alberto_Berasategui,0.8395986433013001,0.714171015656363,0.5965909090909091,0.0,0.012507066139061617,0.37850361663652804,0.18389724310776942,0.22330827067669173,0.6880952380952381,0.7,0.7015957446808511,0.8079787234042553,0.43229166666666663,0.24479166666666666,0.5394736842105263,0.7380952380952381,0.5,0.4578313253012048,0.40425531914893614,0.46938775510204084,1501.207932113394,1500.0
Alberto Mancini,19910519-M-Rome_Masters-F-Emilio_Sanchez-Alberto_Mancini,0.5855590468709087,0.704449961802903,0.57627765064836,0.03620057606703325,0.012503273108143493,0.4247901731071866,0.15295565857363608,0.19040884209423536,0.6,0.4642857142857143,0.6793750000000001,0.5925,0.36363636363636365,0.23863636363636365,0.4460431654676259,0.5901639344262295,0.627906976744186,0.5503875968992248,0.5245901639344263,0.4675324675324675,1497.5163767803117,1496.7490422804017
Alberto Martin,20040423-M-Monte_Carlo_Masters-QF-Marat_Safin-Alberto_Martin,,,,,,,,,,,,,,,,,,,,,1500.0,1500.0
Alejandro Davidovich Fokina,20251029-M-Paris_Masters-R32-Alejandro_Davidovich_Fokina-Arthur_Cazaux,0.6607323765145761,0.641417518730532,0.4873500382381266,0.0369246914045755,0.02892036664067977,0.3768873643516985,0.1655475183975527,0.21628027869853686,0.4980115356828763,0.5603571655128243,0.5860475210991304,0.6399157349221064,0.36731846613174834,0.1688093457892979,0.47841747179564303,0.5164492172726144,0.5457189905561194,0.4519750194239204,0.4846656424994343,0.5188758714536529,1401.9009968394366,1410.6207454620412
Alejandro Falla,20150928-M-Pereira_CH-R16-Marcelo_Arevalo-Alejandro_Falla,0.6334380017921852,0.6639988189919172,0.4441669007396707,0.05558299202876086,0.013285088687978378,0.2558996832803826,0.1112850014129043,0.15564565592317184,0.4260348583877996,0.4547827172827173,0.6075317513192263,0.6321552827215718,0.24844180873592636,0.1854708472355531,,,,0.4336512480139864,0.397423394310116,0.4402136746422951,1448.8240656107132,1491.6851986064903
Alejandro Gonzalez,20151019-M-Santiago_CH-R32-Alejandro_Gonzalez-Carlos_Eduardo_Severino,0.49230769230769234,0.6875,0.5454545454545454,0.09230769230769231,0.07692307692307693,0.3050847457627119,0.14516129032258066,0.33064516129032256,0.3888888888888889,0.5,0.5925925925925926,0.6296296296296297,0.13636363636363635,0.45454545454545453,0.46511627906976744,0.5294117647058824,0.42857142857142855,,,,1516.0,1500.0
Alejandro Lopez Escribano,20250610-M-ITF_Martos-Q2-Preston_Stearns-Alejandro_Lopez_Escribano,,,,,,,,,,,,,,,,,,,,,1500.0,1500.0
Alejandro Moro Canas,20240702-M-Wimbledon-R128-Alejandro_Moro_Canas-Jacob_Fearnley,0.7532467532467533,0.6551724137931034,0.3684210526315789,0.03896103896103896,0.012987012987012988,0.47368421052631576,0.15671641791044777,0.1865671641791045,0.5714285714285714,0.625,0.5641025641025641,0.7435897435897436,0.5789473684210527,0.10526315789473684,0.6545454545454545,0.5238095238095238,0.3783783783783784,,,,1514.292427129088,1500.0
Alejandro Tabilo,20260308-M-Indian_Wells_Masters-R64-Alejandro_Tabilo-Daniil_Medvedev,0.65372459090172,0.7167424321925235,0.508611860677174,0.06536253619163589,0.02732100718419227,0.34893801243384504,0.17873812468727246,0.1706685421468245,0.47099614791334987,0.6374585731728588,0.6446695149761026,0.684816307306216,0.32533561485839185,0.15838270193582316,0.5012516432165406,0.4921379802082669,0.46488339672599044,0.5078113411241244,0.539318143997947,0.5301290155856511,1644.7942766521292,1566.809003812086
Aleksandar Kovacevic,20260309-M-Indian_Wells_Masters-R32-Aleksandar_Kovacevic-Novak_Djokovic,0.5896982450704564,0.7655370054397695,0.4900190384206064,0.11767646674047065,0.04010025103326719,0.32303054042070256,0.17459228775193283,0.19362430906338732,0.3982809579324762,0.7332152695789059,0.6840313640031314,0.6426215165571462,0.3059644925651156,0.18514415900528317,0.5100768527078618,0.44274470899470897,0.48577700077700076,0.5033109358262733,0.4978872169022648,0.4668114202997924,1602.3531001453937,1601.0455694982954
Aleksandar Vukic,20250928-M-Tokyo-QF-Casper_Ruud-Aleksandar_Vukic,0.5938601462735551,0.7275258876132819,0.47349880700719144,0.11712762082293598,0.019637818208620227,0.30844208866074124,0.18640000215552827,0.18798654534640657,0.4697998522036431,0.5951394759087066,0.6117229990539307,0.5863394794881669,0.28553304795008305,0.18693409556166735,0.48801316946355155,0.44863294600136705,0.4506635647869869,0.49079939735762695,0.4512987012987013,0.5220089806027306,1492.532887477401,1509.8025143987138
Aleksandr Nedovyesov,20170921-M-Izmir_CH-R16-Aleksandr_Nedovyesov-Karim_Mohamed_Maamoun,0.7,0.7678571428571429,0.5833333333333334,0.05,0.025,0.2638888888888889,0.1118421052631579,0.19736842105263158,0.47058823529411764,0.3333333333333333,0.6666666666666666,0.7407407407407407,0.2222222222222222,0.16666666666666666,0.5346534653465347,0.38235294117647056,0.5294117647058824,,,,1516.2030207615664,1500.0
Aleksandre Metreveli,20220103-M-ATP_Cup-RR-Hubert_Hurkacz-Aleksandre_Metreveli,,,,,,,,,,,,,,,,,,,,,1500.0,1500.0
Alessandro Giannessi,20240110-M-Australian_Open-Q1-John_Millman-Alessandro_Giannessi,0.6460176991150443,0.6438356164383562,0.55,0.0,0.035398230088495575,0.4090909090909091,0.23318385650224216,0.20179372197309417,0.8846153846153846,0.7,0.5869565217391305,0.717391304347826,0.3953488372093023,0.2558139534883721,0.5348837209302325,0.5094339622641509,0.4880952380952381,,,,1515.3392222397163,1500.0
Alex Barrena,20260124-M-Itajai_CH-SF-Thiago_Seyboth_Wild-Alex_Barrena,0.7058823529411765,0.5833333333333334,0.6,0.0196078431372549,0.0196078431372549,0.18181818181818182,0.06315789473684211,0.11578947368421053,0.8333333333333334,0.5714285714285714,0.5217391304347826,0.6521739130434783,0.0,0.3,,,,0.42857142857142855,0.34782608695652173,0.375,1484.0,1484.0
Alex Bogdanovic,20040621-M-Wimbledon-R128-Roger_Federer-Alex_Bogdanovic,,,,,,,,,,,,,,,,,,,,,1500.0,1500.0
Alex Bogomolov Jr,20040120-M-Australian_Open-R128-Roger_Federer-Alex_Bogomolov_Jr,,,,,,,,,,,,,,,,,,,,,1500.0,1500.0
Alex Bolt,20210929-M-San_Diego-R32-Alex_Bolt-Hubert_Hurkacz,0.5517786561264821,0.7734375,0.43478260869565216,0.09614624505928854,0.029940711462450594,0.3263784461152882,0.19973537681239317,0.22016097910579413,0.5097222222222222,0.7008547008547008,0.6237837837837839,0.5632432432432433,0.4464285714285714,0.08333333333333333,0.4789719626168224,0.47,0.5311398354876615,,,,1529.3708246993835,1531.5202291256974
Alex Corretja,20020507-M-Rome_Masters-R64-Alex_Corretja-Giorgio_Galimberti,0.5370165381405513,0.6787499284569285,0.49208334400718073,0.04723238713134488,0.03225295963996981,0.3831063060122125,0.14900456141067026,0.1729009553849053,0.4868679203656384,0.5948589618442559,0.5844053320646225,0.5622046318603878,0.3876104146879518,0.11200736245406566,0.497738943795771,0.482567952210622,0.5229235132431749,0.47999454414865445,0.44134180080482893,0.5134698695024782,1601.3006802357615,1561.4052724414998
Alex De Minaur,20260424-M-Madrid_Masters-R64-Rafael_Jodar-Alex_De_Minaur,0.5867541931458555,0.7079828622512422,0.5226719655043656,0.045547558827911505,0.03198170810072913,0.3845737359067571,0.140184987873355,0.16995959627260102,0.49417345298509646,0.5719877451608221,0.6346483872770041,0.5832001516233343,0.3748341096872928,0.14484677299985715,0.5076598734706677,0.504679337661368,0.5154417967985311,0.4912716352865499,0.5027126124595936,0.5377224606742943,1380.5391131533636,1384.022724383414
Alex Kuznetsov,20141111-M-Champaign_CH-R32-Jared_Donaldson-Alex_Kuznetsov,,,,,,,,,,,,,,,,,,,,,1500.0,1500.0
Alex Marti Pujolras,20241127-M-Maia_CH-R32-Pedro_Araujo-Alex_Marti_Pujolras,,,,,,,,,,,,,,,,,,,,,1500.0,1500.0
Alex Michelsen,20260110-M-Brisbane-SF-Alex_Michelsen-Daniil_Medvedev,0.6619326617637452,0.7249875716796483,0.4977502094489449,0.06539558170630101,0.0323231126113978,0.39384318839460536,0.17163217263625904,0.1442568274250378,0.43435698258672295,0.5641079158936302,0.6364185179646369,0.6380876411987804,0.3942340286241841,0.10602125554810561,0.5131751322191049,0.531010955805489,0.5319371522729398,0.582089552238806,0.7647058823529411,0.8,1685.5701982703322,1641.122123394028
Alex Molcan,20260403-M-Bucharest-QF-Alex_Molcan-Mariano_Navone,0.6675827338330045,0.6539781982009855,0.512179689730627,0.0487270278653695,0.036981151280783234,0.32051991762180276,0.13249588365947154,0.2036157483039999,0.5229940786651313,0.5755753968253968,0.6349880756640252,0.6880700865215488,0.28260282218232574,0.1706222632330923,0.4702108910634913,0.44763695777681933,0.48551205847786033,0.4663403369403611,0.4219494734200616,0.4932833652345847,1536.6237214428857,1526.336966522713
Alex Radulescu,19960704-M-Wimbledon-QF-Alex_Radulescu-Malivai_Washington,,,,,,,,,,,,,,,,,,,,,1500.0,1500.0
Alexander Blockx,20260409-M-Monte_Carlo_Masters-R16-Alexander_Blockx-Alex_De_Minaur,0.6903638814016172,0.7401195295932138,0.39166666666666666,0.111803683737646,0.02166941199960068,0.31459727628275136,0.17607201309328968,0.20773595199127115,0.5048556534624646,0.5047619047619047,0.5875661375661375,0.6616402116402117,0.30926779313876085,0.23860727086533537,0.4915254237288136,0.38095238095238093,0.25,0.530640243902439,0.5275193798449612,0.45634920634920634,1486.0292043634383,1500.0
Alexander Bublik,20260410-M-Monte_Carlo_Masters-QF-Alexander_Bublik-Carlos_Alcaraz,0.6075774123937442,0.7496140080570176,0.4558387782490889,0.14243228742533143,0.0830596383661799,0.3260106203892182,0.22463716800109748,0.20671790746063878,0.34852435941580756,0.6159789427978282,0.6411608060448752,0.6073665522790533,0.31240815762325735,0.19738372354854852,0.5160881622663929,0.48441807793728886,0.4798093968590576,0.4774793431491526,0.4375795638086937,0.44653096244691004,1533.6961242791908,1563.2063772344263
Alexander Cozbinov,20200103-M-ATP_Cup-RR-Steve_Darcis-Alexander_Cozbinov,,,,,,,,,,,,,,,,,,,,,1500.0,1500.0
Alexander Popp,20030629-M-Wimbledon-QF-Mark_Philippoussis-Alexander_Popp,,,,,,,,,,,,,,,,,,,,,1500.0,1500.0
Alexander Ritschard,20211017-M-Ercolano_CH-F-Alexander_Ritschard-Tallon_Griekspoor,,,,,,,,,,,,,,,,,,,,,1500.0,1500.0
Alexander Shevchenko,20260121-M-Australian_Open-R64-Alexander_Shevchenko-Learner_Tien,0.6146411105978814,0.6176216380502123,0.46146338873674636,0.038074167293561716,0.026289347313598773,0.321581250468403,0.16377172323289854,0.19746261450585129,0.39290585435258774,0.5276246089842581,0.5636144172896327,0.6154411077724132,0.30804246574435545,0.16236085761326588,0.45639399368161504,0.4271969461606944,0.4210693739802746,0.43761977755823767,0.454889381158662,0.467473409168119,1479.5613386360292,1516.0843547959591
Alexander Vasilenko,20120820-M-Finland_F3-SF-Vladimir_Ivanov-Alexander_Vasilenko,,,,,,,,,,,,,,,,,,,,,1500.0,1500.0
Alexander Volkov,19960718-M-Stuttgart_Outdoor-R16-Stefan_Edberg-Alexander_Volkov,0.46640874478015226,0.7085240274599542,0.4659041394335512,0.06607713092606239,0.08063129452223042,0.309661139149243,0.14061808934099956,0.17847007223942207,0.2946236559139785,0.699134199134199,0.6225251076040172,0.4842180774748924,0.2916666666666667,0.11904761904761904,,,,0.46222728752849235,0.36574952561669827,0.5384615384615384,1470.724071907782,1500.0
Alexander Waske,20021024-M-Basel-R16-Roger_Federer-Alexander_Waske,,,,,,,,,,,,,,,,,,,,,1500.0,1500.0
Alexander Zverev,20260503-M-Madrid_Masters-F-Jannik_Sinner-Alexander_Zverev,0.6913983048814324,0.7459108943684116,0.5080586894034682,0.10925060749686502,0.041210527237385094,0.3580119455424541,0.19098423583563892,0.17170463891620805,0.3755738087430933,0.5818794096892836,0.6812466367367068,0.7038091937870816,0.34761225534366724,0.15452696629363316,0.5293691713859129,0.4981254626391769,0.4847686312400983,0.5119923698206409,0.5209916216887718,0.4974925750719677,1464.9771733318412,1416.9023002846204
Alexandr Binda,20260406-M-Wuning_CH-R32-Alexandr_Binda-Kaichi_Uchida,,,,,,,,,,,,,,,,,,,,,1500.0,1500.0
Alexandr Dolgopolov,20180514-M-Rome_Masters-R64-Alexandr_Dolgopolov-Novak_Djokovic,0.5504088465558457,0.7273435933528779,0.49851986683752947,0.08257971507394386,0.03488093161120264,0.33303372300468026,0.1769840338040797,0.20158137828635778,0.4425548471411015,0.5970508124354278,0.6195298296623748,0.5518196236296292,0.3180889549453095,0.1640600697417001,0.4399813495780403,0.4679442751793295,0.4959002488444523,0.49107006241740664,0.49802815200690587,0.5068698264791077,1438.3958444032,1484.0021541735166
Alexandre Muller,20251106-M-Athens-QF-Alexandre_Muller-Lorenzo_Musetti,0.6056157759885706,0.6225312711476952,0.45895384984380033,0.04450799854438799,0.032364969384872135,0.2986160304272187,0.1466228914555002,0.19574151116353314,0.37355706820273005,0.5297915818749152,0.5470596567577127,0.5868114833249701,0.2782362126492451,0.22368457351976623,0.45733112238264045,0.36170956110815927,0.4109420496950946,0.4716771501419689,0.41039393939393937,0.42562933869199854,1553.7325038704794,1548.942300234028
Alexandre Penaud,20120820-M-Finland_F3-SF-Markus_Eriksson-Alexandre_Penaud,,,,,,,,,,,,,,,,,,,,,1500.0,1500.0
Alexei Popyrin,20260216-M-Doha-R32-Mubarak_Shannan_Zayid-Alexei_Popyrin,0.618770168665133,0.7409357014424635,0.4694691206562619,0.10878715273286921,0.045559492994202755,0.32876091976190347,0.20006502493200376,0.18222036680301218,0.4786490437566266,0.5580672273854093,0.6384461789863012,0.6413428223582072,0.3330098035819513,0.15311337811803316,0.5199707231869162,0.48654065571358807,0.45053988695629565,0.4791217293246314,0.443292763263119,0.47644307560396515,1390.5691572105677,1438.9326480953634
Alexey Vatutin,20160729-M-Scheveningen_CH-QF-Alexey_Vatutin-Robin_Haase,,,,,,,,,,,,,,,,,,,,,1500.0,1500.0
Alexis Galarneau,20241029-M-Charlottesville_CH-R32-Alexis_Galarneau-Naoki_Nakagawa,0.5615802346308503,0.7224111866969011,0.5525690525690526,0.044732057727953765,0.04185987291322449,0.4650726779995073,0.11998944956237463,0.1523420277650737,0.5236956026429711,0.6904761904761904,0.63796768707483,0.5926870748299319,0.5007936507936508,0.12784391534391534,0.5549201694362985,0.4765829408686552,0.6265185640185641,,,,1542.7444816596844,1535.4604163636902
Aljaz Bedene,20191025-M-Vienna-QF-Gael_Monfils-Aljaz_Bedene,0.54854599547112,0.6780446602676069,0.46980506554468754,0.07835913172479413,0.041395232772067775,0.3629700084009544,0.13285522181404136,0.20830924934550604,0.5370412532525808,0.5832996415349356,0.5748437494494192,0.5201050230385758,0.35301467649769186,0.16565710676351353,0.49609958443530916,0.4935940615973767,0.47204957687067106,0.4958272971587091,0.40803774681334826,0.4852540235683096,1502.6796892865143,1427.782549465128
Altug Celikbilek,20170915-M-Istanbul_CH-QF-Altug_Celikbilek-Karim_Mohamed_Maamoun,,,,,,,,,,,,,,,,,,,,,1500.0,1500.0
Alvaro Guillen Meza,20250404-M-Campinas_CH-QF-Alvaro_Guillen_Meza-Juan_Carlos_Prado_Angelo,0.6808334254448989,0.6739287433798749,0.4642857142857143,0.015198408312147674,0.0438819498176191,0.40708760568447566,0.1394867344408629,0.19960327299776842,0.7337164750957854,0.6071428571428572,0.6039807824296499,0.6582017844886754,0.36454545454545456,0.19681818181818184,0.5256044768239889,0.44033101045296164,0.5208572522005358,,,,1527.3281120636977,1528.889172939779
Amir Weintraub,20140515-M-Busan_CH-R16-Amir_Weintraub-Daniel_Smethurst,,,,,,,,,,,,,,,,,,,,,1500.0,1500.0
Amos Mansdorf,19920223-M-Philadelphia-F-Pete_Sampras-Amos_Mansdorf,,,,,,,,,,,,,,,,,,,,,1500.0,1500.0
Anders Jarryd,19850705-M-Wimbledon-SF-Anders_Jarryd-Boris_Becker,,,,,,,,,,,,,,,,,,,,,1500.0,1500.0
Andre Agassi,20060831-M-US_Open-R64-Marcos_Baghdatis-Andre_Agassi,0.6313536122276597,0.7085503239108173,0.5512839885162621,0.05399754582134039,0.027520831779342423,0.3905952663780672,0.15546370237479912,0.14907812541864365,0.4765870824879037,0.5872371010034653,0.6545487079190181,0.59960035682644,0.3910175478748523,0.12600019502681087,0.5044345846803918,0.5376036588013187,0.564814370519452,0.49934407419570087,0.53300645020775,0.5611146195749358,1348.6062155384986,1354.1751141956095
Andrea Arnaboldi,20190701-M-Wimbledon-R128-Andrea_Arnaboldi-Ivo_Karlovic,,,,,,,,,,,,,,,,,,,,,1500.0,1500.0
Andrea Collarini,20190814-M-Cordenons_CH-R16-Aleksandar_Vukic-Andrea_Collarini,,,,,,,,,,,,,,,,,,,,,1500.0,1500.0
Andrea Gaudenzi,19980802-M-Kitzbuhel-SF-Andrea_Gaudenzi-Francisco_Clavet,0.6485054527793722,0.6792575428788603,0.6680672268907563,0.010101010101010102,0.008526253305272248,0.442876526458616,0.13189954699388662,0.11295282285848324,0.6821895424836603,0.45,0.6679012345679012,0.7024691358024691,0.42155251141552513,0.13949771689497717,,,,0.4758672699849171,0.605167187648006,0.5553829930016297,1455.1815037700146,1452.3587905271875
Andrea Pellegrino,20250716-M-Bastad-R16-Andrea_Pellegrino-Tallon_Griekspoor,0.7659574468085106,0.5277777777777778,0.36363636363636365,0.0,0.02127659574468085,0.3050847457627119,0.05660377358490566,0.2358490566037736,0.5,0.2,0.5333333333333333,0.6,0.4230769230769231,0.11538461538461539,,,,0.3333333333333333,0.46153846153846156,0.47058823529411764,1481.6470424521096,1483.4157303720458
Andrea Vavassori,20250206-M-Rotterdam-R16-Andrea_Vavassori-Carlos_Alcaraz,0.676272766945524,0.6372877445551863,0.4746031746031746,0.07270940571077256,0.024590428276573786,0.32203022420413724,0.15167255117820605,0.16138188721965638,0.5910275689223058,0.475,0.6206079427818558,0.6335723696593262,0.3197802197802198,0.15893772893772892,0.5092536905412793,0.4961760461760462,0.298651476400837,0.43719713122698195,0.4422222222222222,0.37433155080213903,1497.3151872154992,1497.1221399600195
Andreas Haider Maurer,20170819-M-Meerbusch_CH-SF-Andreas_Haider_Maurer-Karim_Mohamed_Maamoun,0.519983729596389,0.7272122614227877,0.4830672268907563,0.06439405867842335,0.06389085708287409,0.2526384902835441,0.13191693246041072,0.1712384266732093,0.464500442086649,0.7395833333333333,0.7194310718017615,0.5531096059113301,0.17909356725146197,0.16520467836257308,0.45491199825240586,0.43788134692141595,0.4331932773109244,,,,1550.6843274845382,1500.0
Andreas Seppi,20210831-M-US_Open-R128-Andreas_Seppi-Marton_Fucsovics,0.5868372101277551,0.6645068445381282,0.5003971165662594,0.04474130058411442,0.028460518563913503,0.3322006340967499,0.12953279077569368,0.20102785242941565,0.5509821162341683,0.5160573993907327,0.5855149178670517,0.5864595749266125,0.30275388040977974,0.1609884249072142,0.4642517100581617,0.393766081871345,0.3850028296547821,0.45020309608840453,0.49024627049008557,0.5034421195352444,1341.753907289685,1370.9833790121322
Andreas Vinciguerra,20011103-M-Paris_Masters-SF-Yevgeny_Kafelnikov-Andreas_Vinciguerra,,,,,,,,,,,,,,,,,,,,,1500.0,1500.0
Andrei Cherkasov,19910602-M-Roland_Garros-R16-Andrei_Cherkasov-Stefan_Edberg,0.6136468952734013,0.5571428571428572,0.424483306836248,0.02768767377201112,0.03006255792400371,0.38606165293648687,0.12922077922077924,0.19696969696969696,0.48412698412698413,0.5192307692307692,0.5795454545454546,0.5757575757575757,0.424812030075188,0.07518796992481203,0.484375,0.34146341463414637,0.2857142857142857,0.45714285714285713,0.509090909090909,0.64,1505.944120384007,1486.628513234983
Andrei Chesnokov,19951201-M-Davis_Cup_World_Group_F-RR-Pete_Sampras-Andrei_Chesnokov,0.6189171647739724,0.6203916185677553,0.5302953237018917,0.028611631299630243,0.014590830481605033,0.41972436294170146,0.1297799068349758,0.14813649354966932,0.4191767502423417,0.6218939393939393,0.5936559978949322,0.6372041217325186,0.4278014337028385,0.10677962556756954,0.5281958872164512,0.47362900809109976,0.46097883597883593,0.5252203953493734,0.5372646654888248,0.4606696062946063,1423.4871139744478,1468.3309758451046
Andrei Medvedev,20000314-M-Indian_Wells_Masters-R64-Pete_Sampras-Andrei_Medvedev,0.5976685509676302,0.6874917601419698,0.496640306122449,0.051885302825334045,0.033902141512524166,0.3621089320191517,0.15550970892603475,0.18738072728868577,0.5092237501061031,0.35754245754245756,0.6041907673359286,0.5792598156469124,0.35834283183922316,0.16335579995162994,0.536464128324211,0.49387254901960786,0.5638480529682415,0.4667773359978187,0.4534245222360327,0.3786108503181674,1452.8984376834444,1460.334583187044
Andrei Pavel,20060828-M-US_Open-R128-Andre_Agassi-Andrei_Pavel,0.6099977697025367,0.6644673071735496,0.4999786509811033,0.04390681762885442,0.036892148395606644,0.3299975353880675,0.1606362007986837,0.13986264705300894,0.47303512131612196,0.4276785714285714,0.5572741141391027,0.6117678088501887,0.3169413986354776,0.11329678362573099,0.41346153846153844,0.5384615384615384,0.7142857142857143,0.4570091815821629,0.4595195829185977,0.5676988516709771,1425.0143367726812,1424.605109926065
Andrei Stoliarov,20030101-M-Doha-R32-Roger_Federer-Andrei_Stoliarov,,,,,,,,,,,,,,,,,,,,,1500.0,1500.0
Andrej Martin,20250217-M-Brazzaville_CH-R32-Nicholas_Alan_Van_Aken-Andrej_Martin,0.6139455782312925,0.4940340909090909,0.4164244186046512,0.015306122448979591,0.02040816326530612,0.36877828054298645,0.09057377049180329,0.19887978142076504,0.4541666666666667,0.4857142857142857,0.5298245614035088,0.6461988304093567,0.35984848484848486,0.21401515151515152,0.45454545454545453,0.3235294117647059,0.4090909090909091,0.4166666666666667,0.4473684210526316,0.4594594594594595,1497.0729411424775,1518.0590386277856
Andres Artunedo,20120806-M-Finland_F1-SF-Andres_Artunedo-Vladimir_Ivanov,,,,,,,,,,,,,,,,,,,,,1500.0,1500.0
Andres Gomez,19900811-M-Cincinnati_Masters-SF-Andres_Gomez-Stefan_Edberg,0.5626392646705146,0.7244778015046675,0.4869717228430157,0.07725386303511304,0.025729843073593075,0.3838220530715761,0.1928440347602477,0.21296274239155868,0.4836979055977954,0.5558318874108348,0.62157716734338,0.5505133831260661,0.3655461484706768,0.23631785478855985,0.5653052077822841,0.42945685721953836,0.46899896435878646,0.5421972052874714,0.47338772338772345,0.47800538833147527,1494.3501332344997,1484.4197007294872
Andrew Castle,19870903-M-US_Open-R32-Andrew_Castle-Boris_Becker,,,,,,,,,,,,,,,,,,,,,1500.0,1500.0
Andrew Foster,19930628-M-Wimbledon-R16-Pete_Sampras-Andrew_Foster,,,,,,,,,,,,,,,,,,,,,1500.0,1500.0
Andrew Harris,20190210-M-Chennai_CH-F-Andrew_Harris-Corentin_Moutet,,,,,,,,,,,,,,,,,,,,,1500.0,1500.0
Andrey Golubev,20150522-M-Scheveningen-R32-Aleksandr_Nedovyesov-Andrey_Golubev,0.5741975784024301,0.6293399949313928,0.5224828934506354,0.05049244855174775,0.033228083686304706,0.29765632284513743,0.16122685185185184,0.23221153846153844,0.683150183150183,0.5694444444444444,0.5464975845410628,0.5205314009661836,0.22036685641998735,0.18115117014547755,0.5100959616153539,0.4653679653679653,0.5135483870967742,0.2978723404255319,0.43478260869565216,0.4,1504.4087764457063,1516.7626693980483
Andrey Kuznetsov,20160312-M-Indian_Wells_Masters-R64-Jeremy_Chardy-Andrey_Kuznetsov,0.5614317728826512,0.7147186147186148,0.5566666666666666,0.06813417190775681,0.025993741673637574,0.3245640365923385,0.187273964034584,0.17234272944094306,0.47075163398692804,0.611111111111111,0.6895104895104894,0.48616938616938615,0.3436363636363636,0.14242424242424243,0.453781512605042,0.4444444444444444,0.3333333333333333,0.4305066854327938,0.5261904761904762,0.6574074074074074,1478.9955080616678,1500.133031997622
Andrey Rublev,20260419-M-Barcelona-F-Arthur_Fils-Andrey_Rublev,0.6259018699408613,0.7669819132028646,0.518447845287787,0.10547299110385838,0.02705156491271402,0.3733794399154112,0.21395535893269976,0.15331461812376576,0.44419764834904574,0.6084434142790356,0.6714181924380455,0.6208876558944776,0.3620103245716926,0.13285640466170956,0.5041231442464233,0.5426415951467858,0.5598644086049144,0.503441416351457,0.5505470644255911,0.535992314927461,1605.3125902055942,1507.7782335807503
Andy Murray,20240526-M-Roland_Garros-R128-Andy_Murray-Stan_Wawrinka,0.5916023740496905,0.732016909210253,0.510056422579579,0.0844714619451968,0.03183284047835465,0.3871025777822236,0.15765129708892592,0.165642979203054,0.42530342654520026,0.6044803340252193,0.6521791811018216,0.5790986013832236,0.3831208936166824,0.1409753195309613,0.5282066337150949,0.5068411544205169,0.4941226944653825,0.5153320783871496,0.511867416863341,0.5118833423125733,1760.9450217058795,1633.3928319364593
Andy Roddick,20120905-M-US_Open-R16-Andy_Roddick-Juan_Martin_Del_Potro,0.64326629288105,0.7617632449793458,0.5224671941986745,0.15132342656052372,0.025441103639530054,0.3220403067880297,0.1697307116157266,0.14052418181223514,0.35803783171782727,0.5862012859719282,0.6811939887033788,0.6356905421946044,0.305900344459317,0.130941938441357,0.537568361365955,0.46694250127857323,0.46045392966097826,0.5060532088373192,0.447318846007096,0.4266675891361486,1609.8467738942027,1631.838446102041
Ante Pavic,20140721-M-Umag-R32-Ante_Pavic-Horacio_Zeballos,,,,,,,,,,,,,,,,,,,,,1500.0,1500.0
Antoine Bellier,20231105-M-Ismaning_CH-F-Antoine_Bellier-Maximilian_Marterer,,,,,,,,,,,,,,,,,,,,,1500.0,1500.0
Antoine Escoffier,20221016-M-Ortisei_CH-R16-Antoine_Escoffier-Mattia_Bellucci,0.6911764705882353,0.7021276595744681,0.47619047619047616,0.17647058823529413,0.04411764705882353,0.2698412698412698,0.22137404580152673,0.16793893129770993,0.20689655172413793,0.625,0.6521739130434783,0.6956521739130435,0.3157894736842105,0.3157894736842105,0.47191011235955055,0.4,0.5,,,,1516.736306793522,1516.0
Antoine Hoang,20190127-M-Rennes_CH-F-Antoine_Hoang-Ricardas_Berankis,,,,,,,,,,,,,,,,,,,,,1500.0,1500.0
Antonio Veic,20150824-M-Manerbio_CH-R32-Antonio_Veic-Andrey_Kuznetsov,,,,,,,,,,,,,,,,,,,,,1500.0,1500.0
Aristotelis Thanos,20220101-M-ATP_Cup-RR-Aristotelis_Thanos-Hubert_Hurkacz,,,,,,,,,,,,,,,,,,,,,1500.0,1500.0
Arklon Huertas Del Pino,20220622-M-Buenos_Aires_CH-R16-Conner_Huertas_Del_Pino-Arklon_Huertas_Del_Pino,,,,,,,,,,,,,,,,,,,,,1500.0,1500.0
Arnaud Boetsch,19960327-M-Miami_Masters-R16-Arnaud_Boetsch-Stefan_Edberg,0.5638864241348713,0.7285115303983228,0.5368421052631579,0.06388642413487133,0.0370452528837622,0.2961111111111111,0.17848484848484847,0.19843434343434344,0.500801282051282,0.2857142857142857,0.6904761904761905,0.5345238095238095,0.2042042042042042,0.21846846846846846,0.53,0.45614035087719296,0.5121951219512195,0.3787878787878788,0.47058823529411764,0.5294117647058824,1497.2406251162151,1497.0941749958379
Arnaud Clement,20060806-M-Washington-F-Arnaud_Clement-Andy_Murray,0.5515099654741694,0.6628473787391105,0.4624433084565576,0.041864382456136544,0.04783398854477139,0.370575880301377,0.1504268827901507,0.19037628550818136,0.4748543463404783,0.6069734137915955,0.5961917958251004,0.5223680268913472,0.3429537981022399,0.15652881335068317,0.48926614073758945,0.43865833098735396,0.49008946401883635,0.4739433360418852,0.45484937874318404,0.5160421821609521,1575.3851176014641,1560.4319466491836
Arnaud Di Pasquale,20000923-M-Olympics-BR-Arnaud_Di_Pasquale-Roger_Federer,,,,,,,,,,,,,,,,,,,,,1500.0,1500.0
Arthur Ashe,19790114-M-Masters-F-Arthur_Ashe-John_Mcenroe,0.5929679802955665,0.7372857932559426,0.4956228956228956,0.05402709359605912,0.03960591133004926,0.32477502553290344,0.1863471524758433,0.20662435400487197,0.4113984674329502,0.5690476190476191,0.6930394167236272,0.6357598541809067,0.28073870573870574,0.25607448107448105,0.4906832298136646,0.4186046511627907,0.6,0.48891837053223036,0.46568627450980393,0.5,1484.665601416781,1500.0
Arthur Cazaux,20251029-M-Paris_Masters-R32-Alejandro_Davidovich_Fokina-Arthur_Cazaux,0.6032113718277239,0.7167161393258709,0.47513154377063904,0.11995916722149393,0.020922269636331745,0.3047966926281361,0.1785957678530804,0.1797927751723468,0.4095837013814153,0.5784632034632035,0.6476746604877277,0.5949328409038027,0.2687851466299107,0.18539242734648473,0.4743200475935884,0.45540422383642726,0.46325038764972487,0.5027964417423373,0.43142177629134154,0.35190283400809713,1536.2430425668144,1568.717054185852
Arthur Fery,20260319-M-Miami_Masters-R128-Stefanos_Tsitsipas-Arthur_Fery,0.6051763071043946,0.62926944971537,0.5914158305462653,0.04116727462219906,0.013157894736842105,0.35850018539117534,0.13735919899874843,0.12727963525835867,0.5005952380952381,0.5833333333333333,0.6385237613751265,0.5414560161779576,0.3606060606060606,0.09393939393939393,0.4838709677419355,0.38095238095238093,0.36363636363636365,0.5059523809523809,0.6326530612244898,0.47619047619047616,1486.7353393419753,1500.0
Arthur Fils,20260501-M-Madrid_Masters-SF-Arthur_Fils-Jannik_Sinner,0.6219889834896726,0.7407937266005221,0.5322786397583915,0.0760448529809763,0.037620662091094124,0.3578591593919303,0.2237490311626411,0.20983427754393227,0.4044104582275907,0.613212846691707,0.6731986223285518,0.6196706143558897,0.3614836240475242,0.1684393016206432,0.49178716941030876,0.5070198718068858,0.5078130617685966,0.5135075836389217,0.5572058179782122,0.5288202055511017,1560.8936806964987,1533.6048138715676
Arthur Rinderknech,20260415-M-Munich-R16-Joao_Fonseca-Arthur_Rinderknech,0.6410293005088951,0.743603086627149,0.45124802902962136,0.11822566185966725,0.029714492115777317,0.2616017332095361,0.20084792267451282,0.18597846057474868,0.44916227324999947,0.5810039167182024,0.6381797019766146,0.629923094562058,0.2903059043076319,0.17713147187022243,0.5125080021613131,0.4174117705250488,0.3743715348978507,0.46396121774926086,0.4224837616328237,0.3840563371813372,1417.7745627932372,1456.4374544904056
Aslan Karatsev,20230828-M-US_Open-R128-Jiri_Lehecka-Aslan_Karatsev,0.5813903918173327,0.7098835022216919,0.5065133000009765,0.059817854273515686,0.05221235396108545,0.3446981864440065,0.19244658362677222,0.2419295121921784,0.444805545794603,0.5576712390606914,0.6264378180429135,0.6107034317595669,0.3218623821638612,0.20840119682473415,0.47081456406178834,0.5273981218396344,0.5857508044499915,0.44994979892658205,0.4890504821654277,0.5626855184336683,1467.9967294474525,1443.294915138346
Attila Balazs,20230829-M-US_Open-R128-Attila_Balazs-Daniil_Medvedev,0.5918925055547447,0.6660173160173161,0.5722585330428468,0.03876833336036372,0.04760727009303859,0.32523164647184605,0.09976685747939217,0.16823694431462868,0.4691919191919192,0.7307692307692308,0.5986582219094534,0.5257424349049965,0.2674578603371173,0.19098727210182317,0.5608294930875577,0.38800904977375567,0.4230769230769231,0.5063291139240507,0.11764705882352941,0.5185185185185185,1527.1924321650283,1506.5210088987415
Axel Michon,20170216-M-Cherbourg_CH-R16-Axel_Michon-Peter_Gojowczyk,,,,,,,,,,,,,,,,,,,,,1500.0,1500.0
Balazs Taroczy,19760611-M-Roland_Garros-QF-Raul_Ramirez-Balazs_Taroczy,,,,,,,,,,,,,,,,,,,,,1500.0,1500.0
Baptiste Crepatte,20190429-M-Puerto_Vallarta_CH-R64-Baptiste_Crepatte-Kevin_King,0.5370370370370371,0.5517241379310345,0.52,0.0,0.018518518518518517,0.3333333333333333,0.15833333333333333,0.125,0.6842105263157895,0.42857142857142855,0.43478260869565216,0.5652173913043478,0.42857142857142855,0.2,0.4788732394366197,0.3548387096774194,0.3333333333333333,,,,1514.251157991844,1500.0
Beibit Zhukayev,20250224-M-Lugano_CH-R32-Mees_Rottgering-Beibit_Zhukayev,,,,,,,,,,,,,,,,,,,,,1500.0,1500.0
Ben Shelton,20260417-M-Munich-QF-Ben_Shelton-Joao_Fonseca,0.654977484225502,0.7333534732390211,0.511940171952241,0.11543345032757374,0.043149889404498154,0.3078492983207522,0.18976472397030728,0.20094976291083902,0.4410630022736252,0.6215707291074939,0.6729805937961431,0.6535141705239945,0.3164741744220122,0.1878800962046181,0.5098541571281677,0.4401954067098825,0.4534512266992572,0.497788868319095,0.4661224478772738,0.43279437362124695,1697.5285149421115,1577.8875511107422
Benjamin Balleret,20060420-M-Monte_Carlo_Masters-R16-Roger_Federer-Benjamin_Balleret,,,,,,,,,,,,,,,,,,,,,1500.0,1500.0
Benjamin Becker,20091110-M-Paris_Masters-R32-Benjamin_Becker-Nikolay_Davydenko,0.5237823556180424,0.6934535104364326,0.541156161845817,0.09946614503739022,0.035142055681208435,0.2833471659603782,0.14347506472198843,0.15792271715159326,0.3737121212121212,0.5476190476190476,0.5933333333333334,0.5428571428571428,0.25615079365079363,0.1367857142857143,0.5733333333333334,0.4090909090909091,0.7692307692307693,0.4794137022397892,0.3540322580645161,0.3078947368421052,1493.2875068917726,1489.4140855474682
Benjamin Bonzi,20250824-M-US_Open-R128-Benjamin_Bonzi-Daniil_Medvedev,0.6096229297886483,0.7214372750253106,0.5485364404264034,0.08471921278633336,0.0292899943895725,0.34065738436348225,0.1680121832982137,0.158801033479024,0.357769401734919,0.5697186147186147,0.6583836555149919,0.6086002944188428,0.3104418618759199,0.1466556267218279,0.5184555315175444,0.45529936461388076,0.5361246612466125,0.4674688057040998,0.53,0.5391774891774892,1532.2212747704164,1523.1679633691795
Benjamin Hassan,20240422-M-Madrid_Masters-Q1-Emilio_Nava-Benjamin_Hassan,,,,,,,,,,,,,,,,,,,,,1500.0,1500.0
Benoit Paire,20220830-M-US_Open-R128-Benoit_Paire-Cameron_Norrie,0.5132255005308728,0.7431367959696098,0.43306195598995956,0.10518930616399697,0.06656746394573616,0.35623376892929537,0.21481836015042055,0.2455150884932518,0.3102711708529641,0.5493924567417651,0.5960353511058041,0.504519492895484,0.3478310909759661,0.22401865901088158,0.4763480308214544,0.45699385487789507,0.46451973825306764,0.475292150352504,0.4933770431932457,0.44022087325506365,1378.514481440569,1368.761484002659
Bernabe Zapata Miralles,20240407-M-Barcelona_CH-F-Bernabe_Zapata_Miralles-Nick_Hardt,0.6885460055481242,0.6438014587376846,0.5022325705656925,0.03768994658825167,0.022952080287885375,0.3591493886121504,0.1374864779873796,0.17887377940788554,0.5751080386387964,0.6288801476301477,0.6390044493470651,0.6616460234592274,0.40155462564818545,0.13408898568001001,0.43349661164677283,0.5012693809446329,0.5396386746031772,0.5119617224880383,0.4807692307692308,0.6216216216216216,1603.2813513946967,1579.491884876385
Bernard Tomic,20251013-M-Almaty-R32-Corentin_Moutet-Bernard_Tomic,0.6598576214569228,0.7171665419378132,0.48868777776112154,0.09660129649759122,0.029329223062153464,0.3241366256936505,0.18287741574317054,0.17963660570357984,0.43087034025931936,0.625665009593581,0.6286461610971907,0.6571569390432087,0.2935475573216787,0.14975954944928913,0.4922483911670672,0.44907498718845035,0.5028503151632598,0.49397722613221906,0.43794792610117095,0.5009295287370154,1519.229443446604,1554.3736426448297
Bernd Karbacher,19960605-M-Roland_Garros-QF-Marc_Rosset-Bernd_Karbacher,,,,,,,,,,,,,,,,,,,,,1500.0,1500.0
Bill Scanlon,19830909-M-US_Open-SF-Jimmy_Connors-Bill_Scanlon,,,,,,,,,,,,,,,,,,,,,1500.0,1500.0
Billy Harris,20250102-M-United_Cup-QF-Hubert_Hurkacz-Billy_Harris,0.6188426590148255,0.6068211068211069,0.44642857142857145,0.046389287422285985,0.08536585365853659,0.24363636363636365,0.11327897495631917,0.25136866627839255,0.5681818181818181,0.5476190476190476,0.5833333333333333,0.5282738095238095,0.1875,0.1875,0.4696969696969697,0.4583333333333333,0.18181818181818182,0.31666666666666665,0.5,0.18181818181818182,1498.9743557731315,1500.2222266330896
Bjorn Borg,19910422-M-Monte_Carlo_Masters-R64-Jordi_Arrese-Bjorn_Borg,0.5731421776832908,0.6974365018599118,0.5544072495795147,0.03957506332812851,0.02871505676318246,0.4715588820847922,0.17583758181359602,0.13879537896374927,0.4605678639475181,0.6414191628477343,0.6578767947725822,0.5699920590847648,0.49502562796091987,0.1234032103428294,0.6096878562457648,0.589299709782903,0.5408466883145456,0.5441203643536422,0.5122854906465062,0.5905528727764404,1406.19101237492,1500.6034860404668
Bjorn Fratangelo,20220524-M-Roland_Garros-R128-Jannik_Sinner-Bjorn_Fratangelo,0.5169491525423728,0.8852459016393442,0.6140350877192983,0.09322033898305085,0.0423728813559322,0.23893805309734514,0.17316017316017315,0.06926406926406926,0.475,1.0,0.7428571428571429,0.5428571428571428,0.1875,0.0625,,,,0.4919786096256685,0.5454545454545454,0.5454545454545454,1478.5217391173976,1500.0
Bjorn Phau,20120830-M-US_Open-R64-Roger_Federer-Bjorn_Phau,0.5394736842105263,0.6585365853658537,0.34285714285714286,0.05263157894736842,0.0,0.2318840579710145,0.15172413793103448,0.2,0.45454545454545453,0.3333333333333333,0.43333333333333335,0.5,0.3181818181818182,0.13636363636363635,,,,0.3150684931506849,0.5,0.3888888888888889,1492.3689292378047,1492.3606695826627
Blaz Kavcic,20170108-M-Bangkok_CH-F-Janko_Tipsarevic-Blaz_Kavcic,0.6519250475772215,0.5973020604168146,0.33386255986875185,0.042263211828429216,0.0515932269555458,0.28993199708346357,0.09491420859841913,0.15324465008675536,0.41876750700280113,0.3181818181818182,0.4815982438933259,0.6288122927467189,0.2647342995169082,0.10610969025291277,0.422680412371134,0.34782608695652173,0.46875,0.3770639834881321,0.39339019189765456,0.5198412698412698,1487.324181272991,1484.6711187106037
Blaz Rola,20190621-M-Bratislava_CH-QF-Blaz_Rola-Mohamed_Safwat,0.5094339622641509,0.5185185185185185,0.34615384615384615,0.07547169811320754,0.03773584905660377,0.3269230769230769,0.13333333333333333,0.3619047619047619,0.5,0.5454545454545454,0.4230769230769231,0.5769230769230769,0.2962962962962963,0.4074074074074074,0.40476190476190477,0.4230769230769231,0.32432432432432434,,,,1516.0793258565814,1516.2381601797313
Bob Bryan,20000612-M-Queens_Club-QF-Bob_Bryan-Pete_Sampras,,,,,,,,,,,,,,,,,,,,,1500.0,1500.0
Bobby Reynolds,20081022-M-Basel-R32-Roger_Federer-Bobby_Reynolds,,,,,,,,,,,,,,,,,,,,,1500.0,1500.0
Bohdan Ulihrach,20050119-M-Australian_Open-R64-Bohdan_Ulihrach-Marat_Safin,0.4772727272727273,0.6666666666666666,0.391304347826087,0.09090909090909091,0.022727272727272728,0.3111111111111111,0.1797752808988764,0.20224719101123595,0.375,0.5714285714285714,0.5714285714285714,0.3333333333333333,0.2,0.3333333333333333,,,,0.46551724137931033,0.3076923076923077,0.4,1489.75871502108,1489.4251294046949
Boris Becker,19990626-M-Wimbledon-R32-Boris_Becker-Lleyton_Hewitt,0.570889030236143,0.7762202046429135,0.5111323097249871,0.11008898948787181,0.054090752125517165,0.37463185721203157,0.1968161520128888,0.14716937773666888,0.4121659308855761,0.6412696534372602,0.6792681398878224,0.5730711009839118,0.3703149503381315,0.13970299853276383,0.523619055768423,0.5175415014969258,0.5288035194853477,0.5215329260567992,0.5087784413040731,0.5039042706122824,1324.6435567179683,1458.5727863005766
Borna Coric,20250504-M-Aix_En_Provence_CH-F-Stan_Wawrinka-Borna_Coric,0.620996410926554,0.7112132201034376,0.5110016000655531,0.0717558044686766,0.02285576293872796,0.32608563929985923,0.14960768719828374,0.19662223976434082,0.45523055137863067,0.6195909532644226,0.6626218639732153,0.6280686458943023,0.3231358587219691,0.18448192714478917,0.4813446840446241,0.47718744587141243,0.4873547282366911,0.47449584279368107,0.48011182840088024,0.49416269174063254,1350.0065403804904,1395.513579768553
Borna Gojo,20230903-M-US_Open-R16-Borna_Gojo-Novak_Djokovic,,,,,,,,,,,,,,,,,,,,,1500.0,1500.0
Botic Van De Zandschulp,20260404-M-Bucharest-SF-Botic_Van_De_Zandschulp-Mariano_Navone,0.628417867014198,0.7110284432744484,0.46859363467890425,0.07219998313130689,0.050846653281482,0.371664917620087,0.1620517496442263,0.20974999141845296,0.5459442236584683,0.5584602562770096,0.622587606427189,0.6178844795616375,0.3756205330858039,0.1796509845692149,0.4921280779326893,0.48208505846262334,0.4680603583789345,0.5034692191295608,0.4982589189103419,0.49366176483799223,1341.2353894067724,1463.586335822808
Brad Gilbert,19940213-M-Memphis-F-Todd_Martin-Brad_Gilbert,0.6272134371955695,0.6044512220600043,0.40749984483855456,0.05345174490739694,0.03590134363606544,0.3211461464152407,0.1441458318618604,0.16225735133321242,0.47245081730131566,0.46042647828362115,0.517284885862248,0.5889572567392698,0.34335048205338914,0.10279615730332736,0.43032568753997325,0.4253247984826932,0.3831932773109244,0.4756075607560756,0.3888392857142857,0.38125,1544.7988037351354,1539.06607375761
Bradley Klahn,20190730-M-Washington-R64-Bradley_Klahn-Alexander_Bublik,0.7164179104477612,0.7083333333333334,0.631578947368421,0.07462686567164178,0.04477611940298507,0.3380281690140845,0.13043478260869565,0.2028985507246377,0.6111111111111112,0.0,0.6,0.9,0.32142857142857145,0.14285714285714285,0.4943820224719101,0.48484848484848486,0.625,,,,1516.0,1516.0
Brandon Holt,20220831-M-US_Open-R64-Pedro_Cachin-Brandon_Holt,,,,,,,,,,,,,,,,,,,,,1500.0,1500.0
Brandon Nakashima,20260416-M-Barcelona-R16-Brandon_Nakashima-Arthur_Fils,0.6621433017054797,0.7305124100527711,0.5072162161729511,0.10022585373997711,0.017143419798704096,0.32111084407290325,0.19218697094797038,0.15267471038123806,0.38880463382542774,0.5593518505521364,0.6635491341626156,0.6651572299626998,0.3090854495527889,0.14561018723603428,0.5064963942122882,0.4556575842350359,0.4587839506944048,0.5090195789329672,0.5325987987046255,0.4767240292064002,1665.6705155437098,1540.6931219646524
Brayden Schnur,20190702-M-Wimbledon-R128-Brayden_Schnur-Marcos_Baghdatis,0.6942767053843116,0.761622519286106,0.4766188172881885,0.11221540431652698,0.02728099121804039,0.2658296118862002,0.19217872734861705,0.15582088638979724,0.3619047619047619,0.6285714285714286,0.7321928071928072,0.6610139860139861,0.25813672111312763,0.09531155474894132,,,,0.48912865519342064,0.4597833312187291,0.5036913760025887,1441.6059807093552,1500.0
Brian Battistone,20210530-M-Little_Rock_CH-Q1-Brian_Battistone-Stefan_Kozlov,,,,,,,,,,,,,,,,,,,,,1500.0,1500.0
Brian Dabul,20100831-M-US_Open-R128-Roger_Federer-Brian_Dabul,,,,,,,,,,,,,,,,,,,,,1500.0,1500.0
Brian Gottfried,19800705-M-Wimbledon-SF-Brian_Gottfried-Bjorn_Borg,0.5818181818181818,0.65625,0.391304347826087,0.0,0.01818181818181818,0.2857142857142857,0.10576923076923077,0.2980769230769231,0.6363636363636364,0.5555555555555556,0.5416666666666666,0.5,0.26666666666666666,0.26666666666666666,0.42857142857142855,0.4,0.42857142857142855,,,,1517.3083819457395,1500.0
Brian Teacher,19810104-M-Australian_Open-F-Kim_Warwick-Brian_Teacher,,,,,,,,,,,,,,,,,,,,,1500.0,1500.0
Bruno Kuzuhara,20220129-M-Australian_Open_Juniors-F-Bruno_Kuzuhara-Jakub_Mensik,,,,,,,,,,,,,,,,,,,,,1500.0,1500.0
Bu Yunchaokete,20240826-M-US_Open-R128-Casper_Ruud-Bu_Yunchaokete,0.6004387769093652,0.7725656864297908,0.5364994026284349,0.1006787330316742,0.012820512820512822,0.5123491704374057,0.16038795512479723,0.10570550307392412,0.5459001782531194,0.7833333333333333,0.7297747055811573,0.6045826932923707,0.44901960784313727,0.161437908496732,,,,0.5823765606374302,0.6215156794425087,0.564891640866873,1455.7879456418593,1455.8365115813447
Byron Black,19970628-M-Wimbledon-R32-Pete_Sampras-Byron_Black,0.631578947368421,0.5833333333333334,0.35714285714285715,0.02631578947368421,0.05263157894736842,0.2647058823529412,0.08333333333333333,0.1111111111111111,0.25,0.45454545454545453,0.5454545454545454,0.6363636363636364,0.2916666666666667,0.0,0.42105263157894735,0.3181818181818182,0.4,,,,1521.7976831823664,1517.319227076462
Cameron Norrie,20260417-M-Barcelona-QF-Rafael_Jodar-Cameron_Norrie,0.6508114934322234,0.6999186488856335,0.5010526140499775,0.05034586525877007,0.03202587434253361,0.3320570121446712,0.15515821117569256,0.1777755094169158,0.5223494678313668,0.59634779471736,0.627935076929704,0.6433360082364391,0.31979944433956886,0.13864895178428507,0.47440142004056196,0.4870410795870634,0.5082385049436255,0.45853685768038227,0.4939631709924084,0.5297056590699956,1458.4960094241835,1500.5635053546594
Camilo Ugo Carabelli,20260104-M-Brisbane-R32-Camilo_Ugo_Carabelli-Learner_Tien,0.5840319466028674,0.6562443471891506,0.43736894810170673,0.03890981153354761,0.04679919337971958,0.4258997526448189,0.11655992237337622,0.16178013982911207,0.5544400146422205,0.5857056138306138,0.5945767852219466,0.5758430077986529,0.403938521184307,0.15140882017413063,0.559322033898305,0.375,0.5111111111111111,0.48733766710507825,0.4605529877700585,0.552247565773545,1425.755960439666,1477.3952753139513
Carlos Alcaraz,20260412-M-Monte_Carlo_Masters-F-Carlos_Alcaraz-Jannik_Sinner,0.6579266678164151,0.7346206438142139,0.5688472471849684,0.059713875642184853,0.02932705530117784,0.42072747862834836,0.205780829732026,0.1727444895807149,0.5460532300022096,0.6215081485216316,0.6842447849935488,0.6568091839737327,0.42015471647022024,0.15639280753023144,0.5377197096567923,0.5759540490901293,0.5481605871998477,0.5216072118580072,0.5688069097507954,0.5628144835241128,1344.3362856479205,1352.2315150752586
Carlos Berlocq,20190919-M-Biella_CH-R16-Carlos_Berlocq-Paolo_Lorenzi,0.6274154689788386,0.6637486689868464,0.4717911119618968,0.031127205425206944,0.043253224661332426,0.4112489372280388,0.12961050593781948,0.16447447403111495,0.44966006216006216,0.5564935064935065,0.5743991863541282,0.6309142035367118,0.4006568469669156,0.13895284942195696,0.48342342342342337,0.47316066066066065,0.5275268817204302,0.4961642108127005,0.47816633204246,0.5275574219539737,1454.497631530474,1457.056808655239
Carlos Costa,19920517-M-Rome_Masters-F-Jim_Courier-Carlos_Costa,0.4714285714285714,0.6363636363636364,0.5675675675675675,0.04285714285714286,0.014285714285714285,0.29850746268656714,0.18248175182481752,0.18248175182481752,0.4,0.6666666666666666,0.6,0.4666666666666667,0.25925925925925924,0.2222222222222222,0.4482758620689655,0.3870967741935484,0.5789473684210527,,,,1510.565153303769,1515.6313063654309
Carlos Eduardo Severino,20151019-M-Santiago_CH-R32-Alejandro_Gonzalez-Carlos_Eduardo_Severino,,,,,,,,,,,,,,,,,,,,,1500.0,1500.0
Carlos Gimeno Valero,20220502-M-Madrid_Masters-R64-Gael_Monfils-Carlos_Gimeno_Valero,,,,,,,,,,,,,,,,,,,,,1500.0,1500.0
Carlos Moya,20070606-M-Roland_Garros-QF-Carlos_Moya-Rafael_Nadal,0.5890832146411916,0.6865225009691028,0.5340564806979624,0.05306209041159985,0.035003438946487095,0.34532402829282166,0.1435975686584139,0.17280350941737138,0.5680551922088212,0.5431227863046045,0.6354048182889163,0.5830506259590871,0.3504364741518174,0.16277326286990923,0.5243689535025712,0.5391092904292036,0.49389107661099546,0.4691998941820229,0.45299633183636606,0.47122896648281043,1414.6065149338215,1488.1679101994946
Carlos Taberner,20250323-M-Murcia_CH-F-Jesper_De_Jong-Carlos_Taberner,0.5555555555555556,0.6875,0.5625,0.09027777777777778,0.04861111111111111,0.3706293706293706,0.08710801393728224,0.15331010452961671,0.4,0.45454545454545453,0.5263157894736842,0.49122807017543857,0.32142857142857145,0.125,0.5161290322580645,0.48148148148148145,0.46808510638297873,,,,1510.8532557323742,1500.0
Casper Ruud,20260517-M-Rome_Masters-F-Casper_Ruud-Jannik_Sinner,0.6561367791731305,0.7342466559797121,0.549426176921294,0.07128136567049519,0.02581046118922617,0.3685728861268519,0.18047200061199375,0.15318565043131502,0.5334999625223783,0.6245762897233486,0.6786357749855388,0.659647420082546,0.3565800315602046,0.13229950666988896,0.5287979512194189,0.5209784832314166,0.5123267927296936,0.4960603125544125,0.5235753473667614,0.5181396061203754,1799.9036843272843,1780.5989039381352
Cedric Pioline,20000212-M-Rotterdam-F-Cedric_Pioline-Tim_Henman,0.578432202702455,0.6946166174506574,0.5124711252427558,0.06158406399950381,0.03548793420665665,0.32544576050174434,0.16086879976316312,0.18228730974686722,0.4184352682782224,0.5578054842760725,0.6145240003998925,0.5904555888444859,0.3152123321381949,0.13235407038462846,0.483876486806707,0.526208119188185,0.49668610283391523,0.4458136876154774,0.4839545707863343,0.5605350531821119,1531.1320209016835,1527.5081896454215
Cedrik Marcel Stebe,20191025-M-Hamburg_CH-QF-Cedrik_Marcel_Stebe-Botic_Van_De_Zandschulp,,,,,,,,,,,,,,,,,,,,,1500.0,1500.0
Cem Ilkel,20221023-M-Vilnius_CH-F-Cem_Ilkel-Mattia_Bellucci,0.633578431372549,0.7391640866873065,0.5833333333333333,0.07107843137254902,0.025122549019607844,0.34491486424298207,0.1773927392739274,0.09636963696369637,0.5557894736842105,0.6041666666666666,0.6797235023041475,0.5564516129032258,0.35020519835841313,0.12859097127222982,0.4714285714285714,0.4166666666666667,0.42857142857142855,0.6111111111111112,0.5,0.4583333333333333,1502.8193579764197,1485.0375334292446
Charles Broom,20240701-M-Wimbledon-R128-Stan_Wawrinka-Charles_Broom,,,,,,,,,,,,,,,,,,,,,1500.0,1500.0
Chase Buchanan,20150331-M-San_Luis_Potosi_CH-R32-Giovanni_Lapentti-Chase_Buchanan,,,,,,,,,,,,,,,,,,,,,1500.0,1500.0
Chieh Fu Wang,20150921-M-Kaohsiung_CH-R32-Chieh_Fu_Wang-Jiri_Vesely,,,,,,,,,,,,,,,,,,,,,1500.0,1500.0
Chris Guccione,20070107-M-Adelaide-F-Chris_Guccione-Novak_Djokovic,,,,,,,,,,,,,,,,,,,,,1500.0,1500.0
Chris Lewis,19830703-M-Wimbledon-F-Chris_Lewis-John_Mcenroe,0.6889952153110048,0.7013888888888888,0.6307692307692307,0.03827751196172249,0.028708133971291867,0.3111111111111111,0.13881748071979436,0.08483290488431877,0.48148148148148145,0.8666666666666667,0.7160493827160493,0.7037037037037037,0.2777777777777778,0.07407407407407407,0.5524475524475524,0.4,0.3076923076923077,,,,1516.0,1516.0
Chris Woodruff,20000125-M-Australian_Open-QF-Pete_Sampras-Chris_Woodruff,0.5832281119067209,0.8249299719887956,0.4892814009661836,0.1565396134911519,0.05197123857159538,0.31667848699763596,0.19691867008251188,0.1910710145173422,0.4276960784313726,0.4603174603174603,0.6602564102564102,0.5867521367521368,0.28611111111111115,0.21154970760233915,0.5276010539168434,0.5343716433941998,0.5954545454545455,0.40298507462686567,0.36363636363636365,0.5263157894736842,1530.2329429717781,1525.2220626959931
Christian Bergstrom,19930928-M-Basel-R32-Stefan_Edberg-Christian_Bergstrom,,,,,,,,,,,,,,,,,,,,,1500.0,1500.0
Christian Harrison,20210415-M-Orlando_CH-R16-Aleksandar_Kovacevic-Christian_Harrison,,,,,,,,,,,,,,,,,,,,,1500.0,1500.0
Christian Saceanu,19920629-M-Wimbledon-R16-Andre_Agassi-Christian_Saceanu,,,,,,,,,,,,,,,,,,,,,1500.0,1500.0
Christoph Negritu,20241201-M-Yokkaichi_CH-F-Christoph_Negritu-Rei_Sakamoto,,,,,,,,,,,,,,,,,,,,,1500.0,1500.0
Christophe Rochus,20050514-M-Hamburg_Masters-SF-Richard_Gasquet-Christophe_Rochus,,,,,,,,,,,,,,,,,,,,,1500.0,1500.0
Christophe Roger Vasselin,19830603-M-Roland_Garros-SF-Yannick_Noah-Christophe_Roger_Vasselin,,,,,,,,,,,,,,,,,,,,,1500.0,1500.0
Christopher Eubanks,20250701-M-Wimbledon-R128-Jesper_De_Jong-Christopher_Eubanks,0.6641029694931416,0.6848907782777005,0.46199686027146136,0.09164580923544811,0.049186775087384144,0.26367233663951123,0.2116410775075318,0.22852551790525596,0.4576679993417294,0.49789186507936506,0.6234540159321589,0.6504203521757548,0.23991831906525118,0.22277861880758484,0.4514555020760689,0.4137808915695855,0.4198802401588779,0.4424778761061947,0.6,0.3888888888888889,1685.1478668179745,1546.8980884732914
Christopher Heyman,20180117-M-Koblenz_CH-R32-Christopher_Heyman-Karim_Mohamed_Maamoun,,,,,,,,,,,,,,,,,,,,,1500.0,1500.0
Christopher Oconnell,20260209-M-Rotterdam-R32-Valentin_Royer-Christopher_Oconnell,0.5923192447657618,0.6930063773981792,0.4665674805839384,0.06492414688515209,0.02467551416011408,0.31609419113938486,0.15270188226187204,0.1942301063588498,0.48425031700964016,0.6032262905162066,0.6178006134311121,0.6019087881608683,0.33058526855334086,0.16011811497109388,0.5166741866536906,0.37153607833748303,0.447798572876235,0.4551167075466179,0.48936506790988954,0.47477356118755676,1454.5716552904971,1472.715957264518
Chun Hsin Tseng,20240315-M-Szekesfehervar_CH-R16-Chun_Hsin_Tseng-Matteo_Martineau,0.5881868131868132,0.8018341307814992,0.49673202614379086,0.15096153846153848,0.059478021978021975,0.41812354312354316,0.15138067061143984,0.1392998027613412,0.34627329192546585,0.6666666666666666,0.5961538461538461,0.49230769230769234,0.4807692307692308,0.1466346153846154,0.5287356321839081,0.3333333333333333,0.45,0.6851851851851852,0.3888888888888889,0.75,1498.0180554065048,1500.0
Clement Chidekh,20250125-M-Oeiras_3_CH-R32-Clement_Chidekh-Adrian_Andreev,,,,,,,,,,,,,,,,,,,,,1500.0,1500.0
Coleman Wong,20250322-M-Miami_Masters-R64-Ben_Shelton-Coleman_Wong,0.6240384615384615,0.8049689440993788,0.5294117647058824,0.08557692307692308,0.03461538461538462,0.30952380952380953,0.1854195804195804,0.1698951048951049,0.6418219461697723,0.8125,0.6771501925545571,0.675224646983312,0.27329192546583847,0.13664596273291924,0.5300710770913067,0.458974358974359,0.5928030303030303,,,,1530.3201454660175,1530.2966979131668
Colton Smith,20241105-M-Knoxville_CH-R32-Colton_Smith-Nishesh_Basavareddy,,,,,,,,,,,,,,,,,,,,,1500.0,1500.0
Conner Huertas Del Pino,20220622-M-Buenos_Aires_CH-R16-Conner_Huertas_Del_Pino-Arklon_Huertas_Del_Pino,,,,,,,,,,,,,,,,,,,,,1500.0,1500.0
Constant Lestienne,20240702-M-Wimbledon-R128-Lorenzo_Musetti-Constant_Lestienne,0.6317269076305221,0.7857142857142857,0.532051282051282,0.07900172117039586,0.07773952954675846,0.28639858072146657,0.14708096837715742,0.1393200509672188,0.4639945652173913,0.8571428571428572,0.7454637096774194,0.6481854838709677,0.22373737373737373,0.08888888888888889,0.46218487394957986,0.5588235294117647,0.48,0.4657534246575342,0.6363636363636364,0.7333333333333333,1503.8563462618567,1500.0
Cooper Kose,20241028-M-Sydney_CH-Q1-Cooper_Kose-Joshua_Sheehy,,,,,,,,,,,,,,,,,,,,,1500.0,1500.0
Cooper Williams,20240807-M-Lincoln_CH-R16-Nishesh_Basavareddy-Cooper_Williams,,,,,,,,,,,,,,,,,,,,,1500.0,1500.0
Corentin Denolly,20190715-M-Amersfoort_CH-R64-Corentin_Denolly-Karim_Mohamed_Maamoun,,,,,,,,,,,,,,,,,,,,,1500.0,1500.0
Corentin Moutet,20260123-M-Australian_Open-R32-Corentin_Moutet-Carlos_Alcaraz,0.653514980562848,0.6602155365963132,0.4860906843586491,0.035238870199604685,0.025834125958473515,0.33846997624262565,0.14994262592679025,0.1726960497302703,0.5796276771797714,0.5252345382597483,0.6115467530824913,0.6505423202472841,0.33254501587903257,0.13167767382320644,0.5279547428427053,0.4190755630588067,0.4299757849603051,0.46521595882762434,0.44315518794505715,0.502700083573494,1399.5291467788277,1454.1505376597145
Corrado Barazzutti,19790922-M-Palermo-SF-Corrado_Barazzutti-Adriano_Panatta,,,,,,,,,,,,,,,,,,,,,1500.0,1500.0
Corrado Borroni,19950518-M-Rome_Masters-R16-Corrado_Borroni-Stefan_Edberg,,,,,,,,,,,,,,,,,,,,,1500.0,1500.0
Cristian Garin,20250116-M-Australian_Open-R64-Taylor_Fritz-Cristian_Garin,0.6066805094031318,0.677133195205728,0.4488722016171312,0.048257656749763025,0.040483425849249126,0.3640453422128775,0.15800617731043815,0.20690497964714125,0.48813331806070404,0.5603643154231389,0.5932430925375732,0.6039278440311562,0.3591190621052143,0.15849845217216296,0.47694596490999436,0.4543578324066242,0.46015737298235193,0.4368224808923435,0.549215835179508,0.5357634349769974,1441.3318848751871,1509.667294528687
Dalibor Svrcina,20211102-M-Tenerife_CH-R32-Dalibor_Svrcina-Feliciano_Lopez,0.6612903225806451,0.6585365853658537,0.23809523809523808,0.016129032258064516,0.04838709677419355,0.32075471698113206,0.11304347826086956,0.2782608695652174,0.38461538461538464,0.375,0.4583333333333333,0.625,0.4117647058823529,0.29411764705882354,,,,0.5087719298245614,0.3793103448275862,0.3103448275862069,1483.117650714456,1500.0
Damir Dzumhur,20230109-M-Australian_Open-Q1-Dimitar_Kuzmanov-Damir_Dzumhur,0.6286228062448053,0.6043718225631902,0.4705095222737234,0.01541007609994286,0.03926709547984092,0.3560156880765752,0.140589531190935,0.21578051632294926,0.4817273668360625,0.492739898989899,0.568335074886799,0.6281236627357317,0.3285942742825264,0.21390493782439524,0.42069344811095166,0.41414141414141414,0.4167987567987568,0.4377082387276366,0.5157665251415251,0.45871672168173694,1425.4632027700532,1433.1711802540906
Dan Goldie,19870904-M-US_Open-R64-Stefan_Edberg-Dan_Goldie,,,,,,,,,,,,,,,,,,,,,1500.0,1500.0
Dan Martin,20250728-M-Canada_Masters-R128-Dan_Martin-Jaume_Munar,,,,,,,,,,,,,,,,,,,,,1500.0,1500.0
Daniel Altmaier,20251022-M-Vienna-R32-Daniel_Altmaier-Jannik_Sinner,0.64235190063057,0.7023954103211753,0.4645657283626475,0.08945886952852247,0.02901408048726186,0.3224565479930693,0.18312432616275673,0.18744627478772322,0.41654483885477367,0.4918178382464096,0.6113790797095129,0.6359230787736156,0.3178669661576518,0.15238359101624435,0.4849116973025953,0.4223021942320188,0.4981048232497508,0.4610811735510827,0.48143145523120817,0.4491045871064379,1489.1843957967137,1473.807274885311
Daniel Cox,20140317-M-Rimouski_CH-R32-Izak_Van_Der_Merwe-Daniel_Cox,,,,,,,,,,,,,,,,,,,,,1500.0,1500.0
Daniel De Jonge,20251214-M-Dutch_Championships-F-Jesper_De_Jong-Daniel_De_Jonge,,,,,,,,,,,,,,,,,,,,,1500.0,1500.0
Daniel Dutra Da Silva,20241015-M-Campinas_CH-R32-Daniel_Dutra_Da_Silva-Karue_Sell,0.5161885245901638,0.596749226006192,0.44047619047619047,0.01875,0.07028688524590164,0.3584826132771338,0.13211528564076172,0.2656459083890891,0.7157738095238095,0.40476190476190477,0.4619047619047619,0.5809523809523809,0.375,0.26111111111111107,0.39725209080047785,0.49324324324324326,0.5071428571428571,,,,1531.9661669788793,1531.9661669788793
Daniel Elahi Galan,20250809-M-Cincinnati_Masters-R64-Jannik_Sinner-Daniel_Elahi_Galan,0.6132748682751197,0.6424576319075648,0.46542122858148993,0.05675020283513768,0.020980261624491316,0.3367213814662739,0.1311946854296211,0.183229340587116,0.6018664439369181,0.4728879892037786,0.570450508856067,0.6023754947670968,0.34972024566156323,0.16684929469619697,0.47063137784261866,0.47174193574039425,0.47987117558867637,0.4666731550789522,0.3633952746559846,0.403525641025641,1589.8856792819793,1572.3565964235866
Daniel Evans,20240827-M-US_Open-R128-Karen_Khachanov-Daniel_Evans,0.6118575204162021,0.6948308443521325,0.49893418798262723,0.05026765440671811,0.0392517239647042,0.3814107481692624,0.16624399604040083,0.14244035815657013,0.48381286733580203,0.6091791188114718,0.6287363252064159,0.6150534465543992,0.374684876647043,0.09959984113080508,0.5282970562145044,0.57015346946655,0.5392670924094215,0.47965066428886266,0.5158906852818519,0.5057670423146589,1374.617261896591,1406.411620565579
Daniel Gimeno Traver,20150425-M-Bucharest-SF-Jiri_Vesely-Daniel_Gimeno_Traver,0.5739133352279904,0.7617196143511933,0.5503682954663347,0.06317694518125554,0.026041666666666668,0.35795399286238244,0.15814529914529915,0.2276025641025641,0.5718644437179906,0.625,0.6503866503866503,0.545991045991046,0.3346320346320346,0.2108225108225108,0.6739130434782609,0.75,0.5,0.5255847953216375,0.3108672936259143,0.4225563909774436,1486.694255236287,1485.9315054172716
Daniel Kosakowski,20140307-M-Indian_Wells_Masters-R128-Dominic_Thiem-Daniel_Kosakowski,,,,,,,,,,,,,,,,,,,,,1500.0,1500.0
Daniel Masur,20211107-M-Eckental_CH-F-Maxime_Cressy-Daniel_Masur,,,,,,,,,,,,,,,,,,,,,1500.0,1500.0
Daniel Michalski,20240313-M-Szekesfehervar_CH-R16-Daniel_Michalski-Dominic_Thiem,0.5873015873015873,0.5135135135135135,0.34615384615384615,0.0,0.047619047619047616,0.4482758620689655,0.09090909090909091,0.17355371900826447,0.5454545454545454,0.5384615384615384,0.4666666666666667,0.6333333333333333,0.391304347826087,0.17391304347826086,0.375,0.45161290322580644,0.5588235294117647,,,,1516.0,1516.0
Daniel Nestor,20000901-M-US_Open-R64-Roger_Federer-Daniel_Nestor,,,,,,,,,,,,,,,,,,,,,1477.0674557997236,1477.8176792762406
Daniel Nguyen,20141104-M-Knoxville_CH-R32-Jared_Donaldson-Daniel_Nguyen,,,,,,,,,,,,,,,,,,,,,1500.0,1500.0
Daniel Rincon,20240415-M-Barcelona-R64-Facundo_Diaz_Acosta-Daniel_Rincon,,,,,,,,,,,,,,,,,,,,,1500.0,1500.0
Daniel Smethurst,20140515-M-Busan_CH-R16-Amir_Weintraub-Daniel_Smethurst,,,,,,,,,,,,,,,,,,,,,1500.0,1500.0
Daniel Vacek,20010829-M-US_Open-R128-Daniel_Vacek-Gustavo_Kuerten,0.6626506024096386,0.7090909090909091,0.5357142857142857,0.1686746987951807,0.0963855421686747,0.15384615384615385,0.19875776397515527,0.08695652173913043,0.25,0.25,0.6,0.68,0.14285714285714285,0.0,,,,0.41911764705882354,0.375,0.0,1488.3772657182578,1500.0
Daniil Medvedev,20260408-M-Monte_Carlo_Masters-R32-Matteo_Berrettini-Daniil_Medvedev,0.6308284568588666,0.7594800832407058,0.5203353069764642,0.10843074482816205,0.04946466232158188,0.4005337388838299,0.18100050765765355,0.15656656327325782,0.347132029431765,0.6321139309405442,0.6751996777735333,0.6262076929760262,0.3934369133859444,0.13813650277840595,0.5413720680008431,0.5458977792012941,0.5561151118928337,0.5258810688521403,0.5320089197514599,0.5450283207490314,1397.2899023724083,1405.2144678668092
Danilo Petrovic,20190917-M-Sibiu_CH-R32-Danilo_Petrovic-Robin_Haase,,,,,,,,,,,,,,,,,,,,,1500.0,1500.0
Danny Sapsford,19990625-M-Wimbledon-R32-Pete_Sampras-Danny_Sapsford,,,,,,,,,,,,,,,,,,,,,1500.0,1500.0
Darian King,20150929-M-Tiburon_CH-R32-Jared_Donaldson-Darian_King,,,,,,,,,,,,,,,,,,,,,1500.0,1500.0
Dario Acosta,20151116-M-Montevideo_CH-R32-Dario_Acosta-Carlos_Berlocq,,,,,,,,,,,,,,,,,,,,,1500.0,1500.0
Darren Cahill,19900903-M-US_Open-R16-Darren_Cahill-Boris_Becker,,,,,,,,,,,,,,,,,,,,,1500.0,1500.0
Darwin Blanch,20250825-M-US_Open-R128-Martin_Damm-Darwin_Blanch,,,,,,,,,,,,,,,,,,,,,1500.0,1500.0
David Ferrer,20190508-M-Madrid_Masters-R32-David_Ferrer-Alexander_Zverev,0.619967721627786,0.6447794576522149,0.47920096900789766,0.028911768925959494,0.03724670562539963,0.3531170397915732,0.1136233881125069,0.19168273332337682,0.5818207673572302,0.5282050371244744,0.5925562115797214,0.644407310368362,0.3408221784671899,0.1652858950076967,0.46452845702745466,0.4728378749670061,0.5004070215549333,0.45137291998842755,0.4773630406594609,0.49931154463198296,1652.9410624508862,1582.4249305936744
David Goffin,20250306-M-Indian_Wells_Masters-R128-Lorenzo_Sonego-David_Goffin,0.578041121153502,0.697688452322972,0.47108114555818287,0.05623020566903023,0.03979604275240627,0.3629198528997706,0.154632255244292,0.18734999339775854,0.5132407559820046,0.5512571129676392,0.594998861781821,0.5661566593840628,0.36381604958901975,0.1630402933628278,0.5034578761665344,0.48952002283624885,0.5506469038718987,0.4663750311097499,0.494941648402402,0.4918858285221226,1289.4970769752786,1376.6675227815515
David Guez,20151019-M-Brest_CH-R32-David_Guez-Ruben_Ramirez_Hidalgo,,,,,,,,,,,,,,,,,,,,,1500.0,1500.0
David Nalbandian,20120225-M-Buenos_Aires-SF-David_Ferrer-David_Nalbandian,0.6008304106223038,0.6754648567871249,0.5296633460894825,0.0480460883466162,0.03399359588654235,0.37542844885691606,0.14737424240394095,0.18008396705713656,0.47859920598676053,0.5616757606953685,0.6279724004506609,0.589671341888193,0.3808715632960698,0.1581713053847419,0.493237929228515,0.520266974097503,0.4716926018264596,0.4708975587554957,0.5072946924051105,0.539900579391909,1335.9795180848946,1432.440354118686
David Perez Sanz,20151005-M-Mohammedia_CH-R32-David_Perez_Sanz-Pablo_Carreno_Busta,,,,,,,,,,,,,,,,,,,,,1500.0,1500.0
David Prinosil,20010613-M-Halle-R16-David_Prinosil-Roger_Federer,,,,,,,,,,,,,,,,,,,,,1500.0,1500.0
David Wheaton,19940813-M-Cincinnati_Masters-SF-Michael_Chang-David_Wheaton,0.643825416248385,0.6861120756967996,0.4911155837403305,0.08958469882323104,0.05667631022753827,0.32873029123104697,0.18980254063627436,0.152223823542934,0.35039041485034517,0.598330241187384,0.6037701159432908,0.6400649680445946,0.2927105801670261,0.17095109046328558,0.4973099415204678,0.4505555555555556,0.28125,0.4758716445989931,0.40684012952138804,0.59816653934301,1463.3697806418586,1483.7046297158029
Davide Sanguinetti,20020203-M-Milan-F-Roger_Federer-Davide_Sanguinetti,0.5524640088593578,0.6589147286821706,0.37874564459930316,0.029346622369878183,0.04678848283499446,0.3603219696969697,0.13178254942058623,0.19086571233810495,0.4696969696969697,0.5487012987012987,0.5851760851760852,0.46887796887796884,0.3308270676691729,0.07518796992481203,,,,0.4402825913089843,0.4815488565488566,0.6000000000000001,1470.3081594897094,1500.0
Denis Gremelmayr,20080419-M-Estoril-SF-Roger_Federer-Denis_Gremelmayr,,,,,,,,,,,,,,,,,,,,,1500.0,1500.0
Denis Istomin,20210531-M-Roland_Garros-R128-Denis_Istomin-Roger_Federer,0.6541875874743106,0.6917446749831336,0.4881721780214917,0.10071612383902684,0.024242989741089502,0.32171303795896045,0.16293660629813558,0.1638518928539475,0.4374106849983428,0.5965367965367965,0.60859544271341,0.6444943534907237,0.29736622235100935,0.15131531923114072,0.5065940148540667,0.47834687381918534,0.46164399092970526,0.46014447756251037,0.44789264233708675,0.3865540527466574,1571.6492028005644,1530.6759599793477
Denis Kudla,20210327-M-Miami_Masters-R64-Hubert_Hurkacz-Denis_Kudla,0.5894003035133086,0.7260818438247906,0.4749327950707942,0.07719895444535099,0.04316726166454688,0.3309805048062975,0.1445506178452114,0.19661691779954674,0.3785999358390399,0.5215506715506716,0.6181054686674909,0.5879213024034559,0.3012747784449434,0.1698709586265808,0.49263199057963375,0.4801800051800052,0.5027480919618016,0.4611922591798753,0.4458237389248504,0.48884161868857234,1449.6888506315865,1483.0038697558145
Denis Shapovalov,20260308-M-Indian_Wells_Masters-R32-Jannik_Sinner-Denis_Shapovalov,0.6037064922198258,0.7551600951169752,0.5044923755031236,0.1007779069613992,0.06338365568062633,0.3484409112316685,0.2233410588692398,0.21268205453367584,0.4644955687730139,0.5996335954375107,0.6633340309788535,0.6034231096353377,0.34778629612037926,0.16958355378041767,0.4917996340091359,0.527539296439756,0.4990852402528227,0.491080728508633,0.544450075593802,0.4793828077470883,1485.2658801092753,1507.2407814320711
Dennis Novak,20230705-M-Wimbledon-R128-Milos_Raonic-Dennis_Novak,0.6203108886721,0.6416501351273647,0.40986842105263155,0.08333112937988163,0.061439234699203434,0.36704619374120956,0.16688177046135239,0.23328373206423075,0.5536591478696742,0.4666666666666666,0.5908536585365853,0.6208765243902439,0.36083333333333334,0.24424019607843137,0.3275862068965517,0.43478260869565216,0.46153846153846156,0.5166695417169801,0.41604938271604935,0.5226735439501397,1469.509338140889,1500.0
Dennis Novikov,20160323-M-Guadalajara_CH-R16-Dennis_Novikov-Eduardo_Struvay,,,,,,,,,,,,,,,,,,,,,1500.0,1500.0
Derrick Rostagno,19920626-M-Wimbledon-R32-Andre_Agassi-Derrick_Rostagno,0.5948412698412698,0.6832570556826849,0.5063131313131313,0.09365079365079365,0.05119047619047619,0.38802083333333337,0.2086828207517863,0.17117117117117117,0.3705357142857143,0.7,0.5734834271419638,0.5253283302063789,0.4342105263157895,0.11578947368421053,,,,0.5129862700228833,0.5880681818181819,0.0,1467.2149050745834,1485.2807128557959
Devin Britton,20090901-M-US_Open-R128-Roger_Federer-Devin_Britton,,,,,,,,,,,,,,,,,,,,,1500.0,1500.0
Dhakshineswar Suresh,20260208-M-Davis_Cup_Qualifiers-RR-Guy_Den_Ouden-Dhakshineswar_Suresh,0.5483870967741935,0.8235294117647058,0.6428571428571429,0.14516129032258066,0.04838709677419355,0.3225806451612903,0.20161290322580644,0.1532258064516129,0.56,1.0,0.8095238095238095,0.6666666666666666,0.22727272727272727,0.13636363636363635,0.4945054945054945,0.5882352941176471,0.6875,,,,1526.088393884883,1521.9018388984266
Diego Hartfield,20080115-M-Australian_Open-R128-Roger_Federer-Diego_Hartfield,0.6829268292682927,0.5714285714285714,0.48717948717948717,0.0,0.016260162601626018,0.34444444444444444,0.0892018779342723,0.2112676056338028,0.42105263157894735,0.7142857142857143,0.5606060606060606,0.6666666666666666,0.42424242424242425,0.09090909090909091,,,,0.49074074074074076,0.45,0.4,1493.2189935706538,1500.0
Diego Schwartzman,20250213-M-Buenos_Aires-R16-Diego_Schwartzman-Pedro_Martinez,0.6336860205554281,0.6296094431084648,0.49774982537894014,0.018385970860575616,0.042101230382077026,0.3601877328328389,0.11711339034100732,0.19821091124361848,0.5622835269541472,0.499919632871578,0.5856022775882204,0.6204153140660884,0.33698607663306385,0.14724788559858967,0.4113826910751672,0.4563441626935046,0.4638975013975014,0.4414105555026664,0.5228173452142901,0.5447873928742502,1384.6060217202444,1476.9230473036628
Dimitar Kuzmanov,20230109-M-Australian_Open-Q1-Dimitar_Kuzmanov-Damir_Dzumhur,0.6633663366336634,0.7164179104477612,0.4411764705882353,0.09900990099009901,0.019801980198019802,0.37755102040816324,0.12562814070351758,0.09045226130653267,0.24,0.3333333333333333,0.6388888888888888,0.6111111111111112,0.39473684210526316,0.10526315789473684,0.5203252032520326,0.48148148148148145,0.45454545454545453,,,,1516.736306793522,1516.736306793522
Dino Prizmic,20251217-M-NextGen_Finals-RR-Dino_Prizmic-Nishesh_Basavareddy,0.6573170293758529,0.6398553750958221,0.49801747491192483,0.03686705451411334,0.01813007254183725,0.3531690259521402,0.1142307775272704,0.15784139337248249,0.637781954887218,0.5177696078431373,0.5930233662613982,0.6805898556231003,0.36379456747237904,0.1256756887152024,0.4566258700909934,0.4843021561771562,0.49383871479896646,,,,1562.5447776049962,1566.0557269367948
Dmitry Popko,20250320-M-Merida_CH-R16-Dmitry_Popko-Juan_Carlos_Prado_Angelo,0.6110821382007823,0.6352955323543559,0.5025287942538994,0.03577495950377307,0.03681798427561139,0.3965728715728716,0.08410571845860015,0.16660206718346252,0.5336538461538461,0.6,0.6154234654234654,0.5168609168609168,0.3609548167092924,0.11264563796533106,0.5464994775339603,0.44780219780219777,0.5377415458937198,0.38095238095238093,0.35,0.5675675675675675,1528.1511190603383,1531.8680154839985
Dmitry Tursunov,20060924-M-Davis_Cup_World_Group_SF-RR-Dmitry_Tursunov-Andy_Roddick,0.6504065040650406,0.6875,0.5348837209302325,0.08130081300813008,0.024390243902439025,0.34375,0.22310756972111553,0.18326693227091634,0.44642857142857145,0.4,0.6444444444444445,0.6888888888888889,0.39655172413793105,0.20689655172413793,0.4852941176470588,0.5142857142857142,0.4444444444444444,,,,1510.1448043123808,1514.0587977624257
Dominic Stricker,20230903-M-US_Open-R16-Taylor_Fritz-Dominic_Stricker,0.6256708407871199,0.7861247947454844,0.5048701298701299,0.07091745463838488,0.04555328392537695,0.3413978494623656,0.1971547314578005,0.16636828644501278,0.5368072787427627,0.6666666666666667,0.7681992337164751,0.5603448275862069,0.3445663531870429,0.09508881922675026,,,,0.4746676248652533,0.5284421460892049,0.7142857142857143,1486.9663249079356,1492.8528990548075
Dominic Thiem,20241022-M-Vienna-R32-Luciano_Darderi-Dominic_Thiem,0.6179282039576726,0.7193215613622418,0.5289877644565179,0.06926673975398197,0.03110980129085489,0.36594795926206536,0.1702735145284497,0.18116408135817705,0.4927991361359839,0.5894195429259625,0.651639710874857,0.6019496730305237,0.353374599249294,0.1509641170317911,0.5141805173780464,0.5141939521969741,0.5183682545420112,0.4958328496180089,0.5211914946235595,0.5040714168547767,1439.0940237088425,1467.757176746666
Dominik Hrbaty,20061105-M-Paris_Masters-F-Nikolay_Davydenko-Dominik_Hrbaty,0.5276906666437866,0.720955155034757,0.5012108262108262,0.09863384989197334,0.05521593789529422,0.36098472081788563,0.16386431774492188,0.20159750033395524,0.38583700847851793,0.5696428571428571,0.6278318250377074,0.47966817496229264,0.32577165667259644,0.12529603715739443,0.45151515151515154,0.4949066213921901,0.6087962962962963,0.48789346246973364,0.42813765182186236,0.5711206896551724,1509.2476142126072,1498.3352787053059
Dominik Koepfer,20250107-M-Australian_Open-Q1-Dominik_Koepfer-Ignacio_Buse,0.6596160943473162,0.6974342288785758,0.49847291037940533,0.055059241626738475,0.025624763362347286,0.3189775784026711,0.16936933263279416,0.1752443008049312,0.4602310887389633,0.6543847818847819,0.6492405112741719,0.649217362974989,0.29110569985569984,0.12687229437229436,0.5126728110599078,0.54,0.2303921568627451,0.4809616225191742,0.45490167181410374,0.504364387400357,1432.9112934596335,1474.914118148517
Donald Young,20190729-M-Washington-R64-Hubert_Hurkacz-Donald_Young,0.6491452903000281,0.5686773136773137,0.3698830409356725,0.02503779289493575,0.0580996766522701,0.3111551401025085,0.10869617601485737,0.21114365516347736,0.6626602564102564,0.2111111111111111,0.44488491048593354,0.6448209718670077,0.3436255284081371,0.11807728112075938,0.3315964812443686,0.435672514619883,0.393719806763285,0.417910447761194,0.5294117647058824,0.4782608695652174,1530.412386493444,1512.696444525029
Dragos Dima,20180923-M-Sibiu_CH-F-Jelle_Sels-Dragos_Dima,,,,,,,,,,,,,,,,,,,,,1500.0,1500.0
Duck Hee Lee,20180922-M-Kaohsiung_CH-SF-Gael_Monfils-Duck_Hee_Lee,,,,,,,,,,,,,,,,,,,,,1500.0,1500.0
Dudi Sela,20170324-M-Miami_Masters-R64-Rafael_Nadal-Dudi_Sela,0.5893915110702475,0.7404454019512344,0.5222222222222223,0.029096691779883832,0.047957284797578714,0.40184201572586326,0.11470992306815612,0.12010778951462173,0.38963423050379575,0.4583333333333333,0.6251374605786371,0.54205745235157,0.36398193760262726,0.061182266009852215,0.44674910251296374,0.5083333333333333,0.618421052631579,0.508906967042136,0.6415513833992095,0.6919191919191919,1487.6613447802324,1488.4335601619612
Duje Ajdukovic,20230917-M-Davis_Cup_Finals-RR-Botic_Van_De_Zandschulp-Duje_Ajdukovic,,,,,,,,,,,,,,,,,,,,,1500.0,1500.0
Dusan Lajovic,20250509-M-Rome_Masters-R64-Dusan_Lajovic-Carlos_Alcaraz,0.6762022592076947,0.6430471638441941,0.4584427801616432,0.03055943918222963,0.01847740422362633,0.3155170705549762,0.14999762481946838,0.19239887650290205,0.5290123270128663,0.5055798796791444,0.5981855852862791,0.6648399364412786,0.3064193400738731,0.1416177310744941,0.4840346619960611,0.46444288035197123,0.44049682798928735,0.4502699242489446,0.4434545827044251,0.4334740774976918,1399.137211593345,1451.3351947690624
Dustin Brown,20190626-M-Wimbledon-Q2-Mikael_Ymer-Dustin_Brown,0.6455478237610972,0.7273915246262755,0.5073419168718625,0.11778093020831183,0.05269339565402839,0.3605581753318093,0.23206975228769738,0.1574473553579242,0.4555119098692183,0.7105240912933221,0.6536794846750679,0.619782587706293,0.37094714429108466,0.12678010671667336,0.5303263488066216,0.5681725346359493,0.5437500000000001,0.48237401824137305,0.49552378457750534,0.4569252652327988,1436.116221771761,1515.5918789069456
Dylan Dietrich,20241029-M-Charlottesville_CH-R32-Zachary_Svajda-Dylan_Dietrich,,,,,,,,,,,,,,,,,,,,,1500.0,1500.0
Dzmitry Zhyrmont,20170508-M-Karshi_CH-R32-Dzmitry_Zhyrmont-Karim_Mohamed_Maamoun,,,,,,,,,,,,,,,,,,,,,1500.0,1500.0
Eddie Dibbs,19820508-M-Forest_Hills-F-Eddie_Dibbs-Ivan_Lendl,,,,,,,,,,,,,,,,,,,,,1500.0,1500.0
Edouard Roger Vasselin,20151103-M-Paris-R32-Edouard_Roger_Vasselin-Ivo_Karlovic,0.6943362544628368,0.6696969696969697,0.48434782608695653,0.025559883154819864,0.006329113924050633,0.36638655462184877,0.13473170310204788,0.21856908321092194,0.45490716180371354,0.5625,0.5714285714285714,0.7607142857142857,0.3623693379790941,0.2608885017421603,0.5217532467532467,0.48176532769556024,0.4382284382284382,,,,1529.6078240343495,1531.9597306996911
Eduardo Masso,19920625-M-Wimbledon-R64-Andre_Agassi-Eduardo_Masso,,,,,,,,,,,,,,,,,,,,,1500.0,1500.0
Eduardo Russi,20140409-M-Itajai-R32-Mohamed_Safwat-Eduardo_Russi,,,,,,,,,,,,,,,,,,,,,1500.0,1500.0
Eduardo Struvay,20160323-M-Guadalajara_CH-R16-Dennis_Novikov-Eduardo_Struvay,,,,,,,,,,,,,,,,,,,,,1500.0,1500.0
Egor Gerasimov,20220428-M-Munich-R16-Egor_Gerasimov-Botic_Van_De_Zandschulp,0.6496397114273459,0.7339890394907441,0.52871599166558,0.10378158826169191,0.032923562182812054,0.3601993545798742,0.1792305953943223,0.16738558657188754,0.42676675367170935,0.4777777777777778,0.6409855124140839,0.6668510811367954,0.2761214708539809,0.16824582691354745,0.48500149195373915,0.5255952380952381,0.5279659995177237,0.5105829164927375,0.5035345880173466,0.48888888888888893,1519.1666750125596,1515.2160944796892
Elias Ymer,20210613-M-Lyon_CH-F-Pablo_Cuevas-Elias_Ymer,0.5826086956521739,0.6119402985074627,0.4375,0.043478260869565216,0.05217391304347826,0.4263565891472868,0.15163934426229508,0.26639344262295084,0.6756756756756757,0.38461538461538464,0.5476190476190477,0.6428571428571429,0.4,0.2909090909090909,0.47706422018348627,0.5510204081632653,0.4418604651162791,,,,1514.379577654279,1500.0
Eliot Spizzirri,20260124-M-Australian_Open-R32-Jannik_Sinner-Eliot_Spizzirri,0.5665280665280665,0.5795454545454546,0.5229166666666667,0.02312889812889813,0.04625779625779626,0.29610285255122537,0.08014184397163121,0.16141843971631206,0.5727272727272728,0.3875,0.5775862068965517,0.5258620689655172,0.32412398921832886,0.18059299191374661,,,,0.42170022371364657,0.3624031007751938,0.43410852713178294,1463.536146817539,1465.49392038846
Elliot Benchetrit,20250401-M-Marrakech-R32-Jesper_De_Jong-Elliot_Benchetrit,0.5869858111237422,0.7065934065934066,0.5686392914653785,0.0943609391885254,0.027114647804302977,0.3535866843423185,0.19947193005237415,0.20529043847119421,0.373296625283535,0.6507936507936508,0.6770251238017355,0.6039025941574667,0.30275703162243767,0.20457916203188728,0.4898702120924343,0.5148809523809524,0.5284552845528455,,,,1557.4514818451894,1518.8171207439273
Elmer Moller,20250525-M-Roland_Garros-R128-Tommy_Paul-Elmer_Moller,0.6278087535998929,0.63495767703652,0.49580690627202256,0.04250636260129931,0.05108415377402719,0.3719176319045371,0.12651760673036447,0.2030526801732243,0.33845985946826285,0.48696581196581196,0.5690936024235944,0.6733081618105676,0.35003918495297803,0.16137669801462906,0.4258974358974359,0.504313725490196,0.5363520408163265,0.49471576371120257,0.4258241758241758,0.543010752688172,1500.5605169145435,1499.2580747605073
Emil Ruusuvuori,20240731-M-Washington-R32-Giovanni_Mpetshi_Perricard-Emil_Ruusuvuori,0.642156055105578,0.6855197525816908,0.5114756353355939,0.03815612668913579,0.04161058740561402,0.3751880099800941,0.13491277071537497,0.21616856301487716,0.47622021180196006,0.5865041979625313,0.6287132722141134,0.6321399669304365,0.35720968157733557,0.197198211966736,0.4694840696494847,0.5470965294324958,0.5579105438169921,0.47288370513329614,0.5028152479979927,0.5074777886928117,1651.1455923974183,1623.8129943732008
Emilio Gomez,20220928-M-Seoul-R32-Emilio_Gomez-Taro_Daniel,0.4909090909090909,0.7222222222222222,0.5892857142857143,0.06363636363636363,0.03636363636363636,0.32142857142857145,0.13513513513513514,0.11711711711711711,0.6333333333333333,0.75,0.8108108108108109,0.5675675675675675,0.42105263157894735,0.07894736842105263,0.5,0.45454545454545453,0.46875,,,,1515.9660918698307,1515.263693206478
Emilio Nava,20250824-M-US_Open-R128-Taylor_Fritz-Emilio_Nava,0.6863608728585748,0.7558021879744597,0.5447697111631538,0.08583652743606099,0.026225695393657735,0.3476837675886589,0.19801867334549453,0.2227892225534921,0.39940039416561945,0.6102941176470589,0.7251637251637252,0.7240897990897991,0.3637173012173012,0.2402497194163861,0.522484756097561,0.48958333333333337,0.5,0.493421052631579,0.503813882532418,0.5305997552019583,1517.7493921406824,1499.2736568493967
Emilio Sanchez,19910519-M-Rome_Masters-F-Emilio_Sanchez-Alberto_Mancini,0.6742424242424242,0.6285609864004463,0.47017837235228543,0.030982905982905984,0.005050505050505051,0.3138578766674529,0.163778574439533,0.11178614659349755,0.5842081458735033,0.5961538461538461,0.6341320864991233,0.6573154100915644,0.3628591954022989,0.10573275862068965,0.42555331991951706,0.37016908212560384,0.5361111111111111,0.4928909952606635,0.4634146341463415,0.5714285714285714,1511.0286015840638,1511.6058999184304
Enzo Couacaud,20230119-M-Australian_Open-R64-Novak_Djokovic-Enzo_Couacaud,0.5833333333333334,0.7551020408163265,0.5142857142857142,0.03571428571428571,0.011904761904761904,0.38235294117647056,0.07526881720430108,0.15053763440860216,0.2857142857142857,0.4,0.7307692307692307,0.7307692307692307,0.36585365853658536,0.12195121951219512,0.5135135135135135,0.46511627906976744,0.53125,,,,1511.3256390222705,1512.1602087818676
Ergi Kirkin,20240505-M-Porto_Alegre_CH-F-Daniel_Dutra_Da_Silva-Ergi_Kirkin,,,,,,,,,,,,,,,,,,,,,1500.0,1500.0
Ernesto Escobedo,20190402-M-Monterrey_CH-R64-Kevin_King-Ernesto_Escobedo,,,,,,,,,,,,,,,,,,,,,1500.0,1500.0
Ernests Gulbis,20200307-M-Davis_Cup_WG_II-RR-Ernests_Gulbis-Mohamed_Safwat,0.587197317472835,0.7827166018246775,0.5245680617237294,0.1300855445209959,0.04292626837275515,0.3478079019803902,0.18440166473892428,0.21026835965562665,0.3220189892399156,0.605379188712522,0.6928980624598755,0.608737093217421,0.32872044676513246,0.197562888771396,0.5307923835149432,0.5493776159102285,0.5349605316710581,0.48297425263811816,0.5179266848439781,0.4065186607602368,1559.660652589261,1523.0974792116297
Ethan Quinn,20260319-M-Miami_Masters-R128-Hubert_Hurkacz-Ethan_Quinn,0.6134725275461061,0.72799897441457,0.4819847020933978,0.10263699391474164,0.04223893242236901,0.37556831066469903,0.17226016402936495,0.21059756430115786,0.5259475312364889,0.6704678362573099,0.6531693846063257,0.5779808392975213,0.3798244910755567,0.17844862432351777,0.4733830845771145,0.5022296544035675,0.5779030910609858,0.5112253237314008,0.528639570306237,0.4649618323242038,1478.140267630814,1483.5025434425993
Evan Furness,20220913-M-Rennes_CH-R32-Filip_Bergevi-Evan_Furness,,,,,,,,,,,,,,,,,,,,,1500.0,1500.0
Evan King,20190415-M-San_Luis_Potosi_CH-R64-Kevin_King-Evan_King,,,,,,,,,,,,,,,,,,,,,1500.0,1500.0
Evan Zhu,20240414-M-Acapulco_CH-Q1-Karue_Sell-Evan_Zhu,,,,,,,,,,,,,,,,,,,,,1500.0,1500.0
Evgeny Donskoy,20230111-M-Nonthaburi_CH-R16-Yasutaka_Uchiyama-Evgeny_Donskoy,0.5745432750783978,0.7408613306982872,0.5218844482237339,0.07527079379174738,0.03198623586871136,0.3271024388910653,0.1480588697743248,0.16932054661487236,0.5033921009420101,0.4458333333333333,0.6551282051282051,0.5692307692307692,0.36605607155142755,0.15368077055383556,0.4504901960784314,0.6375661375661376,0.5416666666666666,0.4504339642371641,0.5267857142857143,0.4066666666666666,1495.865826447193,1497.346761165308
Evgeny Korolev,20091105-M-Basel-QF-Roger_Federer-Evgeny_Korolev,,,,,,,,,,,,,,,,,,,,,1500.0,1500.0
Fabian Marozsan,20260408-M-Monte_Carlo_Masters-R32-Hubert_Hurkacz-Fabian_Marozsan,0.6540528355026153,0.6970885247944977,0.5064549029832283,0.06338119238961794,0.022683094389394226,0.34625471781081474,0.2244206450700867,0.17801355455735615,0.4395736132245034,0.5451105489875543,0.6323986926118598,0.660614681745229,0.33435939785191265,0.15729662217763626,0.47951458439287126,0.5098346471355514,0.518170298473769,0.4733625386643767,0.46336232065398736,0.5280312128976322,1591.7763770855138,1546.8296644941997
Fabio Fognini,20250630-M-Wimbledon-R128-Fabio_Fognini-Carlos_Alcaraz,0.5861628100026426,0.6583578800379107,0.46064774437441985,0.0388671423611296,0.04686332334647338,0.3396578214857043,0.16328847684997694,0.23879387520853615,0.5304333255767518,0.5437493807698411,0.5827852942405075,0.5890306534654417,0.3384794729876247,0.2173956276289123,0.4300963635103725,0.445785870874578,0.4768147566906432,0.43955912139392156,0.4960978958480826,0.5155308464957712,1398.1051059515012,1478.2116506848267
Fabrice Santoro,20080117-M-Australian_Open-R64-Roger_Federer-Fabrice_Santoro,0.631442617588695,0.6050892362376898,0.439226727272065,0.03632888213068089,0.026538017376957577,0.3606700549799553,0.1274498697297214,0.11740423458104869,0.43806700110176044,0.4935458480913026,0.5555186706346494,0.6311828916726274,0.34031882623052395,0.09374298776321144,0.4848072212042475,0.5251948385788182,0.45941740578830575,0.4496713690537984,0.3666493308369739,0.31958608058608057,1513.8284747361492,1453.459469558196
Facundo Arguello,20140103-M-Sao_Paulo_CH-QF-Gastao_Elias-Facundo_Arguello,,,,,,,,,,,,,,,,,,,,,1500.0,1500.0
Facundo Bagnis,20240227-M-Santiago-R32-Facundo_Bagnis-Luciano_Darderi,0.6248542782779685,0.6858892219651713,0.4058298904846219,0.04805728257473478,0.032357567497069084,0.3266485797307715,0.12742866419864832,0.25093876517709146,0.4393356643356643,0.7195346320346321,0.6483046932742055,0.6448019407701914,0.3517055860805861,0.18418040293040294,0.509770092007538,0.48358239693143346,0.4231191767487137,0.3793103448275862,0.4827586206896552,0.34782608695652173,1521.1060798122812,1498.3896703271814
Facundo Diaz Acosta,20250109-M-Auckland-QF-Facundo_Diaz_Acosta-Gael_Monfils,0.6288579856721449,0.7524786324786324,0.5748238116659169,0.024273072060682677,0.03388959123472398,0.3315046679091092,0.15238605822399223,0.14309722611497488,0.638235294117647,0.9259259259259259,0.6627106983144135,0.5354317165462676,0.357487922705314,0.0924775707384403,0.5765718299964875,0.6213793103448276,0.5294840294840295,0.4296875,0.37254901960784315,0.5882352941176471,1523.2740229058477,1494.146534965426
Facundo Mena,20211008-M-Santiago_CH-QF-Facundo_Mena-Sebastian_Baez,,,,,,,,,,,,,,,,,,,,,1500.0,1500.0
Farrukh Dustov,20151116-M-Brescia_CH-QF-Igor_Sijsling-Farrukh_Dustov,0.7052927024859663,0.47580645161290325,0.3333333333333333,0.0202485966319166,0.0,0.22737556561085975,0.10194805194805195,0.2396103896103896,0.34090909090909094,0.5089285714285714,0.45535714285714285,0.78125,0.19583333333333336,0.2125,0.42857142857142855,0.2647058823529412,0.45,0.2857142857142857,0.2727272727272727,0.5,1499.263693206478,1499.263693206478
Federico Agustin Gomez,20241101-M-Guayaquil_CH-QF-Federico_Agustin_Gomez-Alex_Barrena,,,,,,,,,,,,,,,,,,,,,1500.0,1500.0
Federico Arnaboldi,20250523-M-Roland_Garros-Q3-Maximilian_Marterer-Federico_Arnaboldi,,,,,,,,,,,,,,,,,,,,,1500.0,1500.0
Federico Cina,20250321-M-Miami_Masters-R64-Grigor_Dimitrov-Federico_Cina,0.596171802054155,0.6844318181818182,0.4959432048681542,0.038048552754435104,0.024976657329598504,0.36698659092949426,0.16344487053436998,0.13423646660595792,0.6216666666666667,0.3428571428571428,0.691086691086691,0.5691900691900692,0.30694677871148457,0.05047619047619047,0.3333333333333333,0.375,0.47058823529411764,0.5379726468222044,0.5965608465608465,0.5507246376811594,1483.4399102347697,1483.2976013366472
Federico Coria,20250213-M-Buenos_Aires-R16-Federico_Coria-Joao_Fonseca,0.6738725552454675,0.5729049603507376,0.46517215838557874,0.03182178932178932,0.03471696982225006,0.36557716120010286,0.10710614705682639,0.21017637889423404,0.4836156597026162,0.44653679653679657,0.5075705382196689,0.6596360695035794,0.37551871839140916,0.17060727076354693,0.46933766064200844,0.3909423909423909,0.4778626259888119,0.44050077402977045,0.5018221713369339,0.41415032638436894,1474.6071008161991,1465.9153095303436
Federico Delbonis,20230523-M-Roland_Garros-Q1-Nicolas_Mejia-Federico_Delbonis,0.641911044260288,0.6601722047671347,0.5028926054261452,0.04430284702391338,0.03862937929546103,0.3145369908540903,0.13828244720155863,0.1975423070892089,0.5751591989693837,0.49206010039343373,0.604662487323626,0.6417548460833314,0.30302268501059965,0.14404137312973175,0.4721748358354136,0.5364920093034751,0.4597935616356669,0.4175838818648667,0.47703664327058504,0.4867665594260018,1492.4039183065188,1477.5418765845295
Federico Gaio,20200126-M-Bangkok_CH-F-Robin_Haase-Federico_Gaio,0.5555555555555556,0.56,0.5,0.0,0.044444444444444446,0.2549019607843137,0.15625,0.28125,0.6,0.0,0.5,0.5714285714285714,0.1111111111111111,0.3888888888888889,,,,0.42028985507246375,0.2777777777777778,0.3333333333333333,1484.6287496020343,1500.0
Federico Luzzi,20010508-M-Rome_Masters-R64-Arnaud_Clement-Federico_Luzzi,,,,,,,,,,,,,,,,,,,,,1500.0,1500.0
Feliciano Lopez,20230418-M-Barcelona-R64-Feliciano_Lopez-David_Goffin,0.5690350670455332,0.766904628843806,0.4768707350047375,0.1252884388668724,0.047555687301008016,0.2796341924286282,0.1641755678448307,0.19649256944661614,0.3739605914770424,0.5763135557253204,0.6422364592965366,0.565258469075292,0.27086510768789684,0.1840691316754717,0.48585192866568283,0.4627287748868596,0.42504963074773033,0.4741408370190485,0.45131902753728653,0.437325518219155,1478.3853898052805,1456.4308182853533
Felipe Meligeni Alves,20260326-M-Sao_Paulo_CH-R16-Felipe_Meligeni_Alves-Jaime_Faria,0.5955056179775281,0.5471698113207547,0.5,0.02247191011235955,0.02247191011235955,0.3711340206185567,0.13440860215053763,0.2903225806451613,0.68,0.6153846153846154,0.6923076923076923,0.5897435897435898,0.4782608695652174,0.13043478260869565,,,,0.4537037037037037,0.5217391304347826,0.3125,1484.0,1484.0
Felix Auger Aliassime,20260227-M-Dubai-SF-Daniil_Medvedev-Felix_Auger_Aliassime,0.6403471387819554,0.7642229289882875,0.48381012404325263,0.12405174871101049,0.04810794579758471,0.34251251985548425,0.1973427886913606,0.19789567607866562,0.46080179313902775,0.6256076708867484,0.6802870484829451,0.6391857799682805,0.3388481132019067,0.1904749688455679,0.530666302338559,0.48370962152493263,0.46541293912239834,0.48785720757831436,0.5170336772604258,0.5032635883313528,1462.693640249976,1510.9620023632206
Felix Mantilla,20040528-M-Roland_Garros-R64-Felix_Mantilla-Marat_Safin,0.629587813003186,0.7061974889077692,0.5183189655172414,0.027219564061669324,0.040320662130582614,0.32316678247591596,0.09668982639243913,0.11824975533786546,0.4753787878787879,0.8671023965141612,0.7268891949198855,0.6287297527706736,0.40191387559808617,0.06539074960127592,0.5175438596491229,0.5733333333333334,0.42592592592592593,0.45268474215842636,0.400709219858156,0.6201923076923077,1503.2325993837062,1506.6707394394698
Fernando Gonzalez,20100124-M-Australian_Open-R16-Andy_Roddick-Fernando_Gonzalez,0.6156477068543159,0.7266898279930328,0.4829530698552577,0.08512909411576963,0.04289697473541188,0.35572396609551565,0.20143637149221724,0.174868355328661,0.5302383284932578,0.6088313201949566,0.6193956997725841,0.5873517686236821,0.3501135504616371,0.14030624148833615,0.49234152106277956,0.48198149324837275,0.4960152261277726,0.49590703843622475,0.5161733484056942,0.5018327651629948,1370.024946479475,1334.0936782482436
Fernando Meligeni,19960803-M-Olympics-BR-Leander_Paes-Fernando_Meligeni,,,,,,,,,,,,,,,,,,,,,1500.0,1500.0
Fernando Romboli,20160307-M-Puebla_CH-Q3-Fernando_Romboli-Stefano_Napolitano,,,,,,,,,,,,,,,,,,,,,1500.0,1500.0
Fernando Verdasco,20220830-M-US_Open-R128-Soon_Woo_Kwon-Fernando_Verdasco,0.6687080308630906,0.6763911556871277,0.47583040954562245,0.0743216587590025,0.041155108192183536,0.3426907068487796,0.16491001448787013,0.21050893838033427,0.5234060832246207,0.6118945695073514,0.6245320064943071,0.662707492114873,0.3313365152789147,0.17084276525730943,0.48092342108426295,0.4691918635851611,0.45323736508092927,0.49343757231346963,0.4976771038915285,0.49494437312885287,1601.3086239688826,1557.905133496281
Fernon Wibier,19961030-M-Paris_Masters-R16-Stefan_Edberg-Fernon_Wibier,,,,,,,,,,,,,,,,,,,,,1500.0,1500.0
Filip Bergevi,20220913-M-Rennes_CH-R32-Filip_Bergevi-Evan_Furness,,,,,,,,,,,,,,,,,,,,,1500.0,1500.0
Filip Cristian Jianu,20241103-M-Brazzaville_CH-F-Goncalo_Oliveira-Filip_Cristian_Jianu,,,,,,,,,,,,,,,,,,,,,1500.0,1500.0
Filip Dewulf,19970606-M-Roland_Garros-SF-Gustavo_Kuerten-Filip_Dewulf,,,,,,,,,,,,,,,,,,,,,1500.0,1500.0
Filip Horansky,20210414-M-Split_CH-R16-Filip_Horansky-Thanasi_Kokkinakis,,,,,,,,,,,,,,,,,,,,,1500.0,1500.0
Filip Krajinovic,20230410-M-Monte_Carlo_Masters-R64-Roberto_Bautista_Agut-Filip_Krajinovic,0.6421440109664033,0.6914289412480765,0.5109555344175862,0.05488159821546045,0.025914132585301373,0.32619712285486047,0.1830891682573537,0.16319183296229678,0.34258092071183066,0.5858780108780108,0.6340600455640611,0.6514454207645328,0.32340575350646356,0.12268389930738424,0.4681294717996772,0.43819274103815825,0.47994693033908725,0.4648283522393973,0.5113335869058095,0.5426760156276963,1427.925165621906,1453.2379841081581
Filip Misolic,20250531-M-Roland_Garros-R32-Novak_Djokovic-Filip_Misolic,0.5950591075591075,0.7655420774635604,0.523214683600713,0.03732794982794983,0.029505217005217008,0.450671906693712,0.15978533855402627,0.14322487064192158,0.5146953940057388,0.518452380952381,0.6985367063492063,0.6188492063492064,0.48384553299807537,0.1615043148941454,0.4873417721518987,0.5323809523809524,0.6696832579185521,0.6332528180354267,0.5357142857142857,0.5,1498.154314227463,1500.026679200627
Filippo Volandri,20070512-M-Rome_Masters-SF-Fernando_Gonzalez-Filippo_Volandri,0.6315497045743512,0.6311921296296297,0.49575765790187043,0.014807383627608346,0.035904715879344365,0.45068929160324706,0.11105224385173525,0.19466183282371108,0.5665445665445665,0.5092857142857143,0.5599916943521595,0.5933250276854928,0.4282646773308572,0.18645306009965712,0.47761194029850745,0.5517241379310345,0.5526315789473685,0.4919133336676082,0.5151295836779708,0.5486394557823129,1473.1042484440889,1476.3160371472127
Fitriadi M Rifqi,20230204-M-Davis_Cup_WG2-PO-Fitriadi_M_Rifqi-Minhtuan_Pham,,,,,,,,,,,,,,,,,,,,,1500.0,1500.0
Flavio Cobolli,20260430-M-Madrid_Masters-QF-Alexander_Zverev-Flavio_Cobolli,0.5760926306179399,0.6868186242397727,0.4747052061993412,0.05413392864856974,0.03441444571417864,0.3109576436727484,0.15417568933063458,0.20539522885918315,0.5127000307455452,0.5469602035391509,0.6099672873680904,0.5596762434740694,0.3046432054992113,0.16128888774238892,0.48430477371288166,0.4727031121305835,0.4066194581280788,0.45252206298464726,0.4275880339472026,0.5267594644999084,1440.2851555199638,1489.3524822546594
Flavio Saretta,20030114-M-Australian_Open-R128-Roger_Federer-Flavio_Saretta,,,,,,,,,,,,,,,,,,,,,1500.0,1500.0
Florent Serra,20100414-M-Monte_Carlo_Masters-R32-Novak_Djokovic-Florent_Serra,0.6153846153846154,0.5625,0.4,0.0,0.02564102564102564,0.423728813559322,0.13138686131386862,0.25547445255474455,0.8333333333333334,0.5,0.4864864864864865,0.5945945945945946,0.35,0.1,0.45,0.40540540540540543,0.55,,,,1512.9105675206006,1513.9099756680694
Florian Mayer,20170117-M-Australian_Open-R128-Rafael_Nadal-Florian_Mayer,0.6359898140385657,0.6711642269969482,0.46736859545683074,0.055532732462973744,0.011139886218039413,0.30870029275344796,0.1185440837449937,0.1295241388406788,0.4000548793311951,0.5489583333333333,0.6000405599592082,0.6490014561471069,0.245666782334739,0.10942457740058359,0.40789473684210525,0.48,0.47368421052631576,0.46286717949742895,0.4353186332004066,0.46056935006522715,1427.758708191558,1453.5862146019335
Frances Tiafoe,20260326-M-Miami_Masters-QF-Frances_Tiafoe-Jannik_Sinner,0.6033115324587252,0.7224693658327421,0.5206904143980166,0.08997674700757463,0.026315895820852593,0.33575126709791714,0.17120799699304143,0.17405462659477267,0.43158510706026776,0.5788348939309323,0.6515968578225317,0.600356714673036,0.3244444868441823,0.15103375827288235,0.489875713220685,0.4678968300570634,0.4671385931507389,0.4818314846213402,0.506871969030505,0.49606368695334196,1289.235486347973,1297.3728575371097
Francesco Maestrelli,20220716-M-Verona_CH-F-Pedro_Cachin-Francesco_Maestrelli,,,,,,,,,,,,,,,,,,,,,1500.0,1500.0
Francesco Passaro,20241119-M-Montemar_CH-R32-Francesco_Passaro-Nicolai_Budkov_Kjaer,0.5932203389830508,0.4857142857142857,0.2916666666666667,0.0,0.03389830508474576,0.42592592592592593,0.11504424778761062,0.2831858407079646,0.8461538461538461,0.4166666666666667,0.34615384615384615,0.5769230769230769,0.48148148148148145,0.2222222222222222,0.46296296296296297,0.3448275862068966,0.4,,,,1510.2525867311608,1512.0421264711997
Francisco Cerundolo,20251030-M-Paris_Masters-R16-Jannik_Sinner-Francisco_Cerundolo,0.656442900780129,0.6592614867068075,0.48046785885905563,0.0370965673361134,0.03816477540757256,0.3856329830149878,0.17971601997433706,0.22572593029694593,0.6099308970488498,0.6024001186124572,0.5978349118838392,0.6528693359246266,0.3693883921770541,0.21948903602201636,0.4762420059417277,0.5106211184335155,0.4857147747764453,0.4722723200874708,0.512583875299922,0.5265359859932235,1503.6753166321819,1516.9144521216822
Francisco Clavet,19980802-M-Kitzbuhel-SF-Andrea_Gaudenzi-Francisco_Clavet,0.7194244604316546,0.63,0.6410256410256411,0.007194244604316547,0.007194244604316547,0.36363636363636365,0.18846153846153846,0.1346153846153846,0.6122448979591837,0.6875,0.6065573770491803,0.7213114754098361,0.3888888888888889,0.07407407407407407,0.4825174825174825,0.5625,0.5094339622641509,,,,1515.5502416938452,1515.1424159782396
Francisco Comesana,20251015-M-Brussels-R16-Francisco_Comesana-Raphael_Collignon,0.6587273057075917,0.6876746754337613,0.3835197390375434,0.11651916530762246,0.05084888617514744,0.3488776898753811,0.1735881703742909,0.1933143762283483,0.3824155419743655,0.5204861111111111,0.6042251461988304,0.6321599769626085,0.3701609095201772,0.1455953872777181,0.5015186224272173,0.3835356573931843,0.4252433167580432,0.47729149463253506,0.5863095238095238,0.39849624060150374,1578.5685481577289,1581.5763090383289
Francisco Llanes,20210918-M-Davis_Cup_Group_I-RR-Francisco_Llanes-Botic_Van_De_Zandschulp,,,,,,,,,,,,,,,,,,,,,1500.0,1500.0
Franco Skugor,20190212-M-Rotterdam-R32-Denis_Shapovalov-Franco_Skugor,,,,,,,,,,,,,,,,,,,,,1500.0,1500.0
Franco Squillari,20020415-M-Monte_Carlo_Masters-R64-Richard_Gasquet-Franco_Squillari,0.6818181818181818,0.5555555555555556,0.6190476190476191,0.0,0.045454545454545456,0.3625,0.14383561643835616,0.2328767123287671,0.9047619047619048,0.4444444444444444,0.5217391304347826,0.6956521739130435,0.38235294117647056,0.17647058823529413,0.3939393939393939,0.631578947368421,0.40476190476190477,,,,1516.0,1516.0
Frank Dancevic,20160304-M-Davis_Cup_World_Group_R1-RR-Frank_Dancevic-Gael_Monfils,0.5882352941176471,0.8333333333333334,0.47619047619047616,0.0392156862745098,0.0196078431372549,0.42857142857142855,0.18421052631578946,0.07894736842105263,0.42857142857142855,0.0,0.9285714285714286,0.42857142857142855,0.3103448275862069,0.034482758620689655,0.4931506849315068,0.5909090909090909,0.6842105263157895,,,,1517.6940120112463,1500.0
Gabriel Decamps,20221025-M-Brest_CH-R32-Benjamin_Bonzi-Gabriel_Decamps,,,,,,,,,,,,,,,,,,,,,1500.0,1500.0
Gabriel Diallo,20250812-M-Cincinnati_Masters-R32-Gabriel_Diallo-Jannik_Sinner,0.6452062119073457,0.6951232909422418,0.4982787016649893,0.10802029138637985,0.03920632520504787,0.3088579513170808,0.18340707329620526,0.21734489550164265,0.44423213846010606,0.5222648563557655,0.6210570514605186,0.6302695226938175,0.33101719878848385,0.1792965887685344,0.48524048609172926,0.4519311157969835,0.3620929136700144,0.5108455882352941,0.5907738095238095,0.4391304347826087,1636.3340387107373,1607.391769165886
Gabriel Markus,19920528-M-Roland_Garros-R64-Stefan_Edberg-Gabriel_Markus,,,,,,,,,,,,,,,,,,,,,1500.0,1500.0
Gabriele Felline,20131001-M-Nike_Junior_Tour-F-Jannik_Sinner-Gabriele_Felline,,,,,,,,,,,,,,,,,,,,,1500.0,1500.0
Gael Monfils,20260405-M-Monte_Carlo_Masters-R64-Tallon_Griekspoor-Gael_Monfils,0.6160112392305542,0.7299174027127283,0.47908391811369816,0.09634875749143502,0.049202282822474123,0.36886366988644975,0.1728883539906758,0.18608429583261057,0.4222045218680186,0.5879758108539709,0.6480907122692423,0.6097040231958204,0.3563123481128774,0.1523930492065698,0.5291032173906798,0.5032613030528647,0.4975470599181194,0.5029122214497639,0.4773190431677551,0.4668575242054304,1628.0780127896357,1484.58457095435
Galo Blanco,20010304-M-Acapulco-F-Galo_Blanco-Gustavo_Kuerten,0.6869565217391305,0.6329113924050633,0.5,0.017391304347826087,0.034782608695652174,0.23255813953488372,0.12935323383084577,0.21890547263681592,0.6538461538461539,0.8333333333333334,0.6271186440677966,0.6610169491525424,0.2608695652173913,0.08695652173913043,,,,0.45255474452554745,0.3783783783783784,0.4444444444444444,1486.2499496742523,1485.3718817715946
Gary Muller,19920624-M-Wimbledon-R64-Gary_Muller-Stefan_Edberg,,,,,,,,,,,,,,,,,,,,,1500.0,1500.0
Gastao Elias,20140103-M-Sao_Paulo_CH-QF-Gastao_Elias-Facundo_Arguello,,,,,,,,,,,,,,,,,,,,,1500.0,1500.0
Gaston Etlis,19960115-M-Australian_Open-R128-Gaston_Etlis-Andre_Agassi,,,,,,,,,,,,,,,,,,,,,1500.0,1500.0
Gaston Gaudio,20051119-M-Masters_Cup-SF-Roger_Federer-Gaston_Gaudio,0.6254793740316813,0.6735712632900925,0.4240640936875409,0.03570353292014106,0.05817788245725718,0.4010215053844907,0.15163562929833235,0.19745328134959528,0.5104509580307843,0.5589445923296855,0.5842665755298624,0.6128174528391954,0.4207543010623644,0.1813938098971772,0.48716647608157043,0.5262159193049036,0.515096397410639,0.49277494498636976,0.5051131434355118,0.46226495726495725,1492.2360176461905,1486.2491501904874
Gavin Van Peperzeel,20151123-M-Toyota_CH-R32-Sho_Katayama-Gavin_Van_Peperzeel,,,,,,,,,,,,,,,,,,,,,1500.0,1500.0
Genaro Alberto Olivieri,20240529-M-Vicenza_CH-R16-Genaro_Alberto_Olivieri-Adrian_Andreev,,,,,,,,,,,,,,,,,,,,,1500.0,1500.0
George Bastl,20050621-M-Wimbledon-R128-George_Bastl-Andy_Murray,,,,,,,,,,,,,,,,,,,,,1500.0,1500.0
Gerald Melzer,20160420-M-Savannah_CH-R16-Tennys_Sandgren-Gerald_Melzer,,,,,,,,,,,,,,,,,,,,,1500.0,1500.0
Germain Gigounon,20150526-M-Roland_Garros-R128-Richard_Gasquet-Germain_Gigounon,,,,,,,,,,,,,,,,,,,,,1500.0,1500.0
Gianluca Mager,20210602-M-Roland_Garros-R64-Jannik_Sinner-Gianluca_Mager,0.5927631578947368,0.6885307346326837,0.40620031796502387,0.056578947368421055,0.053289473684210525,0.34727668845315907,0.10366430260047281,0.19757683215130023,0.5795454545454546,0.29166666666666663,0.5583333333333333,0.5416666666666666,0.25142857142857145,0.21904761904761905,0.5333333333333333,0.5166666666666667,0.4444444444444444,0.4,0.4230769230769231,0.3333333333333333,1498.2859722454632,1515.832401636103
Gianluca Pozzi,20000901-M-US_Open-R64-Marat_Safin-Gianluca_Pozzi,,,,,,,,,,,,,,,,,,,,,1500.0,1500.0
Gianluigi Quinzi,20190222-M-Bergamo_CH-QF-Jannik_Sinner-Gianluigi_Quinzi,0.5645161290322581,0.6857142857142857,0.37037037037037035,0.016129032258064516,0.06451612903225806,0.24489795918367346,0.12612612612612611,0.12612612612612611,0.6428571428571429,0.42857142857142855,0.4583333333333333,0.7083333333333334,0.14285714285714285,0.07142857142857142,0.4507042253521127,0.34782608695652173,0.35294117647058826,,,,1516.0,1500.0
Gijs Brouwer,20240922-M-Saint_Tropez_CH-F-Gijs_Brouwer-Lucas_Pouille,0.6858914955263553,0.689992772893433,0.5339214141116132,0.062217283616185774,0.029354358556103473,0.34859634577464704,0.1466897715616456,0.18397638728757518,0.5774130781499203,0.5339002267573696,0.650080934288387,0.7063886766222696,0.3723095193120256,0.14247607270664914,0.48523990022227953,0.44537826872565517,0.5630656502367029,0.4825348225900119,0.44827790876641455,0.6446553446553447,1532.3010390894829,1539.2436025075494
Gilles Arnaud Bailly,20250831-M-Porto_CH-F-Guy_Den_Ouden-Gilles_Arnaud_Bailly,0.6159420289855072,0.6470588235294118,0.4528301886792453,0.014492753623188406,0.043478260869565216,0.38,0.08403361344537816,0.13025210084033614,0.5,0.7222222222222222,0.5606060606060606,0.5303030303030303,0.43333333333333335,0.1,,,,0.5454545454545454,0.4406779661016949,0.4625,1475.6561516069924,1500.0
Gilles Muller,20170710-M-Wimbledon-R16-Gilles_Muller-Rafael_Nadal,0.6144089453850478,0.7690816588572073,0.49999218662997674,0.13975074972509552,0.04707578973497377,0.269987670343899,0.2165107597574352,0.16996946341826916,0.4048355007798881,0.7448653910192372,0.6787095053711331,0.5899014272670052,0.27767509030471027,0.13101419085028854,0.5024384955090211,0.42114398900477,0.38228354978354984,0.4850574712643678,0.45798458410176385,0.3804993252361673,1608.134429986906,1558.2689020829391
Gilles Simon,20221103-M-Paris_Masters-R16-Felix_Auger_Aliassime-Gilles_Simon,0.5918292782342195,0.665390295925283,0.5101118532654156,0.04362906020805209,0.026431118060071448,0.38417836896908597,0.1273376676278675,0.161603610721176,0.472549863358592,0.4983664899693608,0.6040774206643169,0.586834105590122,0.3905392990478013,0.11579494067752936,0.4664242564158349,0.5075777289828275,0.49589537355065566,0.46707480203236795,0.5287365059981116,0.5411309638313102,1461.1648616494435,1480.5412129526114
Giorgio Galimberti,20020507-M-Rome_Masters-R64-Alex_Corretja-Giorgio_Galimberti,,,,,,,,,,,,,,,,,,,,,1500.0,1500.0
Giovanni Lapentti,20150331-M-San_Luis_Potosi_CH-R32-Giovanni_Lapentti-Chase_Buchanan,,,,,,,,,,,,,,,,,,,,,1500.0,1500.0
Giovanni Mpetshi Perricard,20260106-M-Brisbane-R32-Giovanni_Mpetshi_Perricard-Tommy_Paul,0.6557629268567797,0.7902978976747764,0.5538759821482088,0.19868981246421896,0.05634128395950304,0.26161247667149207,0.30058981451820915,0.18534132786155152,0.2719533502877453,0.7293492100397472,0.7374525489700188,0.6595649197894808,0.27104873515014194,0.15827441894381283,0.5064123995036571,0.4753210411348814,0.3781445854660927,0.5403300638898438,0.38186369509043927,0.41355675914499446,1646.4600243428722,1589.5811955018642
Giulio Zeppieri,20250526-M-Roland_Garros-R128-Carlos_Alcaraz-Giulio_Zeppieri,0.5479347271800101,0.6339285714285714,0.47875,0.05532891381947986,0.057368689444161146,0.2519912385503783,0.12733957219251335,0.21390374331550804,0.6518518518518519,0.6643356643356644,0.6730158730158731,0.519047619047619,0.21064814814814814,0.18287037037037038,0.4593823760818253,0.2686491935483871,0.46875,,,,1539.9250941947967,1521.4703190620844
Goncalo Oliveira,20241119-M-Puerto_Vallarta_CH-R32-Nishesh_Basavareddy-Goncalo_Oliveira,0.6753799213753447,0.725089605734767,0.6444444444444445,0.0577187114944552,0.010976158344579398,0.34051190329976255,0.21088288962709964,0.1929513872643054,0.5935648148148148,0.5555555555555555,0.6316770186335404,0.6822981366459627,0.33423913043478265,0.25271739130434784,0.5396825396825397,0.6451612903225806,0.625,0.4274436090225564,0.47916666666666663,0.5964285714285715,1480.0019299806522,1484.0
Gonzalo Escobar,20190421-M-Leon_CH-R64-Kevin_King-Gonzalo_Escobar,,,,,,,,,,,,,,,,,,,,,1500.0,1500.0
Gonzalo Lama,20140429-M-Cali_CH-R32-Mathias_Bourgue-Gonzalo_Lama,,,,,,,,,,,,,,,,,,,,,1500.0,1500.0
Goran Ivanisevic,20011116-M-Masters_Cup-RR-Goran_Ivanisevic-Gustavo_Kuerten,0.5497722568052497,0.819881230625384,0.5055405433191738,0.20017622140249794,0.06371045001065224,0.3144675417203557,0.21997921718378097,0.15901643916676234,0.3071293393009994,0.6115547835727575,0.6881422429804085,0.5277740006197706,0.3119719136311428,0.14758537117974435,0.5100796730319822,0.47586600417016517,0.3719861204555082,0.5040384818503105,0.46838054861246964,0.46471792851245575,1429.9033215047684,1289.9154071327298
Goran Prpic,19920529-M-Roland_Garros-R32-Goran_Prpic-Andre_Agassi,,,,,,,,,,,,,,,,,,,,,1500.0,1500.0
Govind Nanda,20241115-M-Champaign_CH-QF-Govind_Nanda-Nishesh_Basavareddy,,,,,,,,,,,,,,,,,,,,,1500.0,1500.0
Greg Rusedski,20050813-M-Canada_Masters-SF-Greg_Rusedski-Andre_Agassi,0.5791626927368088,0.7524435256565973,0.5173962894202281,0.11650563258124176,0.052986391312116986,0.29146795028514016,0.1912644962974235,0.1404602474279365,0.3877139294016188,0.611776544748681,0.6648153160306085,0.5757205988540601,0.28858418749251596,0.1456208227828483,0.5001366885585175,0.44100782352453216,0.5107965473490722,0.47805900570169424,0.4132436708481387,0.45138888888888884,1607.8032977263392,1607.8177561477678
Grega Zemlja,20160415-M-Gwangju_CH-QF-Grega_Zemlja-Matt_Reid,,,,,,,,,,,,,,,,,,,,,1500.0,1500.0
Gregoire Barrere,20240528-M-Roland_Garros-R128-Alexander_Bublik-Gregoire_Barrere,0.5876257074522395,0.6387687722701029,0.464260367625864,0.04306510497101969,0.03585681421296371,0.3200839833766311,0.1382932156570979,0.18587513869611544,0.4249266675353632,0.5291875522138679,0.6004614216951879,0.5786536983939581,0.3240848175779938,0.12370393256365365,0.4460262696001975,0.4133687146187146,0.46131388452817024,0.4951817033237329,0.47919909391683585,0.37455242966751917,1534.5294494971008,1470.7495654647614
Grigor Dimitrov,20260307-M-Indian_Wells_Masters-R64-Carlos_Alcaraz-Grigor_Dimitrov,0.6237452366536161,0.7468412839003462,0.5022496283759933,0.08704726942072517,0.0438260207176747,0.3575498225524283,0.18058064519540845,0.18238112233506681,0.47565190392725687,0.5951891450526008,0.6613242248985095,0.6126798171868593,0.35675199891568093,0.14774065752690296,0.5014432968074282,0.5181004900306815,0.520851094567962,0.4852879633136121,0.5241409924059957,0.5167871868262228,1777.6149910685865,1741.6261573481713
Guido Andreozzi,20190307-M-Indian_Wells_Masters-R128-Ilya_Ivashka-Guido_Andreozzi,0.6338028169014085,0.5777777777777777,0.38461538461538464,0.028169014084507043,0.08450704225352113,0.3548387096774194,0.12781954887218044,0.2556390977443609,0.5882352941176471,0.6666666666666666,0.45,0.675,0.3793103448275862,0.3103448275862069,,,,0.4696969696969697,0.43333333333333335,0.3783783783783784,1483.037822343933,1500.0
Guido Pella,20210202-M-ATP_Cup-RR-Andrey_Rublev-Guido_Pella,0.6681387318770811,0.6716654789383579,0.4903536506571371,0.0573874256728448,0.02574325826004177,0.37499924344386576,0.1349217628011314,0.17467518117808198,0.4793565152601811,0.5611789445122778,0.6132938622296953,0.6657775645422611,0.3637846470120728,0.13820626335397238,0.4995972653103158,0.46590983768249916,0.4244033202872717,0.49640990456810385,0.527215329061511,0.515110527574858,1510.089262254605,1487.3231731117132
Guillermo Canas,20070325-M-Miami_Masters-F-Novak_Djokovic-Guillermo_Canas,0.5777621458930865,0.6648505150660322,0.485863739435168,0.0716058634743156,0.03386212911527071,0.32908826287127946,0.13759854427053306,0.15304788608482575,0.5924270947233151,0.3961245104102247,0.5813797494058807,0.5031414136538888,0.32801841795986997,0.12443628190700791,,,,0.4468711061605986,0.42569497408207085,0.5180340294012342,1403.3255892318268,1436.0619965367086
Guillermo Coria,20051117-M-Masters_Cup-RR-Guillermo_Coria-Roger_Federer,0.6823137995687293,0.6494945746832161,0.49501095648113824,0.037420075458732535,0.036111922726492274,0.39136304778289266,0.1296763842624107,0.15598871069863587,0.5477982327236757,0.533484326131385,0.6381827192098611,0.6565507483724727,0.3884366116558843,0.10587011595351775,0.5290637604804872,0.5048904008455763,0.547195083397615,0.46642986239878986,0.4656031558413303,0.4982792547432629,1402.9712484864954,1473.7819202490275
Guillermo Garcia Lopez,20190609-M-Prostejov_CH-R32-Karim_Mohamed_Maamoun-Guillermo_Garcia_Lopez,0.56079075741864,0.7452442527398557,0.49824363279740846,0.06384268898394779,0.03898290572962795,0.3557928566356581,0.1428324009781669,0.1296708599814969,0.5237763429573774,0.6067901234567902,0.6385360855829922,0.531020942802149,0.3612089388812982,0.10487553263222671,0.5026671408250355,0.5396361273554255,0.48377549564969335,0.4723956437354105,0.5069050579074789,0.5372835497835498,1458.6476974476386,1486.9192075498645
Guillermo Vilas,19860624-M-Wimbledon-R128-Guillermo_Vilas-Pat_Cash,0.6225914211406188,0.5594953009436133,0.5119933554817276,0.017566788391312704,0.04876176492784818,0.3859497876754514,0.15617658855621916,0.1979814622112049,0.6171888583848089,0.5066666666666666,0.5123214869441285,0.5595585062566195,0.3864800879030891,0.1644084653182804,0.5552631578947369,0.5,0.46645195920558236,0.3917350848385331,0.5065684732351399,0.5224823485693051,1486.7900753705694,1468.736306793522
Gustavo Kuerten,20070228-M-Las_Vegas-RR-Benjamin_Becker-Gustavo_Kuerten,0.5337592628506627,0.77076867538795,0.5387680588397156,0.10750991057930626,0.02610983881566645,0.3707430428963763,0.19468326419346682,0.16826838541731226,0.4045073461757498,0.6215801012695932,0.6620729204215628,0.5292311220748439,0.34097698182298647,0.17115811805418615,0.5268396717855746,0.5169959265426279,0.5161083076138792,0.5071835041704242,0.5158513925381061,0.5216248148701149,1428.0884472913626,1346.2395979663484
Guy Den Ouden,20260211-M-Rotterdam-R32-Marton_Fucsovics-Guy_Den_Ouden,0.6305149832153274,0.6934070404785221,0.4686444298586398,0.04327416728341733,0.04975171932553006,0.3612082764140139,0.14794321572925725,0.19152695741496117,0.5835130707801515,0.6389309764309764,0.5884573678352479,0.6013629659943024,0.35571273964131106,0.17936765615337044,0.46648394360876555,0.5114021794827004,0.5876164017080825,0.411214953271028,0.5428571428571428,0.4090909090909091,1567.9306420951311,1532.271763586448
Guy Forget,19960624-M-Wimbledon-R128-Stefan_Edberg-Guy_Forget,0.5599853654546507,0.7762028531885393,0.5216973789992911,0.12980403459434914,0.02481295264437104,0.29575707746653473,0.18214659339221273,0.15439429102683236,0.37657362300796304,0.5307900432900433,0.6654615296834665,0.5601911466134571,0.30182645348242737,0.17853775870616828,0.48890413742878597,0.42004376766685764,0.5577486120964381,0.5180797097626604,0.46099453264398693,0.5149630444439961,1503.6236931556373,1501.344919850362
Hady Habib,20250115-M-Australian_Open-R64-Ugo_Humbert-Hady_Habib,,,,,,,,,,,,,,,,,,,,,1500.0,1500.0
Hamad Medjedovic,20260212-M-Rotterdam-R16-Hamad_Medjedovic-Felix_Auger_Aliassime,0.6325060866992617,0.7325334807880499,0.4525831847462537,0.12044303361261238,0.06273892912956125,0.28407933509705147,0.22111596217919627,0.21841933088912016,0.3256683101003588,0.5710239651416121,0.6056920031889397,0.6049609463235665,0.3291094100516851,0.12472940660546773,0.4623893176233261,0.47000385888538504,0.4874727668845316,0.4796687636394052,0.4850571694194919,0.3911363636363636,1522.5481854325321,1517.5706896545478
Harel Levy,20000806-M-Canada_Masters-F-Marat_Safin-Harel_Levy,0.6511627906976745,0.7142857142857143,0.26666666666666666,0.023255813953488372,0.011627906976744186,0.43956043956043955,0.12994350282485875,0.14689265536723164,0.43478260869565216,0.6666666666666666,0.6388888888888888,0.7222222222222222,0.38095238095238093,0.07142857142857142,,,,0.49411764705882355,0.5306122448979592,0.46511627906976744,1484.5116053956185,1484.5386237935234
Harold Mayot,20260109-M-Bengaluru_CH-SF-Timofey_Skatov-Harold_Mayot,0.574468085106383,0.7777777777777778,0.65,0.02127659574468085,0.02127659574468085,0.4423076923076923,0.1111111111111111,0.15151515151515152,0.6363636363636364,,0.6666666666666666,0.7222222222222222,0.35,0.15,,,,0.5106382978723404,0.625,0.6428571428571429,1484.0,1484.0
Harold Solomon,19800606-M-Roland_Garros-SF-Bjorn_Borg-Harold_Solomon,,,,,,,,,,,,,,,,,,,,,1500.0,1500.0
Harry Wendelken,20251019-M-Hersonissos_CH-F-Maxim_Mrva-Harry_Wendelken,0.5079365079365079,0.75,0.5483870967741935,0.0873015873015873,0.023809523809523808,0.3865546218487395,0.15918367346938775,0.1469387755102041,0.4358974358974359,0.75,0.7083333333333334,0.5416666666666666,0.391304347826087,0.13043478260869565,0.5315315315315315,0.6595744680851063,0.4367816091954023,,,,1514.970604662131,1515.0663812933258
Hendrik Dreekmann,19970626-M-Wimbledon-R64-Pete_Sampras-Hendrik_Dreekmann,0.5537015726889145,0.6697994987468672,0.40508365508365507,0.022759237949111367,0.054404807569364534,0.28391123439667126,0.15039205262808159,0.1789986045584424,0.6421052631578947,0.375,0.5071022727272727,0.49573863636363635,0.24545454545454543,0.1318181818181818,0.42857142857142855,0.37254901960784315,0.52,0.3838383838383838,0.47058823529411764,0.5,1504.1566473880616,1500.0
Henri Laaksonen,20220118-M-Australian_Open-R128-Daniil_Medvedev-Henri_Laaksonen,0.7310049019607843,0.694220816561242,0.6829004329004329,0.10477941176470588,0.007352941176470588,0.43656716417910446,0.19340277777777776,0.14733796296296298,0.587203302373581,0.7777777777777778,0.783732057416268,0.7937799043062201,0.47766884531590414,0.08496732026143791,,,,0.5412477823772915,0.5220125786163522,0.6858974358974359,1465.632176461721,1482.4070021556704
Henri Leconte,19960527-M-Roland_Garros-R128-Henri_Leconte-Thomas_Johansson,0.5238068378402637,0.7092093314718068,0.5113308717885873,0.05219665932399364,0.044169203581008114,0.3692837364819761,0.19603395842668161,0.18461861189347362,0.48854591252407326,0.4858611626468769,0.6214570782715408,0.4697656044312007,0.37077591164736334,0.18338251516340057,0.49436032059765955,0.5278393289787179,0.500969887955182,0.4734642232175223,0.4979064027228826,0.5263186089273046,1509.118156057079,1486.4360915381988
Henri Squire,20240527-M-Roland_Garros-R128-Max_Purcell-Henri_Squire,,,,,,,,,,,,,,,,,,,,,1500.0,1500.0
Henrik Holm,19940524-M-Roland_Garros-R128-Henrik_Holm-Stefan_Edberg,,,,,,,,,,,,,,,,,,,,,1500.0,1500.0
Henrik Sundstrom,19850406-M-Monte_Carlo_Masters-SF-Henrik_Sundstrom-Ivan_Lendl,,,,,,,,,,,,,,,,,,,,,1500.0,1500.0
Henrique Rocha,20241021-M-Curitiba_CH-R32-Karue_Sell-Henrique_Rocha,0.4533333333333333,0.6470588235294118,0.5609756097560976,0.04,0.05333333333333334,0.3230769230769231,0.09285714285714286,0.2785714285714286,0.7692307692307693,0.5,0.47058823529411764,0.4117647058823529,0.3181818181818182,0.13636363636363635,,,,0.4722222222222222,0.37142857142857144,0.5757575757575758,1489.0631730743462,1482.5701187328682
Henry Searle,20250630-M-Wimbledon-R128-Ethan_Quinn-Henry_Searle,,,,,,,,,,,,,,,,,,,,,1500.0,1500.0
Hernan Casanova,20220725-M-Kitzbuhel-R32-Jurij_Rodionov-Hernan_Casanova,,,,,,,,,,,,,,,,,,,,,1500.0,1500.0
Hicham Arazi,20000125-M-Australian_Open-QF-Hicham_Arazi-Andre_Agassi,0.65,0.7115384615384616,0.5,0.0375,0.0125,0.42424242424242425,0.11643835616438356,0.1506849315068493,0.5294117647058824,0.6,0.6176470588235294,0.6470588235294118,0.4782608695652174,0.08695652173913043,,,,0.6060606060606061,0.3684210526315789,0.5952380952380952,1484.0,1500.0
Hiroki Moriya,20140201-M-Burnie_CH-F-Hiroki_Moriya-Matt_Reid,,,,,,,,,,,,,,,,,,,,,1500.0,1500.0
Ho Gi Kang,20160509-M-Seoul_CH-R32-Ho_Gi_Kang-Yuichi_Sugita,,,,,,,,,,,,,,,,,,,,,1500.0,1500.0
Holger Rune,20250731-M-Canada_Masters-R32-Alexandre_Muller-Holger_Rune,0.6183826372011919,0.6969079849406075,0.5136014448724256,0.05674396921605556,0.04257427500344561,0.3520357514052908,0.18909102342480358,0.18339125348172564,0.4838148203847482,0.5751873796708447,0.6339458265574671,0.6052386030874937,0.3450438665873202,0.14228746758337046,0.4656051721956513,0.5231244868081787,0.527148399644686,0.48516600490042694,0.5154103992085877,0.48944862037920217,1390.7409065019292,1397.5497859895656
Horacio Zeballos,20180410-M-Houston-R32-Horacio_Zeballos-Yoshihito_Nishioka,0.6091742731575389,0.6859374717628988,0.6233974358974359,0.07001774847870182,0.029454022988505746,0.29267312553960906,0.16495375364240394,0.19300709941047364,0.38466643196620315,0.5333333333333333,0.7266058696205755,0.6794197224344283,0.22487449085914557,0.159443970825045,0.6056338028169014,0.35,0.7142857142857143,0.4239316239316239,0.48582375478927203,0.600448933782267,1471.283145337046,1484.2081247288525
Hubert Hurkacz,20260422-M-Madrid_Masters-R128-Hubert_Hurkacz-Jaime_Faria,0.638045310659576,0.7720745312442162,0.5361907754771015,0.1483969929847775,0.02291199360872454,0.34400672508302854,0.18344025808875355,0.1753476673007515,0.41012876168892687,0.6588035116487341,0.7013237003889642,0.6423243319166742,0.34444618964476864,0.17637117433807337,0.539811673808615,0.49008518639192034,0.4642825509390654,0.5271933521751465,0.48773878567110757,0.4642369664066949,1809.7376511878595,1777.455959786794
Hugo Dellien,20230530-M-Roland_Garros-R128-Hugo_Dellien-Nicolas_Jarry,0.712372188861915,0.5939375682066989,0.4459287930979107,0.00942669592018738,0.021913846086197175,0.31900637237547336,0.11915846588657984,0.2005936013654005,0.7051433565300398,0.5984522604588394,0.5676487421891834,0.7305135895451298,0.3522911623547891,0.13765058542994651,0.4343428192533052,0.475764763121085,0.4841896574703452,0.38316665424256807,0.49484973574756863,0.46424535916061344,1500.8454283576716,1481.0861503573797
Hugo Gaston,20260120-M-Australian_Open-R128-Jannik_Sinner-Hugo_Gaston,0.5412033930425908,0.7153586440984895,0.5306920621061313,0.026454925859514974,0.042454842727715,0.38481439038487664,0.13231233317535449,0.1448804247107844,0.5955662267537613,0.5737859689330278,0.5955330483164407,0.4822831616815199,0.31846672429432626,0.1249081884792541,0.5262666244225878,0.4142776341305753,0.48942429706805585,0.5175921765511633,0.5426788795023425,0.5037636805385285,1449.4770301994179,1480.5452360195957
Hugo Grenier,20240725-M-Chicago_CH-R16-Hugo_Grenier-Nishesh_Basavareddy,0.611842105263158,0.6136363636363636,0.4553571428571429,0.06304824561403509,0.05482456140350877,0.4121278140885984,0.13890497329987778,0.17744322202920929,0.5083612040133779,0.6666666666666666,0.5336134453781513,0.5915966386554622,0.44089147286821706,0.05329457364341085,0.48152173913043483,0.4888392857142857,0.45999999999999996,,,,1531.235979910926,1529.9780725999744
Hunter Reese,20151109-M-Knoxville_CH-R32-Mischa_Zverev-Hunter_Reese,,,,,,,,,,,,,,,,,,,,,1500.0,1500.0
Hyeon Chung,20190211-M-Rotterdam-R32-Nikoloz_Basilashvili-Hyeon_Chung,0.6059081875431698,0.6125488532777891,0.4623970057171638,0.029468647114256473,0.046456288853849254,0.3738205031021111,0.12617181988347823,0.20824165352564813,0.5777007946864406,0.4662094630515683,0.5752084222602094,0.638235155354491,0.3755352212752514,0.1556894877357805,0.5164021164021164,0.44980158730158726,0.6182983682983684,0.42752036672465593,0.43420577409707845,0.4938784956611315,1446.8719854379135,1450.4098158128727
Hyung Taik Lee,20060810-M-Canada_Masters-R32-Hyung_Taik_Lee-Rafael_Nadal,,,,,,,,,,,,,,,,,,,,,1500.0,1500.0
Ignacio Buse,20250719-M-Gstaad-SF-Juan_Manuel_Cerundolo-Ignacio_Buse,0.7307692307692307,0.6973684210526315,0.42857142857142855,0.057692307692307696,0.009615384615384616,0.35789473684210527,0.12060301507537688,0.21105527638190955,0.3333333333333333,0.8181818181818182,0.6956521739130435,0.7608695652173914,0.4117647058823529,0.11764705882352941,,,,0.4824561403508772,0.4791666666666667,0.5675675675675675,1480.9482860627115,1500.0
Igor Andreev,20100118-M-Australian_Open-R128-Roger_Federer-Igor_Andreev,0.6774372714670029,0.6549151920204551,0.4079618298368299,0.04707098875497213,0.029716758289328623,0.3400118489292538,0.12460529246399454,0.1794050566180939,0.570248194717972,0.5110630110630111,0.5720269729446592,0.7168336658603622,0.3123782191051835,0.14355142984488659,0.4388148667601683,0.4519230769230769,0.2708333333333333,0.4953179852245674,0.47581576240357315,0.44495542586383946,1493.3797388350758,1510.6962605956708
Igor Sijsling,20160304-M-Quimper_CH-QF-Paul_Henri_Mathieu-Igor_Sijsling,0.7503824579296277,0.8956442831215972,0.6083333333333334,0.1741458439571647,0.018867924528301886,0.4395833333333333,0.26816253053876815,0.054455445544554455,0.40398550724637683,1.0,0.8529411764705883,0.6647058823529413,0.4666666666666667,0.06666666666666667,0.5714285714285714,0.4444444444444444,1.0,0.6274509803921569,0.8421052631578947,0.7142857142857143,1499.231343303457,1499.231343303457
Ilie Nastase,19780715-M-Forest_Hills_WCT-SF-Ilie_Nastase-John_Mcenroe,0.5884665792922674,0.6801948051948052,0.6345514950166113,0.02855270548586407,0.019378393559258564,0.47392156862745094,0.20459330143540672,0.1763397129186603,0.43716931216931215,0.6,0.6506578947368421,0.6532894736842105,0.46285714285714286,0.19428571428571428,,,,0.5487760321519912,0.642970401691332,0.45,1468.0661178732219,1484.0
Illya Marchenko,20210527-M-Roland_Garros-Q3-Botic_Van_De_Zandschulp-Illya_Marchenko,0.6041305579394326,0.6379345800398433,0.3845549314656866,0.07126390361283591,0.03570487040122055,0.2759595029912563,0.12327056991020707,0.2349087090703363,0.3395061728395062,0.5436507936507936,0.573038073038073,0.6313131313131314,0.2334558823529412,0.2022058823529412,,,,0.3804448135843485,0.36617944588959084,0.5563492063492064,1457.5742664153672,1500.0
Ilya Ivashka,20230324-M-Miami_Masters-R64-Casper_Ruud-Ilya_Ivashka,0.6021084562546879,0.664877310085883,0.4579868726747707,0.05179067238170912,0.04775144790311443,0.37944066105563207,0.12097740030335463,0.20368818420904933,0.552671007308104,0.6293317793317793,0.6167679804472257,0.6175798520138143,0.3860627441511473,0.17401315691134417,0.42115249091993273,0.47943133696309737,0.5009651193286127,0.49172256128265557,0.4935369685646346,0.4528396147339082,1468.6043047543076,1467.213948260777
Inaki Montes De La Torre,20241122-M-Montemar_CH-QF-Nicolai_Budkov_Kjaer-Inaki_Montes_De_La_Torre,,,,,,,,,,,,,,,,,,,,,1500.0,1500.0
Inigo Cervantes Huegun,20160312-M-Indian_Wells_Masters-R64-Milos_Raonic-Inigo_Cervantes_Huegun,0.4982746721877157,0.7786579683131407,0.4522058823529412,0.06073153899240856,0.04416839199447895,0.39166666666666666,0.14385564718956542,0.18435982920980287,0.40993788819875776,0.6785714285714286,0.6177248677248677,0.5099206349206349,0.3568376068376068,0.13247863247863248,0.5103583426651737,0.461038961038961,0.5352941176470588,,,,1524.8347356047163,1500.0
Irakli Labadze,20041026-M-St_Petersburg-R32-Sargis_Sargsian-Irakli_Labadze,0.6231884057971014,0.7441860465116279,0.4230769230769231,0.043478260869565216,0.0,0.14583333333333334,0.1282051282051282,0.20512820512820512,0.5333333333333333,0.6666666666666666,0.6129032258064516,0.6451612903225806,0.07142857142857142,0.07142857142857142,0.4457831325301205,0.3076923076923077,0.625,,,,1516.0,1500.0
Ivan Dodig,20150615-M-Ilkley_CH-SF-Matthew_Ebden-Ivan_Dodig,0.5644016143645499,0.6903549382716049,0.44939942302648833,0.0854295362820196,0.033951074870274274,0.29022951522951523,0.1609688013136289,0.19938149972632732,0.4491028295376121,0.5444444444444444,0.5104273504273504,0.6123232323232323,0.29647172750621026,0.21914866742452951,0.4472085722085722,0.4101470588235294,0.44014792231255645,,,,1540.77682935127,1500.0
Ivan Gakhov,20190716-M-Amersfoort_CH-R64-Stephane_Robert-Ivan_Gakhov,,,,,,,,,,,,,,,,,,,,,1500.0,1500.0
Ivan Ivanov,20250713-M-Wimbledon_Juniors-F-Ivan_Ivanov-Ronit_Karki,,,,,,,,,,,,,,,,,,,,,1500.0,1500.0
Ivan Lendl,19940124-M-Australian_Open-R16-Pete_Sampras-Ivan_Lendl,0.5580085749328894,0.7402431251080931,0.5324556360519885,0.08369419174026327,0.028267545585512133,0.40327827848424885,0.1890800519906661,0.1466730248958894,0.44772498828050966,0.608307613579995,0.6553414907722622,0.5460068421432931,0.38725522860691647,0.13267292471039036,0.5211854867533653,0.5256856666124622,0.5413217331141472,0.519423082782966,0.5279985851136654,0.5452081600833231,1369.721239550345,1354.3952866588374
Ivan Ljubicic,20110925-M-Metz-F-Ivan_Ljubicic-Jo_Wilfried_Tsonga,0.5947861223088754,0.7707040152320523,0.5085118180313696,0.14912907798221542,0.02842092257593937,0.2940269115952546,0.19413740458117,0.17632584132336243,0.3549493956030985,0.6769649154264539,0.6915945207050463,0.5986360551687785,0.26449909318012943,0.15151154276951573,0.5284859533444869,0.5113706148132378,0.44725046664701834,0.4792782778537714,0.42765944133864264,0.4191211974129385,1524.2765669124174,1520.4300105623977
Ivo Heuberger,20040930-M-Bangkok-R16-Ivo_Heuberger-Roger_Federer,,,,,,,,,,,,,,,,,,,,,1500.0,1500.0
Ivo Karlovic,20210830-M-US_Open-R128-Andrey_Rublev-Ivo_Karlovic,0.6560394628748386,0.8094868666844882,0.5242023509468002,0.224538899711746,0.04684127467250814,0.25906051088285253,0.24241543701327564,0.16180986149471224,0.30910878865919134,0.6933045183045183,0.7427411273350955,0.6728656953045692,0.2485143404153374,0.20495267851719665,0.4951813431820964,0.47170891054801,0.4503257363551481,0.49967545455763435,0.4714425892856366,0.41945045695045696,1403.8205288299007,1472.541609511737
Ivo Minar,20050622-M-Wimbledon-R64-Roger_Federer-Ivo_Minar,,,,,,,,,,,,,,,,,,,,,1500.0,1500.0
Izak Van Der Merwe,20140317-M-Rimouski_CH-R32-Izak_Van_Der_Merwe-Daniel_Cox,,,,,,,,,,,,,,,,,,,,,1500.0,1500.0
J J Wolf,20240526-M-Roland_Garros-R128-Carlos_Alcaraz-J_J_Wolf,0.6126802113162831,0.681836215822189,0.44358135598737103,0.06166618469250048,0.04709434232861704,0.32498624126681347,0.17611401581186822,0.21120014249469055,0.5458978442493623,0.452020202020202,0.5893767199733729,0.5540308668613301,0.341760118568237,0.17434449620875206,0.4676680055102175,0.562460468058191,0.4456324110671937,0.40384615384615385,0.37575757575757573,0.37037037037037035,1545.9509528976344,1537.3820190674396
Jack Brasington,20010829-M-US_Open-R64-Jack_Brasington-Andy_Roddick,,,,,,,,,,,,,,,,,,,,,1500.0,1500.0
Jack Draper,20260312-M-Indian_Wells_Masters-QF-Daniil_Medvedev-Jack_Draper,0.6101793024676049,0.7473945780672457,0.5338525332484392,0.10136758869708108,0.042066317856897927,0.38455095683255414,0.1932220975436248,0.1421557907805566,0.3944405929676765,0.6207085137085138,0.6560439543642741,0.6008422340370252,0.37028392380775216,0.11524150506053002,0.5341979787265819,0.4675569054601313,0.5210283173990153,0.5254226248937354,0.513608428524216,0.5362051585549401,1408.7757017488354,1455.3900758947132
Jack Sock,20220325-M-Miami_Masters-R128-Jack_Sock-Miomir_Kecmanovic,0.6020265914698247,0.7036924447669549,0.5045487954932066,0.07381018499530824,0.04362694105921687,0.3179049464612156,0.16276319357041524,0.19522819820800386,0.51309056331955,0.5498396665063332,0.606693588833952,0.5584358762968821,0.3053333984119366,0.16847613767426242,0.4861010768637762,0.4611137288498608,0.44794584500466855,0.46992943951242344,0.4647679591365424,0.4800344934855804,1454.6526965079574,1457.8895800052037
Jacob Fearnley,20251013-M-Stockholm-R32-Tallon_Griekspoor-Jacob_Fearnley,0.6079559070213276,0.8166774821544451,0.51875,0.10148574167265756,0.03792235801581596,0.37209302325581395,0.19848077718065316,0.17171351798263745,0.492914979757085,0.8,0.7664576802507836,0.6175548589341693,0.42038656235618965,0.08375517717441325,,,,0.5019595835884875,0.507627765064836,0.6527272727272727,1466.072063609556,1500.0
Jaime Faria,20260422-M-Madrid_Masters-R128-Hubert_Hurkacz-Jaime_Faria,0.5269323671497584,0.822071083808688,0.3709765411893071,0.14251207729468598,0.10446859903381642,0.41824162679425836,0.187012012012012,0.20015015015015014,0.42093023255813955,0.6333333333333333,0.5771531100478469,0.5053827751196173,0.3581699346405229,0.1215686274509804,,,,0.5262754711199632,0.4806547619047619,0.5245726495726495,1467.0025187001957,1483.263693206478
Jaime Yzaga,19940906-M-US_Open-R16-Pete_Sampras-Jaime_Yzaga,0.6242191780821917,0.6053445850914205,0.4860248447204969,0.01084931506849315,0.0176986301369863,0.36583604189237995,0.1045684113865932,0.18887741046831957,0.43970588235294117,0.4,0.4735576923076923,0.5608974358974359,0.3369467028003613,0.12285456187895212,0.35365853658536583,0.3611111111111111,0.6538461538461539,0.5491803278688525,0.38235294117647056,0.6346153846153846,1491.9218753690363,1490.5569857710436
Jakob Hlasek,19960514-M-Rome_Masters-R64-Jakob_Hlasek-Andrea_Gaudenzi,0.5864758698092031,0.6338396624472574,0.43355986119144013,0.058978675645342316,0.044276094276094274,0.3110943522708229,0.1827408039951878,0.17689213533525716,0.395959595959596,0.5833333333333334,0.5914292175486205,0.6508744157997889,0.27622461170848267,0.14838709677419357,0.3829787234042553,0.391304347826087,0.2631578947368421,0.47162162162162163,0.45787545787545786,0.44920634920634916,1508.2441812945824,1486.5658326465007
Jakub Mensik,20260323-M-Miami_Masters-R32-Jakub_Mensik-Frances_Tiafoe,0.5970118154072361,0.7681613218867314,0.48633729885235316,0.12808165148280218,0.04361103567540127,0.3434134728562637,0.18836045529154383,0.19543411337301714,0.3482470724077543,0.5950674325674326,0.6814622332182565,0.5937726974601583,0.3527047311653277,0.16631471139479176,0.5146393511843229,0.46678065005754554,0.42996935949997844,0.514202271141297,0.5068721231493911,0.48934459463555563,1626.5957247992214,1581.3077960301969
James Blake,20110818-M-Cincinnati_Masters-R16-James_Blake-Roger_Federer,0.5697917913854232,0.6986573904941538,0.494038711673373,0.06342648174628883,0.03601605150261278,0.35515244980497834,0.15596589286565027,0.168108652587502,0.546464589550645,0.5269981731909191,0.5962679173552337,0.5500977391193974,0.3637269719490677,0.146638557653892,0.5102224667456906,0.4972126351627294,0.5299702058675212,0.4525778630765702,0.460032136090778,0.521297780318826,1548.1933417779665,1517.7864811570014
James Duckworth,20260122-M-Australian_Open-R64-Jannik_Sinner-James_Duckworth,0.5564800440257676,0.7454991062380437,0.5187456069395304,0.08260434586999897,0.0259732981922727,0.2616149582670604,0.18473270401718608,0.15638673215661403,0.40973638473638474,0.6830882352941177,0.6648043921499299,0.5896066411576201,0.22104608084140245,0.12928885874792306,0.4811926999681342,0.48133766327043637,0.4433014354066986,0.4098192771084337,0.468013468013468,0.5397727272727273,1591.1362272770507,1592.9834547846885
James Mccabe,20240115-M-Australian_Open-R128-Alex_Michelsen-James_Mccabe,,,,,,,,,,,,,,,,,,,,,1500.0,1500.0
James Trotter,20240723-M-Chicago_CH-R32-James_Trotter-Gabriel_Diallo,,,,,,,,,,,,,,,,,,,,,1500.0,1500.0
James Ward,20160627-M-Wimbledon-R128-Novak_Djokovic-James_Ward,0.7596153846153846,0.6837662337662338,0.5110294117647058,0.06730769230769232,0.028846153846153848,0.4036415711947627,0.13947163947163949,0.17817599067599066,0.4875,0.75,0.6316666666666667,0.8574999999999999,0.4478260869565217,0.043478260869565216,0.5967741935483871,0.625,0.8461538461538461,0.4647887323943662,0.2631578947368421,0.42857142857142855,1505.2845201069358,1484.0
Jamie Morgan,19930624-M-Wimbledon-R64-Pete_Sampras-Jamie_Morgan,,,,,,,,,,,,,,,,,,,,,1500.0,1500.0
Jan Choinski,20251103-M-Metz-R32-Jan_Choinski-Lorenzo_Sonego,0.655258675750479,0.6530484757621189,0.543778801843318,0.031083670427932725,0.014690227804981904,0.26288412291933416,0.10106177606177606,0.18745173745173746,0.3621794871794872,0.7802197802197802,0.6459899749373434,0.6190476190476191,0.2733333333333333,0.11,0.43703703703703706,0.45454545454545453,0.4838709677419355,0.41025641025641024,0.46875,0.5789473684210527,1516.164381564513,1500.0
Jan Gunnarsson,19890127-M-Australian_Open-SF-Jan_Gunnarsson-Miloslav_Mecir,,,,,,,,,,,,,,,,,,,,,1500.0,1500.0
Jan Hernych,20130612-M-Halle-R16-Gael_Monfils-Jan_Hernych,,,,,,,,,,,,,,,,,,,,,1500.0,1500.0
Jan Kodes,19730909-M-US_Open-F-Jan_Kodes-John_Newcombe,0.5934065934065934,0.5925925925925926,0.43243243243243246,0.01098901098901099,0.04395604395604396,0.4,0.13855421686746988,0.1144578313253012,0.7391304347826086,0.5,0.5454545454545454,0.6060606060606061,0.22727272727272727,0.18181818181818182,0.48695652173913045,0.4186046511627907,0.5,,,,1515.3325655008903,1515.3325655008903
Jan Kroslak,20000119-M-Australian_Open-R64-Jan_Kroslak-Roger_Federer,0.6931818181818182,0.6229508196721312,0.5185185185185185,0.10227272727272728,0.03409090909090909,0.3235294117647059,0.21153846153846154,0.26282051282051283,0.3939393939393939,0.75,0.49019607843137253,0.7254901960784313,0.4375,0.28125,0.5340909090909091,0.35714285714285715,0.5833333333333334,,,,1509.1951030350508,1508.5639064339111
Jan Kumstat,20240127-M-Australian_Open_Juniors-F-Jan_Kumstat-Rei_Sakamoto,,,,,,,,,,,,,,,,,,,,,1500.0,1500.0
Jan Lennard Struff,20250831-M-US_Open-R16-Novak_Djokovic-Jan_Lennard_Struff,0.5759088310436283,0.7614396937644302,0.5093486419096572,0.12309327076190728,0.04878842320093667,0.3332545895696001,0.21579373323426154,0.17453396722155326,0.39461205429311896,0.5779163248675443,0.6549316460259481,0.5747839672207082,0.3430091055610424,0.1348362596074773,0.5068968457281788,0.5107243668088205,0.548798568866777,0.4795670994683515,0.48262028111094285,0.5289847105559075,1413.7092557898234,1393.8985696031687
Jan Michael Gambill,20010402-M-Miami_Masters-F-Jan_Michael_Gambill-Andre_Agassi,0.5573770491803278,0.6470588235294118,0.5555555555555556,0.09836065573770492,0.01639344262295082,0.3088235294117647,0.13178294573643412,0.24031007751937986,0.35294117647058826,0.3333333333333333,0.5789473684210527,0.47368421052631576,0.2727272727272727,0.22727272727272727,0.46153846153846156,0.37037037037037035,0.5,,,,1513.6356348650775,1516.1677490798863
Jan Siemerink,19980701-M-Wimbledon-QF-Goran_Ivanisevic-Jan_Siemerink,0.5483258218114226,0.7511949685534591,0.41904761904761906,0.07840755735492579,0.056196369006696716,0.26996174814011625,0.20725774715594172,0.18475377846601346,0.4165499533146592,0.4444444444444444,0.5414529914529914,0.5301282051282051,0.3282520325203252,0.27845528455284557,0.47486690602946635,0.4199134199134199,0.3179347826086957,0.41333333333333333,0.42105263157894735,0.75,1514.2207520618251,1500.0
Janko Tipsarevic,20191018-M-Stockholm-QF-Yuichi_Sugita-Janko_Tipsarevic,0.5455927770764212,0.7205113243290889,0.5293294592054445,0.06848185408984761,0.03484647315594194,0.34289858101773824,0.1423821641646229,0.17169041242886132,0.45801301537914335,0.5241163889798344,0.6259705338188694,0.52612304353866,0.3241654002105324,0.1396407698120371,0.5037134641839927,0.4462525116670988,0.5114973533263247,0.4933775269536861,0.47656309774749206,0.5125618236752364,1394.3283771138697,1407.7045439669537
Jannik Sinner,20260517-M-Rome_Masters-F-Casper_Ruud-Jannik_Sinner,0.608739057961078,0.7719348360713015,0.565164724891038,0.08833927546703563,0.025924636440315302,0.4126839443625211,0.17656480254749518,0.16686928028202297,0.4990608135022708,0.6782700396471577,0.7019944413871666,0.6151700355599057,0.4095511890942959,0.14963291562097686,0.5536124800981052,0.5453706361665615,0.5588282792785878,0.5314731043234022,0.5626145416446895,0.5598829458231411,1427.6596879150256,1473.7103374707062
Jared Donaldson,20190311-M-Indian_Wells_Masters-R64-Rafael_Nadal-Jared_Donaldson,0.5347989234838484,0.731931202403097,0.6113043546867076,0.05839181707161484,0.03634376765982177,0.3984475015405022,0.18557386393840553,0.16053135036718452,0.39450879822771084,0.6458333333333333,0.6921636238333153,0.5261615829220185,0.4344282513463548,0.10814477667925944,0.560905879592814,0.5775900592488011,0.5707385622812485,0.4484126984126984,0.4131054131054131,0.4105263157894737,1550.7880112612875,1586.381113834543
Jared Palmer,19950630-M-Wimbledon-R32-Pete_Sampras-Jared_Palmer,0.5964912280701754,0.6029411764705882,0.6956521739130435,0.043859649122807015,0.02631578947368421,0.2616822429906542,0.18099547511312217,0.058823529411764705,0.3,0.8,0.66,0.5,0.21621621621621623,0.0,0.43243243243243246,0.5882352941176471,0.5,,,,1520.7731367411577,1516.4284694787127
Jarkko Nieminen,20140508-M-Madrid_Masters-R16-Jarkko_Nieminen-Rafael_Nadal,0.6648111033080158,0.598489817929099,0.4697995764300112,0.031877655774390175,0.02622076744051498,0.3000546468421429,0.12136391857706212,0.1740149585837728,0.5654414474414475,0.4525,0.5523907328770479,0.6560800689411771,0.26825605680868836,0.12757031467557783,0.38840297656944844,0.4182692307692308,0.4443569094304388,0.43027893708926995,0.47333179758174887,0.4431214232104325,1505.3019539188688,1483.7709998879043
Jarmere Jenkins,20140915-M-USA_F25-SF-Tennys_Sandgren-Jarmere_Jenkins,,,,,,,,,,,,,,,,,,,,,1500.0,1500.0
Jason Jung,20200924-M-Roland_Garros-Q3-Aleksandar_Vukic-Jason_Jung,0.625,0.8285714285714286,0.6190476190476191,0.03571428571428571,0.03571428571428571,0.43478260869565216,0.12,0.184,0.6666666666666666,0.5,0.7647058823529411,0.7647058823529411,0.45454545454545453,0.12121212121212122,0.546875,0.7241379310344828,0.5,,,,1513.5683600536563,1500.0
Jason Kubler,20240114-M-Australian_Open-R128-Daniel_Elahi_Galan-Jason_Kubler,0.6584724174829948,0.6381932374559087,0.4002468204595864,0.06583870471130669,0.06204844188849366,0.33228329907029547,0.14934352510156074,0.20795913309315145,0.4623100303951368,0.535479797979798,0.5527543424317618,0.6271908306747016,0.35927489177489175,0.16068722943722943,0.46414616415638704,0.5216864395968873,0.383179012345679,0.45028780743066454,0.41894353369763204,0.3973529411764706,1520.393174075578,1523.83357967972
Jason Stoltenberg,19980308-M-Scottsdale-F-Jason_Stoltenberg-Andre_Agassi,0.5677152562398464,0.645227788084931,0.41830687830687835,0.05743448366399186,0.07627135332053364,0.3084455667789001,0.1726504264218721,0.1653078039212827,0.3146198830409357,0.4666666666666666,0.5032369768142125,0.5237127371273712,0.22671957671957674,0.161005291005291,0.4189189189189189,0.42857142857142855,0.53125,0.4326090646749279,0.3879598662207358,0.5,1487.8735055078614,1499.0979276621524
Jaume Munar,20260213-M-Rotterdam-QF-Jaume_Munar-Alexander_Bublik,0.6314235631308459,0.6681321433156253,0.4749210079031526,0.047546465760025296,0.03613895762313339,0.3732132333969253,0.1376346952832923,0.14699243277666704,0.48080586834370165,0.5907646834525919,0.6065400634852979,0.6298257498866502,0.3569072831398682,0.12322026358423373,0.5162100690448668,0.4456477367717868,0.4698615620127576,0.5104861895540764,0.4906327712862745,0.46142634431424984,1506.066548034117,1489.3561403629055
Javier Barranco Cosano,20210704-M-ITF_The_Hague-F-Javier_Barranco_Cosano-Jelle_Sels,,,,,,,,,,,,,,,,,,,,,1500.0,1500.0
Javier Sanchez,19910904-M-US_Open-QF-Javier_Sanchez-Stefan_Edberg,,,,,,,,,,,,,,,,,,,,,1500.0,1500.0
Jay Clarke,20190704-M-Wimbledon-R64-Roger_Federer-Jay_Clarke,,,,,,,,,,,,,,,,,,,,,1500.0,1500.0
Jean Rene Lisnard,20030829-M-US_Open-R64-Roger_Federer-Jean_Rene_Lisnard,,,,,,,,,,,,,,,,,,,,,1500.0,1500.0
Jean Yves Aubone,20140908-M-USA_F24-QF-Jean_Yves_Aubone-Ty_Trombetta,,,,,,,,,,,,,,,,,,,,,1500.0,1500.0
Jeff Tarango,19980901-M-US_Open-R128-Todd_Martin-Jeff_Tarango,0.5384615384615384,0.7142857142857143,0.4444444444444444,0.05128205128205128,0.02564102564102564,0.3333333333333333,0.14666666666666667,0.2,0.6363636363636364,0.75,0.5882352941176471,0.5588235294117647,0.4074074074074074,0.14814814814814814,0.47572815533980584,0.4375,0.4666666666666667,,,,1523.6316124201433,1522.3865737506248
Jelle Sels,20250316-M-Cherbourg_CH-F-Pierre_Hugues_Herbert-Jelle_Sels,0.6246123840795156,0.6271488914012939,0.5340556182947488,0.0511895951796569,0.019877869999612868,0.37133456138475385,0.12427488723984063,0.22910442512181733,0.701588320976076,0.5969696969696969,0.6250454005556046,0.6246797420266808,0.392848052330811,0.16046740615706132,0.5026695526695527,0.542935206869633,0.4942067736185383,0.46077441887829873,0.49786821705426354,0.44064632710211044,1482.9491583113984,1503.3029537634502
Jenson Brooksby,20260226-M-Dubai-QF-Jenson_Brooksby-Daniil_Medvedev,0.6377707532190571,0.6669497754472473,0.5203034555151028,0.0327311865793849,0.017903376690837143,0.3716113127165986,0.12706543946488918,0.154573814518019,0.4755857530837917,0.5865098312052093,0.6155593673755008,0.6296249890282226,0.36458529962803565,0.11060018692102513,0.5011650983596249,0.5233797747545452,0.5301750331191507,0.47027536807006964,0.4573535880758236,0.5181998537523709,1491.9191656975242,1447.9355119019242
Jeremy Chardy,20230704-M-Wimbledon-R128-Jeremy_Chardy-Carlos_Alcaraz,0.6461338991770729,0.7103094512217869,0.4384647308019066,0.09967311279120948,0.05892057115827448,0.29963688179039843,0.1692973800120071,0.2075231256866612,0.5138745846059464,0.5582479839001577,0.6321331421169385,0.6483794574235838,0.28364510072116805,0.18864619826537551,0.4456913362111811,0.4400949464066426,0.4340288412101305,0.5005972306532693,0.5069999740212506,0.49409951409576597,1535.758643040093,1467.66204820095
Jeremy Jahn,20190913-M-Szczecin_CH-QF-Jeremy_Jahn-Albert_Ramos,0.5697674418604651,0.6122448979591837,0.5675675675675675,0.023255813953488372,0.023255813953488372,0.3,0.12179487179487179,0.3141025641025641,0.5789473684210527,0.5,0.65625,0.53125,0.4074074074074074,0.4074074074074074,0.46987951807228917,0.4444444444444444,0.4642857142857143,,,,1514.1670807566009,1514.6588424971358
Jerome Golmard,20000508-M-Rome_Masters-R64-Jerome_Golmard-Gustavo_Kuerten,,,,,,,,,,,,,,,,,,,,,1500.0,1500.0
Jerome Kym,20241021-M-Basel-R32-Jerome_Kym-Ugo_Humbert,,,,,,,,,,,,,,,,,,,,,1500.0,1500.0
Jerome Potier,19890423-M-Nice-F-Jerome_Potier-Andrei_Chesnokov,,,,,,,,,,,,,,,,,,,,,1500.0,1500.0
Jerzy Janowicz,20200301-M-Pau_CH-F-Ernests_Gulbis-Jerzy_Janowicz,0.6043968305687353,0.64400168705336,0.43087484035759893,0.09384052366284905,0.057136053246037086,0.26924724032815056,0.17274002486899073,0.24790038046246143,0.514230104067651,0.6059392987964417,0.5764707022089965,0.6362448258079441,0.27919172363446065,0.19063989301718662,0.5159235668789809,0.5,0.631578947368421,0.4010524415866823,0.41518753095107774,0.4520215557487363,1442.375080006006,1465.1421213950061
Jesper De Jong,20260521-M-Roland_Garros-Q3-Jesper_De_Jong-Michael_Zheng,0.5899815602834089,0.7373760166764851,0.518159479715669,0.10013093929363864,0.032499187355297124,0.37698972665026,0.1784454419625633,0.15871056288360508,0.4726614929426943,0.6158651071151071,0.6575575043674219,0.5973533757999311,0.38134500993242554,0.15447931240687898,0.5311118328993156,0.5140867441525121,0.4701393754947804,0.47797387797387797,0.5485103132161956,0.5266861761426979,1738.0792059727323,1679.7834449785923
Jim Courier,19990629-M-Wimbledon-R16-Tim_Henman-Jim_Courier,0.6104843945401879,0.7288340002270984,0.5285161224547166,0.07504977424594848,0.031837542876261914,0.37091548860364315,0.1628434325257083,0.1376698864341353,0.4809109861170019,0.5968782823082437,0.6458708497107392,0.5973219889685647,0.36814449648242925,0.10588275947356095,0.5158246232246153,0.5039304514170502,0.5159118867680725,0.5061171858002839,0.45890517642550166,0.4826672511838347,1687.7078402443244,1551.824523430642
Jimmy Arias,19840606-M-Roland_Garros-QF-John_Mcenroe-Jimmy_Arias,0.5555555555555556,0.54,0.475,0.07777777777777778,0.03333333333333333,0.3592233009708738,0.10880829015544041,0.19170984455958548,0.47619047619047616,0.45454545454545453,0.5641025641025641,0.6153846153846154,0.30434782608695654,0.15217391304347827,0.39215686274509803,0.4,0.5294117647058824,,,,1512.2450460620278,1500.0
Jimmy Connors,19910907-M-US_Open-SF-Jim_Courier-Jimmy_Connors,0.7011288213739797,0.608895973331435,0.5241886392578016,0.01719001005426614,0.02087548184525078,0.38993345805919744,0.14466310787037584,0.198116979178253,0.4988661005291737,0.5330816662329267,0.5927181620304944,0.6822592989060967,0.37795740827417795,0.16912389176017276,0.4702988177457207,0.5188122257592848,0.554983595320412,0.4451888699348208,0.4933359822214505,0.5374344304581532,1447.2901770123583,1549.500949199619
Jimmy Wang,20140714-M-Bogota-QF-Jimmy_Wang-Ivo_Karlovic,0.4835164835164835,0.4772727272727273,0.40425531914893614,0.03296703296703297,0.054945054945054944,0.3050847457627119,0.12,0.23333333333333334,0.3888888888888889,0.5,0.33962264150943394,0.5094339622641509,0.44,0.08,0.41975308641975306,0.27450980392156865,0.5555555555555556,,,,1524.8957399404383,1525.867991105364
Jiri Hrebec,19751219-M-Davis_Cup_World_Group_F-RR-Bjorn_Borg-Jiri_Hrebec,,,,,,,,,,,,,,,,,,,,,1500.0,1500.0
Jiri Lehecka,20260429-M-Madrid_Masters-QF-Arthur_Fils-Jiri_Lehecka,0.6315513740487506,0.7278337028893094,0.47669946513454503,0.09267830012978683,0.03452523124691196,0.3214483032333672,0.22348760326631173,0.19813739740983535,0.38675928677826094,0.6590568760380081,0.6466159757385429,0.6260730528715559,0.3098169868166272,0.16090528084489636,0.492425372421759,0.47474256859009417,0.4532675310757103,0.4921150211192988,0.4759175939832078,0.46686438536512304,1455.3363438469253,1540.9568546356118
Jiri Novak,20041030-M-Basel-F-Jiri_Novak-David_Nalbandian,0.6302131844975204,0.6357406700700386,0.5180308476972457,0.03566813782352412,0.023423804304514285,0.34219603058162695,0.12781594065111632,0.17215275809918928,0.5596619704732821,0.501010101010101,0.6239077190337622,0.6278610142137334,0.3149538953737246,0.11872545939196792,0.44987745098039217,0.364880093451522,0.45123301731356186,0.5022556367533193,0.45674973264777363,0.4790753938283889,1425.5833398485465,1438.0348734701329
Jiri Vanek,20020826-M-US_Open-R128-Jiri_Vanek-Roger_Federer,0.5957446808510638,0.6964285714285714,0.4473684210526316,0.05319148936170213,0.0425531914893617,0.2054794520547945,0.1317365269461078,0.1317365269461078,0.4090909090909091,0.3333333333333333,0.5476190476190477,0.5476190476190477,0.20833333333333334,0.0,0.456,0.29411764705882354,0.5,,,,1523.6420730419056,1500.0
Jiri Vesely,20230705-M-Wimbledon-R128-Sebastian_Korda-Jiri_Vesely,0.6376187482085578,0.7904414828251114,0.509666589676232,0.11322186352735779,0.05299343737156127,0.3805955851366255,0.1655320212371466,0.1548723710643466,0.3536953989297739,0.48316326530612247,0.734498911992263,0.6738696808510638,0.42326080601474153,0.11405474887015367,0.532601697395376,0.5990942028985506,0.4126602564102564,0.5288999786717133,0.5136087414047941,0.5347451119380944,1437.3188462862956,1501.678448755358
Jo Wilfried Tsonga,20220524-M-Roland_Garros-R128-Casper_Ruud-Jo_Wilfried_Tsonga,0.6116140114091152,0.7628361319052034,0.49685883762986727,0.12180702426209662,0.0295040062915245,0.3383357337115409,0.19190732952630568,0.19373787144557492,0.46896077005618525,0.6167784594800249,0.6810302655314742,0.6066332005163123,0.33771357462819473,0.18024218092765046,0.5272175514144839,0.5030213408842226,0.4815481618582806,0.4826108948432622,0.4641181576254203,0.5118730012173257,1583.5031219390455,1569.3587590372751
Joachim Johansson,20040911-M-US_Open-SF-Lleyton_Hewitt-Joachim_Johansson,0.6111111111111112,0.7474747474747475,0.42857142857142855,0.19135802469135801,0.037037037037037035,0.23076923076923078,0.23297491039426524,0.22580645161290322,0.4307692307692308,0.8,0.68,0.64,0.3333333333333333,0.05555555555555555,,,,0.4467005076142132,0.4576271186440678,0.5652173913043478,1487.6606073484263,1488.4737463057816
Joakim Nystrom,19850629-M-Wimbledon-R32-Joakim_Nystrom-Boris_Becker,,,,,,,,,,,,,,,,,,,,,1500.0,1500.0
Joao Fonseca,20260426-M-Madrid_Masters-R32-Joao_Fonseca-Rafael_Jodar,0.662395046906754,0.7187893676993049,0.5442188835263411,0.07488408761976337,0.02236688419562905,0.36940947403702346,0.2142539258818799,0.18136617981412015,0.4746674145821708,0.5408792294661859,0.6574490632410837,0.6593639887959301,0.3734190089104568,0.15355821678829018,0.5152490150481441,0.5226430109538481,0.5081707708248163,0.5074596649141159,0.5073597507889057,0.5456066223796147,1427.6045162888731,1413.815771338034
Joao Menezes,20210724-M-Olympics-R64-Joao_Menezes-Marin_Cilic,,,,,,,,,,,,,,,,,,,,,1500.0,1500.0
Joao Sousa,20240403-M-Estoril-R32-Joao_Sousa-Arthur_Fils,0.6202387532837077,0.6747484459464685,0.40823992220017985,0.04569727221148793,0.03322031451898311,0.332017955306684,0.11946737173325488,0.1820391639920133,0.62735664391984,0.5331842993607699,0.5737935099941268,0.616770397862971,0.31174566622510114,0.15788296919841252,0.4451756017987774,0.4450315701663873,0.48487196212083766,0.461117755181902,0.48991587190143315,0.4335547785547786,1457.6921263728955,1469.3039791771555
Joao Souza,20140105-M-Sao_Paulo_CH-F-Alejandro_Gonzalez-Joao_Souza,,,,,,,,,,,,,,,,,,,,,1500.0,1500.0
Johan Kriek,19860607-M-Roland_Garros-SF-Johan_Kriek-Ivan_Lendl,0.461353253488085,0.6354651162790698,0.45140664961636834,0.03895542659587603,0.061056920607482405,0.40997150997151,0.16010558069381597,0.19128959276018098,0.5380067567567568,0.6473214285714286,0.5495271279243404,0.43180686908909904,0.4543269230769231,0.1658653846153846,0.4174757281553398,0.3076923076923077,0.2857142857142857,0.562962962962963,0.6470588235294118,0.0,1498.252797999612,1500.0
Johan Sebastien Tatlot,20190812-M-Meerbusch_CH-R64-Johan_Sebastien_Tatlot-Karim_Mohamed_Maamoun,,,,,,,,,,,,,,,,,,,,,1500.0,1500.0
Johannes Haerteis,20191016-M-Ismaning_CH-R32-Robin_Haase-Johannes_Haerteis,,,,,,,,,,,,,,,,,,,,,1500.0,1500.0
John Isner,20230831-M-US_Open-R64-John_Isner-Michael_Mmoh,0.6926239420850553,0.7714400524394213,0.5347147844662248,0.2030557335029175,0.025503986520040822,0.26820777950210994,0.23144212575058895,0.18536883608220853,0.36025957363171063,0.6839437609174451,0.7234301794894559,0.6865204758695441,0.2540482021752585,0.18076561932481652,0.5241498238105171,0.41858488529734356,0.37594195425918053,0.511388098170888,0.4415525956814633,0.3966947081928269,1750.5039426329408,1765.8539107397414
John Marks,19790107-M-Australian_Open-F-John_Marks-Guillermo_Vilas,,,,,,,,,,,,,,,,,,,,,1500.0,1500.0
John Mcenroe,19920704-M-Wimbledon-SF-John_Mcenroe-Andre_Agassi,0.5762922820627386,0.721967471219213,0.5129043114229529,0.0655951700542489,0.042186971944340526,0.3624427092574846,0.18153121901615413,0.1416512530690754,0.482394468138867,0.6489600374325232,0.6493768101688077,0.5663185385499725,0.3606112505963219,0.1422899640217854,0.5090197621088295,0.4942175780625334,0.440524471431167,0.48452440539418024,0.5126604464047977,0.48643210495268335,1708.7536169880163,1555.659919290338
John Millman,20240111-M-Australian_Open-Q2-John_Millman-Alex_Molcan,0.6292170762773154,0.6827969640968653,0.5375884370904082,0.03594798270395608,0.016166295227265686,0.3696294823530175,0.1228616566424187,0.17131884035199885,0.427501202148418,0.6574064824064824,0.6265055264365323,0.6287030858579262,0.37622846003190746,0.17085309925510708,0.4879340662522812,0.531745221433838,0.5254822221443988,0.4834417168137933,0.42930451966596544,0.5168501835168501,1650.0273096892347,1643.7759388055208
John Newcombe,19750101-M-Australian_Open-F-Jimmy_Connors-John_Newcombe,0.5578727461638854,0.7471672223125712,0.5527049339549339,0.06016645905886412,0.04608884687998612,0.3919473964355854,0.18832098876879816,0.1213436114957182,0.49113616268788685,0.717948717948718,0.6613879279086923,0.5221634172872562,0.37838774317441765,0.12133111280748418,0.5255802516460553,0.4755296791902556,0.40740740740740744,0.5714285714285714,0.6129032258064516,0.2,1529.6746788563032,1529.6746788563032
Jonas Bjorkman,20060707-M-Wimbledon-SF-Jonas_Bjorkman-Roger_Federer,0.6053958895252612,0.6705025223472553,0.5410701809397872,0.051125980501053665,0.03671126303613908,0.3044251860873734,0.1466192852310029,0.1444785145158877,0.47145771195059377,0.6446608946608946,0.6542804026066397,0.602395961522591,0.275850642516163,0.1255820475500718,0.4791788315044129,0.5062720458553791,0.5104607117688513,0.4614178087281118,0.43056222073719486,0.5222371658703996,1506.8848238192518,1504.3812859106563
Jonas Svensson,19911102-M-Paris_Masters-SF-Jonas_Svensson-Guy_Forget,0.6379307224437964,0.6449953978631319,0.5006343324628778,0.02169283117875398,0.02199202912666047,0.35864853558825355,0.141022287970336,0.1642912953885193,0.41921703900717633,0.5150438522987542,0.550288108036646,0.5847115684834984,0.36207934182844576,0.15204545542938963,0.4741696055804363,0.4344709584696204,0.5458844715310233,0.45410766581417605,0.48277053308221424,0.4849977724977725,1503.7068359035864,1533.337644980778
Jordan Thompson,20250706-M-Wimbledon-R16-Taylor_Fritz-Jordan_Thompson,0.6150517196267511,0.7198304151478853,0.4942922497925518,0.0933472556474184,0.019287689706589506,0.3588413880043446,0.1674541335450421,0.1680838150275752,0.38968405772628223,0.6382340873412302,0.6519785472531916,0.6110341584169902,0.3330710149719693,0.16115379868592591,0.5547914895873826,0.5458942958303572,0.4706399475192703,0.46959196209795767,0.5077556084321468,0.4863799249787417,1457.5602934050628,1444.1049320650338
Jordi Arrese,19920808-M-Olympics-F-Marc_Rosset-Jordi_Arrese,0.5818181818181818,0.625,0.43478260869565216,0.0,0.09090909090909091,0.6041666666666666,0.1262135922330097,0.2912621359223301,0.9230769230769231,0.25,0.65,0.6,0.5555555555555556,0.3333333333333333,0.6333333333333333,0.5909090909090909,0.5294117647058824,,,,1511.7819435178228,1516.0277915312624
Joris De Loore,20230114-M-Oeiras_CH-F-Arthur_Fils-Joris_De_Loore,,,,,,,,,,,,,,,,,,,,,1500.0,1500.0
Jose Acasuso,20061203-M-Davis_Cup_World_Group_F-RR-Marat_Safin-Jose_Acasuso,,,,,,,,,,,,,,,,,,,,,1500.0,1500.0
Jose Hernandez,20190304-M-Zhuhai_CH-R64-Jose_Hernandez-Karim_Mohamed_Maamoun,,,,,,,,,,,,,,,,,,,,,1500.0,1500.0
Jose Higueras,19830603-M-Roland_Garros-SF-Mats_Wilander-Jose_Higueras,,,,,,,,,,,,,,,,,,,,,1500.0,1500.0
Jose Luis Clerc,19810605-M-Roland_Garros-SF-Jose_Luis_Clerc-Ivan_Lendl,,,,,,,,,,,,,,,,,,,,,1500.0,1500.0
Jose Rubin Statham,20140107-M-Auckland-R32-Jose_Rubin_Statham-Lukas_Lacko,,,,,,,,,,,,,,,,,,,,,1500.0,1500.0
Joshua Sheehy,20241028-M-Sydney_CH-Q1-Cooper_Kose-Joshua_Sheehy,,,,,,,,,,,,,,,,,,,,,1500.0,1500.0
Jozef Kovalik,20240312-M-Szekesfehervar_CH-R32-Peter_Fajta-Jozef_Kovalik,0.6700314404886606,0.6447781385281386,0.44056372549019607,0.03527915068086879,0.045469061565304086,0.27497258368889976,0.14079925567468807,0.19389676407862314,0.5567328957274609,0.5166666666666666,0.5982635260652502,0.6724283060489957,0.25827497665732957,0.14114145658263305,0.4262393162393162,0.45590034965034965,0.4552453360592895,,,,1560.9420654240146,1516.6364586415966
Juan Aguilera,19900513-M-Hamburg_Masters-F-Juan_Aguilera-Boris_Becker,,,,,,,,,,,,,,,,,,,,,1500.0,1500.0
Juan Antonio Marin,19990525-M-Roland_Garros-R128-Pete_Sampras-Juan_Antonio_Marin,,,,,,,,,,,,,,,,,,,,,1500.0,1500.0
Juan Bautista Torres,20251107-M-Lima_CH-QF-Marcelo_Tomas_Barrios_Vera-Juan_Bautista_Torres,,,,,,,,,,,,,,,,,,,,,1500.0,1500.0
Juan Carlos Ferrero,20090412-M-Casablanca-F-Florent_Serra-Juan_Carlos_Ferrero,0.6114665934436229,0.6734751949950826,0.5318950060640923,0.060637155636798876,0.0338035440621136,0.3427245494381318,0.1424160316952954,0.17772382912321516,0.4660119295691603,0.5778349045590425,0.6411740136238938,0.5886209297003376,0.3174521953953249,0.16024163237664213,0.5020669743839995,0.5017300119822196,0.48922621279628603,0.45330238098634024,0.47386925383579015,0.4936553432436834,1432.0609264534053,1454.3548877197545
Juan Carlos Prado Angelo,20250404-M-Campinas_CH-QF-Alvaro_Guillen_Meza-Juan_Carlos_Prado_Angelo,0.5770112577186747,0.6425748337095453,0.5097011784511785,0.03615313210269473,0.03623335345307737,0.3906996230303081,0.13122602541790385,0.24901987419686397,0.5454051796157059,0.4759259259259259,0.5325289623010828,0.5306869276653793,0.33753856296959744,0.2572809374533513,0.4736373502078748,0.4484425349087003,0.48851674641148324,0.4910581014159168,0.5324569640062599,0.566965749959696,1495.2333490445787,1497.0143331526194
Juan Carlos Saez,20150810-M-Prague_CH-Q3-Rogerio_Dutra_Silva-Juan_Carlos_Saez,,,,,,,,,,,,,,,,,,,,,1500.0,1500.0
Juan Ignacio Chela,20070304-M-Acapulco-F-Juan_Ignacio_Chela-Carlos_Moya,0.5996049558899844,0.621371610845295,0.39159197012138186,0.05243199705933229,0.03148492907801419,0.32032232704402513,0.09972134028655283,0.21302688942363623,0.33695652173913043,0.44065656565656564,0.503082497212932,0.5737479096989967,0.32058249721293197,0.21232481286829114,,,,0.43386763701933406,0.4860566448801743,0.3568039057062809,1458.4185897425964,1474.980546420501
Juan Ignacio Londero,20220223-M-Santiago-R16-Sebastian_Baez-Juan_Ignacio_Londero,0.5853103815661909,0.6953639028841051,0.5010524561613814,0.04713135848185456,0.03925921373270495,0.37385881129587284,0.1651098801153853,0.208503132857408,0.6654864895946151,0.7054334554334554,0.6239300486930669,0.5610689593247733,0.364854165767787,0.1525500325867523,0.5783132530120482,0.5151515151515151,0.56,0.46810956284395405,0.505360591159175,0.5204764283335712,1415.5697249945702,1421.3819626043366
Juan Manuel Cerundolo,20260220-M-Rio_de_Janeiro-QF-Juan_Manuel_Cerundolo-Vit_Kopriva,0.6623104267830434,0.6123418966686437,0.50578202661536,0.032907403992596694,0.035164832913311614,0.334452036970339,0.10530954897918632,0.17266379602821305,0.690981240981241,0.6575646575646575,0.5809971293481931,0.6406642603850051,0.3375242892850705,0.16320533339577173,0.46668689320388346,0.5003648969166211,0.4895833333333333,0.44243322553599235,0.45176435354015815,0.47500000000000003,1505.6753391431992,1469.7830138961936
Juan Martin Del Potro,20220208-M-Buenos_Aires-R32-Federico_Delbonis-Juan_Martin_Del_Potro,0.6425667452397006,0.7475738749696109,0.5331562814816161,0.10106787592011826,0.02840319085707343,0.3632650929647301,0.16716424361191706,0.1548762906462158,0.4675234076719852,0.602798296593917,0.6730510761292874,0.6323885642754616,0.34348948265675805,0.14461091833414555,0.554096528076602,0.517356908375735,0.5024997897940675,0.5163936921734169,0.5048624687140862,0.5042116098001057,1304.2474460586861,1343.0567632485931
Juan Monaco,20150521-M-Nice-QF-Leonardo_Mayer-Juan_Monaco,0.6507213446206783,0.5147664715406651,0.3998351804489912,0.02982703901232624,0.023036221218426974,0.3128193038548274,0.0742290220055141,0.20997997829142792,0.5553571428571429,0.49071428571428577,0.5130663082437276,0.6298315412186379,0.30302871148459387,0.1545203081232493,,,,0.36868862655872786,0.39891774891774895,0.42218614303959134,1433.687875354879,1461.359672607348
Juan Pablo Ficovich,20240809-M-Bogota_CH-QF-Juan_Pablo_Ficovich-Karue_Sell,,,,,,,,,,,,,,,,,,,,,1500.0,1500.0
Juan Pablo Varillas,20250114-M-Buenos_Aires_CH-R32-Juan_Pablo_Varillas-Juan_Carlos_Prado_Angelo,0.6024554148125117,0.6801072263259041,0.47801534507514043,0.04968692025631468,0.02773552894524884,0.3577060267522885,0.14598552376833987,0.19138731998467917,0.5252106780315569,0.5364087301587301,0.6167224591856945,0.603981649477973,0.29246319300667123,0.18656228433402344,0.4642857142857143,0.49689440993788814,0.4147812971342383,0.4925672496092579,0.44946484730776026,0.49989150067846566,1443.1534489389846,1472.814284744141
Julian Reister,20140509-M-Rome_CH-QF-Mate_Delic-Julian_Reister,,,,,,,,,,,,,,,,,,,,,1500.0,1500.0
Julien Benneteau,20140106-M-Sydney-R32-Matthew_Ebden-Julien_Benneteau,0.6570543758043759,0.6952663278750235,0.35942054615750507,0.0996979121979122,0.04728835978835978,0.283594836879825,0.17111100057610562,0.14730476401657983,0.4116515837104072,0.573489010989011,0.5923037972194364,0.6381767054057774,0.32979707901467226,0.07638862181028017,0.46172276764843384,0.39148936170212767,0.48586956521739133,0.40417011875172604,0.4196969696969697,0.6239316239316239,1506.3306551019216,1522.893057630289
Julien Boutter,20010204-M-Milan-F-Julien_Boutter-Roger_Federer,,,,,,,,,,,,,,,,,,,,,1500.0,1500.0
Juncheng Shang,20260224-M-Dubai-R32-Daniil_Medvedev-Juncheng_Shang,0.5996391777810561,0.670966150380578,0.531039145778964,0.03764378280103382,0.025094357540177976,0.3574012958816297,0.1760792362987179,0.16989097391955682,0.6228387998670357,0.6105738705738706,0.6301069530863488,0.5673413825694623,0.3523992492317268,0.1371369623102614,0.46500561889120245,0.45016623766623765,0.5157658344644572,0.4698902493666106,0.5334970735785953,0.5816732609495767,1506.4124450634365,1487.724739406534
Jurgen Melzer,20170116-M-Australian_Open-R128-Jurgen_Melzer-Roger_Federer,0.612223047592745,0.6051461005858282,0.46104162668202076,0.04984153774300164,0.04575996288713713,0.2832014483014265,0.11852628551060829,0.22484030388764384,0.39970029970029974,0.548051948051948,0.5621871881180316,0.6215709416194322,0.28968253968253965,0.23516483516483516,0.39430584650542755,0.38958333333333334,0.3422459893048128,0.3935221967554703,0.4925128205128205,0.4452467532467533,1456.5315159218967,1452.6189825176016
Jurgen Zopp,20160223-M-Cherbourg_CH-R32-Jurgen_Zopp-Jordan_Thompson,,,,,,,,,,,,,,,,,,,,,1500.0,1500.0
Jurij Rodionov,20220725-M-Kitzbuhel-R32-Jurij_Rodionov-Hernan_Casanova,0.5616438356164384,0.6341463414634146,0.34375,0.0684931506849315,0.0547945205479452,0.4025974025974026,0.17333333333333334,0.28,0.5769230769230769,0.5,0.4838709677419355,0.5161290322580645,0.46875,0.1875,0.4266666666666667,0.5135135135135135,0.4473684210526316,,,,1512.5422323015523,1500.0
Justin Engel,20251219-M-NextGen_Finals-RR-Nishesh_Basavareddy-Justin_Engel,,,,,,,,,,,,,,,,,,,,,1500.0,1500.0
Kaichi Uchida,20260406-M-Wuning_CH-R32-Alexandr_Binda-Kaichi_Uchida,,,,,,,,,,,,,,,,,,,,,1500.0,1500.0
Kamil Majchrzak,20260109-M-Brisbane-QF-Kamil_Majchrzak-Daniil_Medvedev,0.6042039391749973,0.721421568627451,0.5841489116766733,0.050853916298493326,0.016975185617656773,0.42438866578280887,0.1439916011959598,0.1432928103672883,0.38810355826871257,0.6366666666666667,0.7076283207778435,0.5631206015617468,0.4022675585284281,0.1093349259436216,0.542329802379067,0.5659606904962942,0.6270246086422557,0.44680851063829785,0.4,0.5925925925925926,1533.3085045380483,1500.0
Karel Novacek,19940910-M-US_Open-SF-Michael_Stich-Karel_Novacek,0.5241652831580889,0.5644399460188934,0.4459016393442623,0.05285002767017156,0.01079136690647482,0.3357758620689655,0.13019254769121055,0.18715457300766625,0.43947368421052635,0.21428571428571427,0.4606060606060606,0.5893939393939394,0.3333333333333333,0.04411764705882353,0.43078541374474055,0.38802267895109854,0.4388586956521739,,,,1523.640969658278,1510.1304179471406
Karen Khachanov,20260219-M-Doha-QF-Carlos_Alcaraz-Karen_Khachanov,0.6479386579077,0.7231612368505184,0.5151104830501219,0.0940856648515998,0.026782381170311467,0.3585489269403283,0.17429972217029271,0.1740841610708984,0.4318775263196065,0.6238279397370307,0.6664915668572501,0.6544426355709185,0.35323184406867075,0.15167819557730913,0.515459583467143,0.47724487707398816,0.48992995184166815,0.508724552471698,0.4885660268975522,0.49782902489600117,1387.0933763315445,1411.7695546873883
Karim Alami,19960528-M-Roland_Garros-R128-Karim_Alami-Stefan_Edberg,,,,,,,,,,,,,,,,,,,,,1500.0,1500.0
Karim Mohamed Maamoun,20200306-M-Davis_Cup_WG_II-RR-Ernests_Gulbis-Karim_Mohamed_Maamoun,0.6142399230556989,0.6590766295634458,0.471146457296159,0.030954563853956844,0.044472931736598505,0.3682800755891507,0.13287991853024456,0.2473565750014184,0.6172385943733493,0.516883314284135,0.5852880415814989,0.6103030634688468,0.3501886953356231,0.21879518290959746,0.4503408641303329,0.4807431816790148,0.49010669085857056,0.47252417254495,0.48581134027885525,0.512090863281582,1411.1704981657558,1402.534787435508
Karlis Ozolins,20240707-M-ITF_Tokyo-F-Karlis_Ozolins-Masamichi_Imamura,,,,,,,,,,,,,,,,,,,,,1500.0,1500.0
Karol Beck,20041025-M-St_Petersburg-F-Karol_Beck-Mikhail_Youzhny,,,,,,,,,,,,,,,,,,,,,1500.0,1500.0
Karol Kucera,20000628-M-Wimbledon-R64-Pete_Sampras-Karol_Kucera,0.5467307869093584,0.6502721853359035,0.39120428903418464,0.07572738554881411,0.07337401176686892,0.31653261565246427,0.13773083461564714,0.1882384783234063,0.401226012793177,0.4994047619047619,0.5073902594189581,0.5534844450727676,0.3203202609533694,0.12260545629772407,,,,0.43978743352961125,0.40703211517165006,0.41500000000000004,1449.0393012739798,1500.0
Karsten Braasch,19950626-M-Wimbledon-R128-Pete_Sampras-Karsten_Braasch,,,,,,,,,,,,,,,,,,,,,1500.0,1500.0
Karue Sell,20250106-M-Oeiras_1_CH-R32-Karue_Sell-Robin_Bertrand,0.5911334979922492,0.6725318260644347,0.5666350968386121,0.033140653318541075,0.021905523562896045,0.43266150824386884,0.12341571083233502,0.16520247218848316,0.6229681776556777,0.4675595238095238,0.6249345132789957,0.537937214359428,0.44673799985944196,0.14149421955161992,0.5638297872340425,0.6674876847290641,0.6431818181818182,0.4672546087324665,0.5661936690384967,0.47882741040635773,1447.0621246178675,1499.3579300277338
Kasidit Samrej,20250114-M-Australian_Open-R128-Kasidit_Samrej-Daniil_Medvedev,,,,,,,,,,,,,,,,,,,,,1500.0,1500.0
Kaylan Bigun,20240608-M-Roland_Garros_Juniors-F-Kaylan_Bigun-Tomasz_Berkieta,,,,,,,,,,,,,,,,,,,,,1500.0,1500.0
Keaton Hance,20260201-M-Australian_Open_Juniors-F-Ziga_Sesko-Keaton_Hance,,,,,,,,,,,,,,,,,,,,,1500.0,1500.0
Kei Nishikori,20250205-M-Dallas-R32-Kei_Nishikori-Tomas_Machac,0.6110680595586485,0.6908940847144004,0.5151382173850393,0.037225716308254546,0.030183775459149784,0.3740423024683419,0.1478418315615725,0.1813500368059068,0.49268628068805176,0.5687394269033542,0.6380665556790696,0.612063483702257,0.3776778263020895,0.13610319682155594,0.45541919779386697,0.4690953383639142,0.5827909533182161,0.47704665820247244,0.5311798192357363,0.5611554315658543,1332.2107166559629,1323.2152987906022
Kelly Evernden,19870906-M-US_Open-R32-Stefan_Edberg-Kelly_Evernden,,,,,,,,,,,,,,,,,,,,,1500.0,1500.0
Ken Rosewall,19740908-M-US_Open-F-Ken_Rosewall-Jimmy_Connors,0.608974358974359,0.6182301740812379,0.37038123167155423,0.006993006993006993,0.0641025641025641,0.3737616951018162,0.10966386554621849,0.16042603087746726,0.41681574239713776,0.478021978021978,0.49696969696969695,0.5878787878787879,0.3401380103507763,0.08884416331224843,0.43859649122807015,0.37209302325581395,0.3076923076923077,0.47761194029850745,0.4625,0.5,1501.5017131316138,1501.5017131316138
Kenneth Carlsen,19940623-M-Wimbledon-R64-Stefan_Edberg-Kenneth_Carlsen,,,,,,,,,,,,,,,,,,,,,1500.0,1500.0
Kevin Anderson,20220325-M-Miami_Masters-R64-Juan_Manuel_Cerundolo-Kevin_Anderson,0.648738696480207,0.7602648345804116,0.4703738997872559,0.15895470206658088,0.030153914302431493,0.2961839329607816,0.19550346971198068,0.18362678747834868,0.33742133217599873,0.6371369371369372,0.6214687580214598,0.6486140521696474,0.2835787937489725,0.18836735668344576,0.499936953357066,0.43686010199664616,0.4064256297966705,0.5278875495216008,0.4677705830299181,0.39852575135428703,1576.8847410715273,1574.6606626991663
Kevin Curren,19920901-M-US_Open-R128-Boris_Becker-Kevin_Curren,0.5433385546885835,0.8100654223448392,0.5006880403834308,0.1191932495973006,0.05139636380597707,0.36169206190772935,0.2253393699052206,0.11779062090004182,0.41015682349908533,0.7941938178780283,0.6658715695658546,0.5152800065700301,0.4047356747649145,0.1288851337096951,0.6019417475728155,0.78125,0.36363636363636365,0.4961770664991004,0.48544735715544807,0.5851282051282051,1435.042486053707,1475.589289378713
Kevin King,20190513-M-Gwangju_CH-R64-Kevin_King-Cem_Ilkel,0.6096820204250585,0.742830045379475,0.43301703778677464,0.09110575714502409,0.09000568320436092,0.38267467538386324,0.16270092292137903,0.1652271230476833,0.5294320591458564,0.5840638528138529,0.6056423184111043,0.6080433042119286,0.33345795689928187,0.11879873046679962,0.5149730471475121,0.4660253335476894,0.3830409356725146,0.5471461187214612,0.5833333333333333,0.4204244031830239,1547.709916435593,1522.5614111433451
Kevin Krawietz,20190625-M-Antalya-R32-Cem_Ilkel-Kevin_Krawietz,,,,,,,,,,,,,,,,,,,,,1500.0,1500.0
Kilian Feldbausch,20241118-M-Roverto_CH-Q2-Kilian_Feldbausch-Niels_Visker,,,,,,,,,,,,,,,,,,,,,1500.0,1500.0
Kim Warwick,19810104-M-Australian_Open-F-Kim_Warwick-Brian_Teacher,,,,,,,,,,,,,,,,,,,,,1500.0,1500.0
Kimmer Coppejans,20211210-M-Maia_CH-QF-Kimmer_Coppejans-Nuno_Borges,,,,,,,,,,,,,,,,,,,,,1500.0,1500.0
Kiranpal Pannu,20240108-M-Auckland-R32-Kiranpal_Pannu-Max_Purcell,,,,,,,,,,,,,,,,,,,,,1500.0,1500.0
Konstantin Kravchuk,20160731-M-Astana_CH-F-Evgeny_Donskoy-Konstantin_Kravchuk,0.6341047894567663,0.7884166808897991,0.7285714285714286,0.1323598291775727,0.0,0.48542761586239846,0.15050690584671167,0.16184410359167642,0.3685897435897436,0.75,0.75,0.5535714285714285,0.4466440422322775,0.1776332327802916,,,,0.6150508648631302,0.5507936507936507,0.5694444444444444,1454.1721796717984,1454.1721796717984
Kris Van Wyk,20241117-M-Yokohama_CH-Q2-Kris_Van_Wyk-Federico_Cina,,,,,,,,,,,,,,,,,,,,,1500.0,1500.0
Kristian Pless,20060830-M-US_Open-R64-Andy_Roddick-Kristian_Pless,,,,,,,,,,,,,,,,,,,,,1500.0,1500.0
Kristof Vliegen,20060815-M-Cincinnati_Masters-R32-Kristof_Vliegen-Andy_Roddick,,,,,,,,,,,,,,,,,,,,,1500.0,1500.0
Kryce Didier Momo Kassa,20250218-M-Brazzaville_CH-R32-Kryce_Didier_Momo_Kassa-Max_Houkes,,,,,,,,,,,,,,,,,,,,,1500.0,1500.0
Kyle Edmund,20230116-M-Australian_Open-R128-Kyle_Edmund-Jannik_Sinner,0.5742018131871802,0.7222490904524658,0.5114122090366207,0.06511061963305335,0.0408563574343887,0.3881809263592464,0.1653114702770366,0.1945822975059154,0.5774450564253919,0.4046536796536796,0.6371558746558746,0.5749721624721625,0.3826609290013115,0.159718287942846,0.5235568845641566,0.4223297523396828,0.509430512016719,0.5152174875535599,0.5736310473152578,0.5205501165501165,1516.7657512381775,1516.5931753314346
Kyrian Jacquet,20250525-M-Roland_Garros-R128-Kyrian_Jacquet-Nuno_Borges,0.6741573033707865,0.5333333333333333,0.4827586206896552,0.011235955056179775,0.02247191011235955,0.3125,0.05917159763313609,0.16568047337278108,0.4,0.625,0.6666666666666666,0.7222222222222222,0.24242424242424243,0.12121212121212122,0.4672897196261682,0.3611111111111111,0.3076923076923077,,,,1525.908537275449,1500.0
Laslo Djere,20260119-M-Australian_Open-R128-Stan_Wawrinka-Laslo_Djere,0.6165825874954819,0.7095882656293034,0.4730721622035467,0.08805677073188917,0.04002883960075935,0.3436056577615653,0.177321000577701,0.2203862138467235,0.4817726046345075,0.641374116816399,0.6378433988052268,0.6031942614057505,0.3320648479471673,0.18432038489866545,0.48686513403452775,0.4518143948264795,0.503484717134385,0.48657735599753227,0.4839966159571717,0.46641604745745396,1464.6189818324317,1442.1375981462647
Laurent Lokoli,20230703-M-Wimbledon-R128-Casper_Ruud-Laurent_Lokoli,0.6623376623376623,0.5686274509803921,0.34615384615384615,0.06493506493506493,0.025974025974025976,0.29411764705882354,0.21875,0.296875,0.6071428571428571,0.75,0.6136363636363636,0.7272727272727273,0.2777777777777778,0.3333333333333333,0.39436619718309857,0.4090909090909091,0.45714285714285713,,,,1515.3602657926117,1500.0
Laurynas Grigelis,20150921-M-Izmir_CH-R16-Lukas_Lacko-Laurynas_Grigelis,0.5,0.7083333333333334,0.4166666666666667,0.14583333333333334,0.041666666666666664,0.28888888888888886,0.25806451612903225,0.22580645161290322,0.25,0.2,0.5384615384615384,0.38461538461538464,0.16666666666666666,0.3333333333333333,,,,0.36666666666666664,0.5238095238095238,0.5833333333333334,1484.0,1484.0
Leander Paes,19960828-M-US_Open-R64-Leander_Paes-Andre_Agassi,0.7023809523809523,0.6610169491525424,0.56,0.09523809523809523,0.0,0.359375,0.20945945945945946,0.14189189189189189,0.4838709677419355,0.5,0.5806451612903226,0.6451612903225806,0.3125,0.125,0.49038461538461536,0.6,0.4444444444444444,,,,1516.0,1516.0
Leandro Riedi,20250630-M-Wimbledon-R128-Leandro_Riedi-Oliver_Tarvet,0.6898783003082514,0.7108098891730605,0.5569047619047619,0.05119137166701302,0.019052750493102816,0.25445778883278886,0.13627049355434667,0.20229881153193432,0.6329097315939421,0.6313131313131314,0.6405892255892256,0.7142760942760943,0.3019575406672181,0.18054866280672732,0.473923015556442,0.40476190476190477,0.6372997711670481,0.4257445940432476,0.4613526570048309,0.4671717171717171,1506.5349654016522,1500.0
Learner Tien,20260511-M-Rome_Masters-R16-Rafael_Jodar-Learner_Tien,0.6377668294021972,0.6966822693353744,0.5303082279941983,0.06351077007272805,0.04244816940393782,0.38528678853719733,0.1597068493091368,0.18130705508151412,0.5338744966169569,0.5312898463274403,0.6501695506767953,0.6400570757202999,0.3776638924101798,0.12777310726702548,0.48962584143155713,0.49589831677106666,0.5541695946631428,0.48420762446491056,0.5643217366994514,0.5412195221338973,1445.2269490576246,1500.0
Leo Borg,20240716-M-Bastad-R32-Rafael_Nadal-Leo_Borg,0.5227272727272727,0.6185897435897436,0.475,0.02097902097902098,0.07080419580419581,0.225,0.11721611721611722,0.24152930402930403,0.5833333333333333,0.225,0.5277777777777778,0.4756944444444444,0.3205128205128205,0.22527472527472528,0.3148148148148148,0.6111111111111112,0.25,0.35384615384615387,0.6086956521739131,0.375,1499.182780862563,1500.0
Leonardo Mayer,20190719-M-Umag-QF-Leonardo_Mayer-Laslo_Djere,0.5986786320671003,0.6798638868563331,0.5097601865886895,0.05273978206066021,0.05357062970253414,0.3080079843871305,0.1485631847580692,0.2117857113041032,0.5751161818908772,0.5468537414965986,0.5964769243046183,0.567915522948215,0.29122648550059316,0.1823042817538348,0.46576499624202566,0.48249785962892,0.4598793036242916,0.4596890756302521,0.4690700177626752,0.3657393483709273,1581.3588644163142,1538.5959982910172
Li Tu,20240827-M-US_Open-R128-Li_Tu-Carlos_Alcaraz,0.571313810658073,0.6816040100250627,0.5687796771130105,0.07560132642099855,0.04498622203540236,0.31765523632993514,0.14126009462088032,0.16935721021863537,0.5722222222222223,0.4868686868686869,0.5554410866910867,0.5818833943833944,0.2961672473867596,0.13310104529616726,,,,0.5024482958572257,0.3819131161236424,0.5322822822822822,1455.274687208039,1454.197203588262
Liam Broady,20230620-M-Queens_Club-R32-Liam_Broady-Adrian_Mannarino,0.6818181818181818,0.5777777777777777,0.38095238095238093,0.0,0.030303030303030304,0.3392857142857143,0.16393442622950818,0.19672131147540983,0.75,0.3333333333333333,0.4666666666666667,0.6333333333333333,0.2222222222222222,0.16666666666666666,,,,0.38461538461538464,0.37037037037037035,0.5,1476.88441898259,1500.0
Liam Draxl,20241124-M-Puerto_Vallarta_CH-F-Nishesh_Basavareddy-Liam_Draxl,0.6140350877192983,0.6857142857142857,0.36363636363636365,0.05263157894736842,0.08771929824561403,0.3275862068965517,0.10434782608695652,0.1391304347826087,0.5,0.42857142857142855,0.37037037037037035,0.5185185185185185,0.32,0.04,0.41935483870967744,0.5806451612903226,0.3181818181818182,,,,1509.0611674672912,1511.0665109269048
Liang Chi Huang,20150921-M-Kaohsiung_CH-R32-Hyeon_Chung-Liang_Chi_Huang,,,,,,,,,,,,,,,,,,,,,1500.0,1500.0
Libor Pimek,19851004-M-Davis_Cup_World_Group_SF-RR-Boris_Becker-Libor_Pimek,,,,,,,,,,,,,,,,,,,,,1500.0,1500.0
Lleyton Hewitt,20150903-M-US_Open-R64-Bernard_Tomic-Lleyton_Hewitt,0.5385449795291972,0.7388482012591787,0.5294717448235704,0.07463659342200558,0.04059690025034669,0.38669800317319036,0.15470467092858942,0.14763802428518566,0.4610878966422883,0.5711706322000439,0.6423245371976134,0.5201724695588774,0.37990484493249227,0.12419664814808822,0.5207956713686981,0.5301191879460937,0.5459353991113628,0.49553243313507794,0.5201791161579702,0.5131110745117262,1425.0661654703706,1524.722569559452
Lloyd Harris,20240701-M-Wimbledon-R128-Alex_Michelsen-Lloyd_Harris,0.6008475443973541,0.696536912814935,0.4248067592247006,0.09075731751937811,0.03444889765036681,0.36223696426461405,0.1407387892806728,0.2224852262403945,0.5106042416966787,0.4795918367346939,0.5998533471359558,0.5655347283841072,0.35172050172050173,0.17812742812742813,0.45031446540880504,0.42898550724637685,0.49145299145299143,0.5450259945838367,0.3853613888766525,0.43141467975689574,1450.9774457350097,1500.0
Lorenzo Giustino,20190324-M-Zhangjiagang_CH-F-Lorenzo_Giustino-Marc_Polmans,0.5681818181818182,0.52,0.47368421052631576,0.06818181818181818,0.06818181818181818,0.2830188679245283,0.09278350515463918,0.23711340206185566,0.4444444444444444,0.3333333333333333,0.5333333333333333,0.6,0.2916666666666667,0.125,0.3793103448275862,0.4074074074074074,0.3333333333333333,,,,1516.0,1516.0
Lorenzo Musetti,20260417-M-Barcelona-QF-Arthur_Fils-Lorenzo_Musetti,0.6506243058855942,0.6989025751515675,0.5206687678835191,0.04601522891419564,0.025324107189709646,0.37593579351193795,0.1540010150164274,0.16026837888612264,0.512507070575411,0.5424464432308691,0.644642995146406,0.6270429638495829,0.36307264252639854,0.13291062360733022,0.5095724566624306,0.49925943776316306,0.5090846987484107,0.5048592511844903,0.49771409860301036,0.49660758561414237,1399.8259473538358,1459.8048455647597
Lorenzo Sonego,20251103-M-Metz-R32-Jan_Choinski-Lorenzo_Sonego,0.6490586870682771,0.7023387527262094,0.507175304647269,0.06310642406738481,0.025234934112481695,0.30695455327317617,0.1855077269532663,0.17948521605705317,0.527448734941691,0.6002088720103427,0.6473850374462543,0.6344012430501019,0.2941211649530677,0.16603146202356808,0.49518070320498025,0.44275687051644996,0.43657023294414055,0.47303000242897475,0.47078175395823657,0.4620345381878929,1619.735949037255,1651.9637983152406
Luca Nardi,20250814-M-Cincinnati_Masters-R16-Carlos_Alcaraz-Luca_Nardi,0.6374823905761543,0.657557151032176,0.40968614718614715,0.04458547754766242,0.04202223743134844,0.2891882452496316,0.13770181454967761,0.22600838304567755,0.5425495557074504,0.5365134865134865,0.5688905628421758,0.6981841123546193,0.3421640370708694,0.15695133546065224,0.4586016724162909,0.39434624480928415,0.4275566744532262,0.3781135531135531,0.49783549783549785,0.5207547169811321,1548.6425373355073,1545.3757607802218
Luca Van Assche,20250228-M-Lugano_CH-QF-Murphy_Cassone-Luca_Van_Assche,0.610106392054842,0.7159503237252598,0.48406463713283987,0.08584311729589307,0.01743132565050373,0.39765415652094765,0.15357969598535637,0.13613925121000592,0.4768671097943044,0.44841269841269843,0.5892434988179669,0.654225768321513,0.3386167497625831,0.14558048433048434,0.5072463768115942,0.6,0.5421686746987951,0.4752742995578626,0.5233679202573212,0.5190751167158167,1451.4888788674482,1475.5340726802453
Luca Vanni,20140929-M-Sacramento_CH-R16-Jared_Donaldson-Luca_Vanni,,,,,,,,,,,,,,,,,,,,,1500.0,1500.0
Lucas Catarina,20240406-M-Monte_Carlo_Masters-Q1-Lucas_Catarina-Aleksandar_Vukic,0.5327868852459017,0.676923076923077,0.49122807017543857,0.03278688524590164,0.05737704918032787,0.3611111111111111,0.12173913043478261,0.26521739130434785,0.5714285714285714,0.6666666666666666,0.6530612244897959,0.4897959183673469,0.35135135135135137,0.2972972972972973,0.55,0.45652173913043476,0.4166666666666667,,,,1516.7361400948973,1516.0
Lucas Pouille,20240922-M-Saint_Tropez_CH-F-Gijs_Brouwer-Lucas_Pouille,0.5529515483872103,0.7193257286162943,0.48850093296534947,0.08592237992795446,0.0412632016187835,0.3163908438655787,0.18373291425364324,0.20214765867627438,0.4834336916218454,0.6159922514761225,0.6463154158901463,0.5378762086487837,0.3057351136819695,0.15958626329704817,0.49369781654606504,0.47101570135262927,0.5414607085962585,0.42773506313150916,0.4761553191631327,0.48066954753929547,1562.6120266131034,1531.1927164760361
Luciano Darderi,20260407-M-Monte_Carlo_Masters-R64-Hubert_Hurkacz-Luciano_Darderi,0.5441410263845242,0.7428828933412778,0.5244223331275761,0.0726624144869159,0.03284725738414361,0.33425958446270027,0.18376976255549193,0.1511640642150458,0.4519538330595123,0.5947330447330447,0.6454131850522224,0.535862134993151,0.3228817037041267,0.12557950173661034,0.6287337797660396,0.49191996594295445,0.5806391675956893,0.44669002494226806,0.42767556517556515,0.5188282629940091,1427.7278000769606,1474.8442426766333
Luis Ayala,19600529-M-Roland_Garros-F-Nicola_Pietrangeli-Luis_Ayala,,,,,,,,,,,,,,,,,,,,,1500.0,1500.0
Luis Herrera,19900625-M-Wimbledon-R128-Boris_Becker-Luis_Herrera,,,,,,,,,,,,,,,,,,,,,1500.0,1500.0
Luka Pavlovic,20260209-M-Rotterdam-R32-Luka_Pavlovic-Botic_Van_De_Zandschulp,,,,,,,,,,,,,,,,,,,,,1500.0,1500.0
Lukas Klein,20260115-M-Australian_Open-Q3-Lukas_Klein-Michael_Zheng,0.6666666666666667,0.7515592515592515,0.5083333333333333,0.042105263157894736,0.022807017543859647,0.4124869383490073,0.21243836844464364,0.16557597489914835,0.53596757852077,0.8125,0.7701863354037267,0.7484472049689441,0.3876050420168067,0.15021008403361344,0.4965909090909091,0.6003584229390682,0.5919540229885057,,,,1529.7809768001553,1514.1330078966203
Lukas Lacko,20211031-M-Ismaning_CH-F-Lukas_Lacko-Oscar_Otte,0.6342087815711276,0.6881708808432947,0.4178075908726064,0.08693762545299678,0.029599667382017747,0.33446955189196265,0.16248994388582214,0.17467003594682037,0.44768586533292415,0.5859788359788359,0.6492212179712179,0.6435157560157561,0.32479380641145345,0.1698879551820728,0.495910878112713,0.45240447957839264,0.464021164021164,0.4649226492949057,0.40710144927536235,0.44764957264957267,1501.2776938977986,1486.4708289036114
Lukas Neumayer,20250106-M-Australian_Open-Q1-Elmer_Moller-Lukas_Neumayer,0.5866666666666667,0.5227272727272727,0.3548387096774194,0.013333333333333334,0.04,0.4264705882352941,0.02097902097902098,0.23076923076923078,0.3333333333333333,0.6,0.5483870967741935,0.5806451612903226,0.4583333333333333,0.20833333333333334,,,,0.475,0.34375,0.45161290322580644,1480.665485344007,1500.0
Lukas Rosol,20190201-M-Davis_Cup_Qualifiers-RR-Lukas_Rosol-Robin_Haase,0.587825098827072,0.6568453990345056,0.4704817073749157,0.06396372422101769,0.04426880340201042,0.31177080467611407,0.1797891838345405,0.21219738039507155,0.5631566610650374,0.5006172839506173,0.5681985044214146,0.5380879802706429,0.29598324006302945,0.18194032229697324,0.4502544406487432,0.5531914893617021,0.5183782267115601,0.44302917187825724,0.39644582883971274,0.45353174603174606,1452.6380311410098,1472.5554505704483
Lukasz Kubot,20090510-M-Belgrade-F-Novak_Djokovic-Lukasz_Kubot,,,,,,,,,,,,,,,,,,,,,1500.0,1500.0
Mackenzie Mcdonald,20250722-M-Washington-R32-Ben_Shelton-Mackenzie_Mcdonald,0.6344792217002142,0.6388793306498607,0.5113627688318644,0.047311535421042335,0.032438718866736445,0.3240330088517405,0.13407081432934656,0.194898261934911,0.525271733766751,0.5443722943722944,0.6110183524076699,0.6284124703839856,0.3096440237160149,0.15707981776228774,0.44964842159887686,0.39296818253925064,0.4587804687092228,0.47774438126592583,0.4544452000996281,0.4734661664605622,1416.985147390549,1426.5148700705233
Magnus Gustafsson,19971020-M-Stuttgart_Masters-R32-Pete_Sampras-Magnus_Gustafsson,0.6684499095316917,0.6205488815765513,0.4222119054109309,0.04444543081100908,0.03899735838704408,0.3116225253366395,0.129498142722484,0.19881797956258446,0.5811212428233705,0.5502747252747253,0.5540263157894737,0.6669809081527347,0.35217592592592595,0.15421296296296297,0.5159235668789809,0.4722222222222222,0.45454545454545453,0.40894314585531066,0.43934713211821647,0.4537828614762386,1452.91290745444,1452.4771241760334
Magnus Larsson,19980815-M-Cincinnati_Masters-SF-Pete_Sampras-Magnus_Larsson,0.67569806535875,0.7397623354645347,0.44844550578246234,0.12312697798216936,0.028909453996204204,0.2968563324683999,0.18191273097071728,0.14099489139377144,0.4400925618310996,0.5573412698412699,0.6117022074331714,0.6834604484454446,0.30203896220976967,0.10961664859180387,0.4508433734939759,0.47947454844006565,0.46739130434782605,0.48805891345257174,0.4197288109043796,0.5129947045707915,1488.7234207867157,1477.464846348524
Magnus Norman,20010507-M-Rome_Masters-R64-Magnus_Norman-Vincenzo_Santopadre,0.610910086724573,0.6787840672550227,0.46101264800618685,0.08305192103507061,0.01468770666035072,0.3850945163218185,0.1695314748122815,0.20046009407106438,0.49276159266000596,0.4819803639846743,0.60043823285343,0.6077428132844407,0.37870597969282177,0.14541361416361415,0.575513876265756,0.5962041599441852,0.49188102359587904,0.4652777106239504,0.48134725016767266,0.37529411764705883,1455.5561528439625,1509.9104210601047
Makoto Ochi,20151123-M-Toyota_CH-R32-Makoto_Ochi-Konstantin_Kravchuk,,,,,,,,,,,,,,,,,,,,,1500.0,1500.0
Maks Kasnikowski,20240826-M-US_Open-R128-Pedro_Martinez-Maks_Kasnikowski,,,,,,,,,,,,,,,,,,,,,1500.0,1500.0
Malek Jaziri,20230227-M-Dubai-R32-Alejandro_Davidovich_Fokina-Malek_Jaziri,0.5592243275840967,0.6948588493029124,0.5227231381977602,0.05777137181124096,0.0226002849552984,0.35417973631630495,0.1407326575528012,0.16382601244748665,0.5038560779002677,0.5537414965986395,0.6495618067046639,0.5496506710792425,0.3611214730713378,0.10016449865474221,0.5004601293219771,0.5609326018808778,0.46616161616161617,0.45722150042323667,0.4852865388579674,0.4836020301537543,1484.4870871709338,1504.514261909541
Malivai Washington,19960707-M-Wimbledon-F-Richard_Krajicek-Malivai_Washington,0.5498858089445808,0.6662471923585697,0.5219592157523192,0.07858545340205152,0.025889520029469284,0.3354064656138467,0.16319812495811759,0.17018794124172687,0.43434052467140705,0.5221139971139971,0.586504565735171,0.5703600522334538,0.32443696088857377,0.1334075124397705,0.5131569950257381,0.3823529411764706,0.37332887700534756,0.5095007699005588,0.41808628153455735,0.4120606060606061,1480.189728049247,1469.4385149016737
Mansour Bahrami,19880427-M-Hamburg-R32-Boris_Becker-Mansour_Bahrami,,,,,,,,,,,,,,,,,,,,,1500.0,1500.0
Manuel Orantes,19750907-M-US_Open-F-Manuel_Orantes-Jimmy_Connors,,,,,,,,,,,,,,,,,,,,,1500.0,1500.0
Marat Safin,20091110-M-Paris_Masters-R32-Marat_Safin-Juan_Martin_Del_Potro,0.5511313965554018,0.7623659684841353,0.5293619031969496,0.11408228234447139,0.024262386370882107,0.3684710498292188,0.18468098285282006,0.17887970072839307,0.35964448174350033,0.5636914284480613,0.6606013673704854,0.545371512763073,0.3583164908321338,0.16722786768430056,0.5364075943680805,0.4898210702007481,0.4897653634971819,0.5165440429690539,0.4888664730831489,0.5062429120060484,1473.1766400090748,1499.4391767419036
Marc Andrea Huesler,20240203-M-Davis_Cup_Qualifiers-RR-Marc_Andrea_Huesler-Botic_Van_De_Zandschulp,0.6231070735555444,0.7112515721538278,0.513522636367464,0.11764306704947995,0.019391433514277998,0.295451460980741,0.16470216583347672,0.16274718876327507,0.4113871004114906,0.5584304584304584,0.6425981122702434,0.5738052657724789,0.2765830535567096,0.17079966510251368,,,,0.4788647831886121,0.4804859651594142,0.4173307528840316,1423.4542786681598,1435.185297358519
Marc Gicquel,20080628-M-Wimbledon-R32-Roger_Federer-Marc_Gicquel,,,,,,,,,,,,,,,,,,,,,1500.0,1500.0
Marc Lopez,20030708-M-Gstaad-R32-Roger_Federer-Marc_Lopez,,,,,,,,,,,,,,,,,,,,,1500.0,1500.0
Marc Polmans,20240711-M-Winnipeg_CH-R16-Marc_Polmans-Bu_Yunchaokete,0.6803115498961474,0.6510233550249865,0.44996904024767803,0.0668430585864483,0.025350229238760506,0.4051370285829134,0.1327193274152913,0.17487786615896986,0.37519607843137254,0.5555555555555556,0.5752797447329312,0.6889533613078066,0.38586563239083627,0.15645848776871757,0.563230955636019,0.46424010217113665,0.40725606662679165,0.48863636363636365,0.475,0.5092592592592593,1518.84505646932,1521.3366338825783
Marc Rosset,20000213-M-Marseille-F-Marc_Rosset-Roger_Federer,0.587420715029218,0.7539540709049508,0.4537827904909954,0.12874513277618665,0.05369187156757301,0.3021631627796696,0.18846398354340027,0.15271737100335633,0.4047497915131326,0.6252455224514047,0.6192785346453052,0.5750516927529581,0.302715009824702,0.13181937941511093,0.5203257144046206,0.4232386232386232,0.6680851063829788,0.4696322147305864,0.4904266298015941,0.41904069320035703,1439.7726484722918,1430.8983284953806
Marc Sieber,20170817-M-Meerbusch_CH-R16-Marc_Sieber-Karim_Mohamed_Maamoun,,,,,,,,,,,,,,,,,,,,,1500.0,1500.0
Marcel Freeman,19870623-M-Wimbledon-R128-Pat_Cash-Marcel_Freeman,,,,,,,,,,,,,,,,,,,,,1500.0,1500.0
Marcel Granollers,20190720-M-Newport-SF-Marcel_Granollers-Alexander_Bublik,0.569309194121238,0.6641502832565228,0.4284453658494579,0.04702944802421398,0.0444806275491371,0.361828667088796,0.11548401661178594,0.1617098794750539,0.4321950000829311,0.5911796536796536,0.5866566004455094,0.5937573163364859,0.32186416854609073,0.13150685233065096,0.4435651271406331,0.44047619047619047,0.4077733860342556,0.4748089698183683,0.46683435263688544,0.45343375572034106,1453.7776102784553,1500.0
Marcelo Arevalo,20191007-M-Santo_Domingo_CH-R64-Marcelo_Arevalo-Victor_Estrella,0.547492427865455,0.7571157495256168,0.49956140350877193,0.0861437908496732,0.04946277698071098,0.37548944825832703,0.1265538388351121,0.16123875710621802,0.6248196248196248,0.7916666666666666,0.6798941798941799,0.4894179894179895,0.3808446455505279,0.13574660633484162,0.500076083045711,0.506974506974507,0.5555555555555555,,,,1542.3163621469673,1530.8984494116678
Marcelo Filippini,19920725-M-Kitzbuhel-SF-Pete_Sampras-Marcelo_Filippini,0.6666666666666666,0.625,0.42857142857142855,0.011904761904761904,0.0,0.36904761904761907,0.125,0.1488095238095238,0.5714285714285714,0.5555555555555556,0.5277777777777778,0.5277777777777778,0.37142857142857144,0.08571428571428572,0.4470588235294118,0.4772727272727273,0.48717948717948717,,,,1515.5638955496204,1516.4521694022226
Marcelo Rios,20010508-M-Rome_Masters-R64-Marcelo_Rios-Davide_Sanguinetti,0.5644348162531914,0.6962020581970609,0.5360890329775005,0.05234744220197165,0.029466112910904157,0.3804790366192368,0.15619119761034858,0.2021303353739587,0.5112828918931103,0.5568086883876358,0.6117929537632438,0.5167555875978013,0.3770872520357627,0.16350114359594597,0.5183832736063185,0.5240506852075673,0.5381198900688554,0.4556802783226484,0.5025914536673051,0.4775328970800789,1531.10032042766,1478.345487476715
Marcelo Tomas Barrios Vera,20251107-M-Lima_CH-QF-Marcelo_Tomas_Barrios_Vera-Juan_Bautista_Torres,,,,,,,,,,,,,,,,,,,,,1500.0,1500.0
Marco Cecchinato,20220526-M-Roland_Garros-R64-Hubert_Hurkacz-Marco_Cecchinato,0.6791618904873669,0.686054128846361,0.4995983399264599,0.051493682346536375,0.03758724842456713,0.30818007790017726,0.18258056637913353,0.2041118457886345,0.5470200952153531,0.600706692204854,0.6285869735228911,0.6854045023157286,0.2881750170937565,0.1294115402931853,0.4691304894273113,0.49265077510634364,0.4605227216021184,,,,1694.197562133001,1621.6241866031303
Marco Trungelliti,20240724-M-Umag-R16-Marco_Trungelliti-Lorenzo_Musetti,0.5161290322580645,0.84375,0.6,0.06451612903225806,0.03225806451612903,0.38571428571428573,0.12878787878787878,0.1590909090909091,0.4117647058823529,0.8,0.76,0.64,0.3870967741935484,0.12903225806451613,,,,0.5697674418604651,0.5769230769230769,0.4,1484.0,1484.0
Marcos Baghdatis,20190704-M-Wimbledon-R64-Matteo_Berrettini-Marcos_Baghdatis,0.5452140622108433,0.7154278839156304,0.49743924834898595,0.08454326987797607,0.03484671659996844,0.34786621818265573,0.15927987042162564,0.1607409672484158,0.4684407831115236,0.5042413941001732,0.642380567419093,0.5351014329479497,0.3211715882609975,0.1374559558992685,0.506678887458974,0.45695783671921053,0.4651402152816735,0.4745626982562673,0.4779162263743578,0.5102319283278848,1421.8036357189924,1510.1993680741382
Marcos Daniel,20050927-M-Bangkok-R32-Marcos_Daniel-Roger_Federer,,,,,,,,,,,,,,,,,,,,,1500.0,1500.0
Marcos Giron,20260218-M-Delray_Beach-R16-Casper_Ruud-Marcos_Giron,0.590223669448527,0.6971670999558661,0.4670053686973553,0.05896042750644415,0.01904062463773775,0.3130525788241173,0.15289490926332003,0.17151210072788184,0.46149879081155415,0.5527740458774941,0.6151058068292699,0.5741717312667731,0.30447097098870074,0.13692868561384142,0.470144544031868,0.45023535851122054,0.5408008658008658,0.4653226950079201,0.4041970842454284,0.481089724905752,1298.1908591325998,1337.0545366904203
Marcus Willis,20160629-M-Wimbledon-R64-Roger_Federer-Marcus_Willis,,,,,,,,,,,,,,,,,,,,,1500.0,1500.0
Mardy Fish,20120818-M-Cincinnati_Masters-QF-Mardy_Fish-Roger_Federer,0.5155463490401712,0.7510819888214549,0.48430290357657646,0.11489293425545766,0.04489520688656434,0.32658182860134033,0.18938461867558484,0.19412985789833556,0.40433348519833917,0.5893772893772894,0.5985141738089262,0.49210018545491063,0.33424892496403985,0.16502416972016182,0.5178423025631017,0.43959239130434785,0.547238606981254,0.479317671185176,0.45531098614788945,0.44184918277410534,1500.42142291348,1506.6067382179262
Mariano Navone,20260404-M-Bucharest-SF-Botic_Van_De_Zandschulp-Mariano_Navone,0.6657771885721181,0.6033816514301648,0.4498985119343693,0.022161476970989493,0.029041069203459845,0.4085146442590821,0.11319519427318094,0.19183198253257425,0.544949494949495,0.5632901123331745,0.5334437516366898,0.6471341386732167,0.3714548702730143,0.1747513281249016,0.44358746843218894,0.45715887737164335,0.5188799591784666,0.4789366195814647,0.5105044554413359,0.5285471619955842,1443.4901659203201,1425.7426346140676
Mariano Puerta,20050812-M-Canada_Masters-QF-Rafael_Nadal-Mariano_Puerta,0.64,0.53125,0.7222222222222222,0.02,0.0,0.4024390243902439,0.13636363636363635,0.17424242424242425,0.6111111111111112,0.4,0.6923076923076923,0.6923076923076923,0.358974358974359,0.1794871794871795,0.36619718309859156,0.5666666666666667,0.6451612903225806,,,,1516.0,1500.0
Mariano Zabaleta,20000424-M-Barcelona-R64-Marat_Safin-Mariano_Zabaleta,0.546875,0.7047619047619048,0.3563218390804598,0.03125,0.041666666666666664,0.38461538461538464,0.1497326203208556,0.25133689839572193,0.7142857142857143,0.5652173913043478,0.5974025974025974,0.5714285714285714,0.4057971014492754,0.2463768115942029,,,,0.5136612021857924,0.358695652173913,0.48484848484848486,1483.1259074289542,1482.190385645806
Marin Cilic,20260104-M-Hong_Kong-R32-Marin_Cilic-Adrian_Mannarino,0.5707919253250258,0.7461249982001981,0.4813550078714715,0.11299820491694974,0.04096681798409592,0.3369331541237169,0.1908446673051202,0.204240051035695,0.4677558218695605,0.5982416468765153,0.6412483234551862,0.56791612914189,0.33079822236963535,0.1743876377859362,0.4920714511444208,0.49647985301671,0.4869716412524068,0.48978046550847304,0.4552898610193636,0.497607393774022,1724.9354128190237,1705.1759567276702
Marinko Matosevic,20140826-M-US_Open-R128-Roger_Federer-Marinko_Matosevic,0.6074004192213038,0.7210203820842118,0.36579924704924704,0.07431991811188798,0.06377674412394654,0.32208997994638666,0.13496064970049518,0.21890245467563077,0.33721393695818247,0.5422222222222223,0.5521127617901811,0.5761856423146746,0.3142631246046806,0.17684376976597088,0.503531941031941,0.5106100795755968,0.509090909090909,0.40909715339298347,0.463768115942029,0.48148148148148145,1492.1209045965898,1490.0204010805583
Mario Ancic,20080721-M-Canada_Masters-R64-Frank_Dancevic-Mario_Ancic,0.6019705797951482,0.7179671941863564,0.4155082559339525,0.08960372767006326,0.024229263569462183,0.2733489328484014,0.1458096923735252,0.1745070867774588,0.41025840387682494,0.4658730158730159,0.5888393443289957,0.5591218922252859,0.3147286482297924,0.1881849723211279,0.4879519956278625,0.44042147495452505,0.4597422969187675,0.4333405347334744,0.3346076511293902,0.39260871800833436,1536.9233846685509,1495.333444355943
Mario Vilella Martinez,20190409-M-Murcia_CH-R64-Nicolas_Almagro-Mario_Vilella_Martinez,,,,,,,,,,,,,,,,,,,,,1500.0,1500.0
Marius Copil,20190212-M-Rotterdam-R32-Ernests_Gulbis-Marius_Copil,0.5891584543251543,0.8245568282090021,0.6108744388443637,0.16629393123921815,0.04331570301838434,0.4048130602867265,0.2167692502532928,0.18964838353136224,0.32840325553257643,0.5916666666666667,0.7138270425226947,0.5669851887243191,0.4081616659202866,0.15033811016569637,0.5885877374861399,0.6026726896292114,0.5681818181818182,0.5349999999999999,0.5211538461538461,0.40476190476190477,1507.1142838880849,1513.5345710794286
Mark Edmondson,19820703-M-Wimbledon-SF-Mark_Edmondson-Jimmy_Connors,,,,,,,,,,,,,,,,,,,,,1500.0,1500.0
Mark Kevin Goellner,19930924-M-Davis_Cup_World_Group_SF-RR-Mark_Kevin_Goellner-Stefan_Edberg,,,,,,,,,,,,,,,,,,,,,1500.0,1500.0
Mark Lajal,20250116-M-Australian_Open-Q3-Mark_Lajal-Jaime_Faria,0.6764705882352942,0.5797101449275363,0.5757575757575758,0.06862745098039216,0.0196078431372549,0.2696629213483146,0.11518324607329843,0.14136125654450263,0.5,0.5,0.5853658536585366,0.7073170731707317,0.2692307692307692,0.11538461538461539,,,,0.45901639344262296,0.3958333333333333,0.38095238095238093,1477.2619298926877,1500.0
Mark Petchey,19940309-M-Miami_Masters-R64-Andre_Agassi-Mark_Petchey,,,,,,,,,,,,,,,,,,,,,1500.0,1500.0
Mark Philippoussis,20030919-M-Davis_Cup_World_Group_SF-RR-Roger_Federer-Mark_Philippoussis,0.5969005813606969,0.7943273569231414,0.5112615435599037,0.16871541238477114,0.05760812062530322,0.2984790472219442,0.20684156802362774,0.15883708443728944,0.35672640477511897,0.7380471380471381,0.7094779495544279,0.5512171285594728,0.2900459996224935,0.16527308674164384,0.5352594897895764,0.511089602435915,0.516763235279278,0.4703189000088765,0.4098656533078521,0.3327463438943515,1525.928356306114,1497.8611474076677
Mark Woodforde,19960126-M-Australian_Open-SF-Mark_Woodforde-Boris_Becker,0.6312056737588653,0.5955056179775281,0.5192307692307693,0.0070921985815602835,0.02127659574468085,0.49612403100775193,0.17407407407407408,0.15555555555555556,0.46808510638297873,0.6111111111111112,0.6938775510204082,0.6326530612244898,0.5555555555555556,0.1111111111111111,,,,0.5257142857142857,0.5147058823529411,0.6296296296296297,1489.3486086067167,1489.4705270486156
Markus Eriksson,20120820-M-Finland_F3-SF-Markus_Eriksson-Alexandre_Penaud,,,,,,,,,,,,,,,,,,,,,1500.0,1500.0
Markus Hipfl,20011214-M-St_Anton_EXH-RR-Roger_Federer-Markus_Hipfl,,,,,,,,,,,,,,,,,,,,,1500.0,1500.0
Marsel Ilhan,20150226-M-Dubai-QF-Novak_Djokovic-Marsel_Ilhan,,,,,,,,,,,,,,,,,,,,,1500.0,1500.0
Martin Borisiouk,20241112-M-Champaign_CH-R32-Martin_Borisiouk-Nishesh_Basavareddy,,,,,,,,,,,,,,,,,,,,,1500.0,1500.0
Martin Cuevas,20210918-M-Davis_Cup_Group_I-RR-Martin_Cuevas-Tallon_Griekspoor,,,,,,,,,,,,,,,,,,,,,1500.0,1500.0
Martin Damm,20260203-M-Montpellier-R32-Martin_Damm-Hubert_Hurkacz,0.6470588235294118,0.8363636363636363,0.6,0.27058823529411763,0.047058823529411764,0.34615384615384615,0.27607361963190186,0.13496932515337423,0.28888888888888886,1.0,0.8275862068965517,0.5517241379310345,0.24,0.08,0.5606060606060606,0.5769230769230769,0.4,,,,1516.0,1516.0
Martin Damm Sr,19980621-M-s_Hertogenbosch-F-Patrick_Rafter-Martin_Damm_Sr,,,,,,,,,,,,,,,,,,,,,1500.0,1500.0
Martin Jaite,19880524-M-Monte_Carlo_Masters-F-Martin_Jaite-Ivan_Lendl,0.5486581552892131,0.6001738374619731,0.444015444015444,0.009900990099009901,0.0049504950495049506,0.3834485407066052,0.20122422680412372,0.2385631443298969,0.662828947368421,0.45,0.5224586288416075,0.5173364854215918,0.32499999999999996,0.2375,,,,0.38760964912280704,0.40123152709359605,0.5375541125541126,1468.3674685205835,1466.2196675134653
Martin Klizan,20190423-M-Barcelona-R32-Martin_Klizan-Cristian_Garin,0.6099564027256404,0.7206343509154094,0.517074572152088,0.06749903483686256,0.04231276954365548,0.36986187648461183,0.1477722930989242,0.21362610523445738,0.4976818570604743,0.6412578162578163,0.638109187560407,0.5919804306020608,0.3606599117468683,0.18653773762469417,0.5155230509656221,0.5312182441214699,0.5986060606060606,0.47661272897184864,0.5097710902542836,0.4994404516145069,1463.670291011168,1500.2119164365827
Martin Landaluce,20260324-M-Miami_Masters-R16-Sebastian_Korda-Martin_Landaluce,0.533459595959596,0.6523809523809523,0.417358803986711,0.02498196248196248,0.060155122655122656,0.301464254952627,0.12473484425588924,0.2829630456626102,0.543778801843318,0.6111111111111112,0.5655802861685215,0.6208267090620032,0.28360215053763443,0.24731182795698925,0.4418604651162791,0.358974358974359,0.6818181818181818,0.4482758620689655,0.3333333333333333,0.2777777777777778,1501.2539059597866,1484.231220205483
Martin Redlicki,20190204-M-Dallas_CH-Q1-Gijs_Brouwer-Martin_Redlicki,,,,,,,,,,,,,,,,,,,,,1500.0,1500.0
Martin Verkerk,20040530-M-Roland_Garros-R32-Martin_Verkerk-Lleyton_Hewitt,0.5179457364341085,0.774992713494608,0.40094339622641506,0.15302325581395348,0.08151162790697675,0.2517699115044248,0.1732620320855615,0.1979095770539621,0.2857142857142857,0.7159090909090908,0.6604104104104105,0.5430430430430431,0.20833333333333331,0.16666666666666666,0.48,0.3125,0.2631578947368421,0.4793814432989691,0.6,0.2777777777777778,1506.255916624738,1514.0033973154234
Marton Fucsovics,20260306-M-Indian_Wells_Masters-R64-Marton_Fucsovics-Lorenzo_Musetti,0.5890879573159332,0.6804421995444431,0.48291386780640777,0.04293931738101404,0.034983781268427036,0.3747584723846352,0.14233355759018934,0.19543606794779678,0.570999162035132,0.5193276198439242,0.5921363907673329,0.5808986896865934,0.36900195301208916,0.16682094199215708,0.5115378273025016,0.46266981125676776,0.4340690776033164,0.4962362701791725,0.4804265580172633,0.48095557049150994,1365.7105697207421,1440.1779365486611
Masamichi Imamura,20240707-M-ITF_Tokyo-F-Karlis_Ozolins-Masamichi_Imamura,,,,,,,,,,,,,,,,,,,,,1500.0,1500.0
Mate Delic,20140509-M-Rome_CH-QF-Mate_Delic-Julian_Reister,,,,,,,,,,,,,,,,,,,,,1500.0,1500.0
Mate Valkusz,20190424-M-Budapest-R32-Jannik_Sinner-Mate_Valkusz,,,,,,,,,,,,,,,,,,,,,1500.0,1500.0
Mateus Alves,20241024-M-Curitiba_CH-R16-Mateus_Alves-Karue_Sell,0.6533333333333333,0.6326530612244898,0.34615384615384615,0.06666666666666667,0.02666666666666667,0.3508771929824561,0.12121212121212122,0.17424242424242425,0.3125,0.5555555555555556,0.5,0.631578947368421,0.34782608695652173,0.043478260869565216,0.47368421052631576,0.40625,0.4583333333333333,,,,1509.2531842689011,1514.551966290709
Mathias Bourgue,20140429-M-Cali_CH-R32-Mathias_Bourgue-Gonzalo_Lama,,,,,,,,,,,,,,,,,,,,,1500.0,1500.0
Mats Wilander,19950729-M-Canada_Masters-SF-Mats_Wilander-Andre_Agassi,0.6853153841737092,0.6346739119613052,0.4970343013572931,0.03131122980938002,0.011474402880919046,0.4023338480814095,0.14605078616477887,0.12064227717501368,0.45842913012615394,0.5724060477141156,0.5932347499353762,0.6567217155573057,0.39948569587783345,0.10003760339001472,0.5186882416166811,0.4550768654975399,0.4847717004057868,0.5091820256690947,0.4645519503620051,0.5106079901392325,1624.704818430055,1559.079204166006
Matt Reid,20160415-M-Gwangju_CH-QF-Grega_Zemlja-Matt_Reid,0.603448275862069,0.7142857142857143,0.6521739130434783,0.10344827586206896,0.034482758620689655,0.45901639344262296,0.13445378151260504,0.2857142857142857,0.5,1.0,0.6875,0.71875,0.52,0.28,,,,0.6666666666666666,0.4444444444444444,0.46153846153846156,1484.0,1484.0
Matteo Arnaldi,20250527-M-Roland_Garros-R128-Matteo_Arnaldi-Felix_Auger_Aliassime,0.5516163139606146,0.6757486195417741,0.5037552986599289,0.0615892982529291,0.03457329032881801,0.3503845427036107,0.1922501051005396,0.212982561403338,0.505401551179441,0.5435855810855811,0.5965394201099224,0.5330872028129784,0.34863026313465983,0.1710534215719499,0.4930122230282124,0.46856779132850696,0.48632605623358366,0.4594227040445161,0.30876543209876545,0.4819376026272579,1689.0367343590876,1521.4923198138247
Matteo Berrettini,20260409-M-Monte_Carlo_Masters-R16-Joao_Fonseca-Matteo_Berrettini,0.657400689203332,0.7808387807121221,0.5342082975838506,0.13389053152174843,0.02231953147115443,0.34322163358045016,0.22228210756486053,0.19181335953115664,0.45653473199048067,0.6209039697676061,0.7103258747430636,0.6760233252493205,0.3315610263499618,0.17955184683031017,0.5619273103701309,0.5378442125137527,0.5049972078954782,0.5235007540304312,0.4907522119268158,0.4956783271575096,1304.5648092223767,1446.5572418309494
Matteo Gigante,20250528-M-Roland_Garros-R64-Stefanos_Tsitsipas-Matteo_Gigante,,,,,,,,,,,,,,,,,,,,,1500.0,1500.0
Matteo Martineau,20240315-M-Szekesfehervar_CH-R16-Chun_Hsin_Tseng-Matteo_Martineau,,,,,,,,,,,,,,,,,,,,,1500.0,1500.0
Matthew Ebden,20240727-M-Olympics-R64-Matthew_Ebden-Novak_Djokovic,0.5893097184535576,0.6841666666666667,0.4624450386215092,0.10757760968730082,0.06516529573851582,0.30986598863741693,0.1474872682272762,0.2017444618033241,0.4686868686868687,0.53125,0.6117571157495256,0.5504440227703985,0.3276754385964912,0.13201754385964912,0.4712880935923298,0.3874461584996975,0.5242717282717283,,,,1571.3617023872982,1500.0
Matthias Bachinger,20190222-M-Marseille-QF-Ugo_Humbert-Matthias_Bachinger,0.6181818181818182,0.6470588235294118,0.3333333333333333,0.03636363636363636,0.0,0.2608695652173913,0.13861386138613863,0.1782178217821782,0.6428571428571429,0.5,0.5238095238095238,0.6190476190476191,0.3333333333333333,0.08333333333333333,0.4375,0.30434782608695654,0.42857142857142855,,,,1512.7192313128087,1516.4954095139378
Mattia Bellucci,20250828-M-US_Open-R64-Carlos_Alcaraz-Mattia_Bellucci,0.6081411788466331,0.757648724036168,0.4813685162526576,0.09391566974105284,0.056148977424737664,0.3510108249936947,0.1483921726412639,0.19013421239330536,0.42227518247442347,0.6641414141414141,0.6647510103414649,0.6255317056081062,0.3574512701930083,0.1605303139207668,0.5536073403720463,0.5281862745098039,0.528957528957529,0.48968548686902025,0.47401905195286737,0.4971104033011054,1431.6784465362598,1445.638228694028
Matwe Middelkoop,20230205-M-Davis_Cup_Qualifiers-RR-Jozef_Kovalik-Matwe_Middelkoop,,,,,,,,,,,,,,,,,,,,,1500.0,1500.0
Mauricio Echazu,20140415-M-San_Luis_Potosi_CH-R32-Paolo_Lorenzi-Mauricio_Echazu,,,,,,,,,,,,,,,,,,,,,1500.0,1500.0
Max Hans Rehberg,20221016-M-Ismaning_CH-F-Max_Hans_Rehberg-Quentin_Halys,0.6415094339622641,0.6176470588235294,0.42105263157894735,0.0,0.05660377358490566,0.2916666666666667,0.18811881188118812,0.1782178217821782,0.7368421052631579,0.42857142857142855,0.45,0.7,0.25,0.125,0.2619047619047619,0.6153846153846154,0.48484848484848486,,,,1509.7363058199128,1500.0
Max Houkes,20250218-M-Brazzaville_CH-R32-Kryce_Didier_Momo_Kassa-Max_Houkes,0.5402298850574713,0.723404255319149,0.625,0.12643678160919541,0.05747126436781609,0.4270833333333333,0.22404371584699453,0.26229508196721313,0.5121951219512195,0.7142857142857143,0.59375,0.59375,0.34146341463414637,0.34146341463414637,0.5567010309278351,0.5952380952380952,0.4772727272727273,,,,1516.0,1516.0
Max Mirnyi,20060121-M-Australian_Open-R32-Roger_Federer-Max_Mirnyi,0.6410380195139496,0.7736406138992352,0.4798306783528458,0.12231340884555683,0.024081453676968855,0.2933516775205994,0.2171338410314967,0.11017351682169543,0.4316745354822121,0.5476190476190477,0.6790692233939956,0.627180207041729,0.3439143182780392,0.13104236163111355,0.49608117159242965,0.4723593073593074,0.42234848484848486,0.5105234754452239,0.5426086956521738,0.1875,1564.2766509225887,1547.8082459556756
Max Purcell,20240527-M-Roland_Garros-R128-Max_Purcell-Henri_Squire,0.6442947935289757,0.6983218850534736,0.4815939838989485,0.11978875964766929,0.019944300304752492,0.3181223010909087,0.17279526340270582,0.1973630925473795,0.38584488639627645,0.5416666666666666,0.6367634773207529,0.6607153095156192,0.35218707698390367,0.13972682374385162,0.4,0.3333333333333333,0.32,0.48682129116830775,0.49064020200440217,0.45039681643408347,1451.4626997837042,1500.0
Max Schoenhaus,20250607-M-Roland_Garros_Juniors-F-Max_Schoenhaus-Niels_Mcdonald,,,,,,,,,,,,,,,,,,,,,1500.0,1500.0
Maxim Mrva,20251019-M-Hersonissos_CH-F-Maxim_Mrva-Harry_Wendelken,,,,,,,,,,,,,,,,,,,,,1500.0,1500.0
Maxime Cressy,20240715-M-Newport-R32-Radu_Albot-Maxime_Cressy,0.598385616287225,0.795479291996248,0.5386949970682553,0.18402884973552572,0.10519951995970278,0.28448984334408906,0.2632162306433892,0.17853897878684566,0.3045284552526533,0.640373783922171,0.7274528287819753,0.6176682680299191,0.28137081644124207,0.16648948918268527,0.5033419777011562,0.4815575755125089,0.34436562459854386,0.5200475753942555,0.4977946889711595,0.3881975867269985,1719.1954703260446,1593.4392601075183
Maximilian Marterer,20250523-M-Roland_Garros-Q3-Maximilian_Marterer-Federico_Arnaboldi,0.6687058185378719,0.6691886878073593,0.5256283068783069,0.07126602429155061,0.02432185657737876,0.2797140482289952,0.1469974148431921,0.20677228954462737,0.6633000369959304,0.6066666666666667,0.7069548661215328,0.6420151915985249,0.3057992295061261,0.18546955917645572,0.39903846153846156,0.34090909090909094,0.5,0.4554044675267962,0.46536561264822135,0.5446510892758357,1460.5734184294688,1489.4086708237726
Maximilian Neuchrist,20221204-M-Maia_CH-F-Maximilian_Neuchrist-Luca_Van_Assche,,,,,,,,,,,,,,,,,,,,,1500.0,1500.0
Maximo Gonzalez,20140628-M-Padova_CH-SF-Nikola_Cacic-Maximo_Gonzalez,0.6533333333333333,0.5510204081632653,0.34615384615384615,0.013333333333333334,0.04,0.3157894736842105,0.12582781456953643,0.19205298013245034,0.5263157894736842,0.46153846153846156,0.4827586206896552,0.7241379310344828,0.3333333333333333,0.12121212121212122,,,,0.32941176470588235,0.4146341463414634,0.6,1492.0829183048781,1500.0
Mees Rottgering,20250224-M-Lugano_CH-R32-Mees_Rottgering-Beibit_Zhukayev,0.5714285714285714,0.575,0.43333333333333335,0.0,0.02857142857142857,0.3220338983050847,0.10077519379844961,0.24031007751937986,0.6923076923076923,0.5555555555555556,0.45,0.475,0.4,0.04,,,,0.39705882352941174,0.375,0.5135135135135135,1481.5197226376044,1481.4458742226532
Michael Berrer,20150725-M-Bogota-SF-Michael_Berrer-Bernard_Tomic,0.6775566763893215,0.634775731576756,0.46041666666666664,0.06257769472594225,0.017161820811671977,0.2839612453446775,0.1379688053718457,0.14299328979524212,0.524013949013949,0.5416666666666666,0.5776828847481021,0.7053485162180815,0.27301994301994303,0.09925925925925926,,,,0.4586549637886329,0.3618403955575008,0.4894607843137255,1433.7898939761449,1465.689286260978
Michael Chang,19980222-M-Memphis-F-Mark_Philippoussis-Michael_Chang,0.570571627301574,0.6597169803561536,0.5041600989472569,0.05387317861585449,0.025125027037166188,0.35946653742454626,0.15563455412106783,0.14101392084393102,0.4962801376153282,0.5677341212391354,0.5963060746113097,0.5583488043335149,0.33768358235447254,0.11737613082911989,0.4852111274214443,0.4466031763784736,0.49277048338670254,0.47749688978493376,0.4537750597391224,0.48832512585901433,1695.7260838837722,1647.48637659887
Michael Geerts,20251014-M-Hersonnisos_CH-R32-Harry_Wendelken-Michael_Geerts,0.5476190476190477,0.5652173913043478,0.3684210526315789,0.023809523809523808,0.047619047619047616,0.21428571428571427,0.11904761904761904,0.21428571428571427,0.6,0.2,0.5,0.6428571428571429,0.35714285714285715,0.14285714285714285,,,,0.36,0.2857142857142857,0.35,1477.6160456306184,1479.7036710427883
Michael Llodra,20121029-M-Paris_Masters-R16-Michael_Llodra-Juan_Martin_Del_Potro,0.5970979637646304,0.8284856804478897,0.36973905723905726,0.11438993105659773,0.05055315055315055,0.3201672617731012,0.18885200013019562,0.13979429092211046,0.35923141186299085,0.6794871794871794,0.6731303418803418,0.5479700854700855,0.3358345358345358,0.1647907647907648,0.4985525227460711,0.4912854030501089,0.2753846153846154,0.5138121546961326,0.4782608695652174,0.4444444444444444,1528.7523788775736,1525.4873087483559
Michael Mmoh,20250206-M-Dallas-R16-Casper_Ruud-Michael_Mmoh,0.6164936142397426,0.6108162830349531,0.44375,0.05489365446500402,0.07739717417538214,0.2927613811728395,0.09166986795287824,0.17591789410010897,0.35017921146953407,0.575595238095238,0.5300264550264551,0.6288359788359789,0.2905762670565302,0.09218445419103313,0.30952380952380953,0.2631578947368421,0.3333333333333333,0.41699857353756453,0.48844047567442606,0.5298847147684357,1488.892672610891,1490.6819876024078
Michael Redlicki,20190204-M-Dallas_CH-R64-Michael_Redlicki-Goncalo_Oliveira,,,,,,,,,,,,,,,,,,,,,1500.0,1500.0
Michael Russell,20010603-M-Roland_Garros-R16-Gustavo_Kuerten-Michael_Russell,,,,,,,,,,,,,,,,,,,,,1500.0,1500.0
Michael Stich,19970704-M-Wimbledon-SF-Michael_Stich-Cedric_Pioline,0.560704375098246,0.755992861947209,0.5295934019448912,0.10942935475937467,0.04792678565118073,0.3419522661559324,0.2003006719338847,0.15426000559777667,0.36589446434034745,0.6599468114344995,0.6596877737923934,0.5563984736950063,0.3309615513690796,0.1659981586666455,0.5115828005358458,0.5014429932553913,0.4902319810115837,0.49794719568258805,0.48805580133735904,0.44611131382407976,1569.8029755780808,1494.1887455847555
Michael Westphal,19851222-M-Davis_Cup_World_Group_F-RR-Michael_Westphal-Stefan_Edberg,,,,,,,,,,,,,,,,,,,,,1500.0,1500.0
Michael Zheng,20260521-M-Roland_Garros-Q3-Jesper_De_Jong-Michael_Zheng,0.6248243488851947,0.7257183908045978,0.5607718107718108,0.07298102873396918,0.010869565217391304,0.3759991956624808,0.1422728429537127,0.18992954235651358,0.6428335644021919,0.6759259259259259,0.6441163003663003,0.674259768009768,0.405952380952381,0.17380952380952383,0.5005067567567567,0.525039745627981,0.5062611806797853,0.5503875968992248,0.5283018867924528,0.35714285714285715,1515.1954120071125,1500.0
Michal Przysiezny,20140609-M-Halle-R32-Michal_Przysiezny-Peter_Gojowczyk,0.5789473684210527,0.7272727272727273,0.4583333333333333,0.05263157894736842,0.03508771929824561,0.14285714285714285,0.13131313131313133,0.35353535353535354,0.38461538461538464,0.5,0.4782608695652174,0.4782608695652174,0.09090909090909091,0.45454545454545453,0.4444444444444444,0.25,0.5714285714285714,,,,1516.2365228021079,1500.0
Michel Kratochvil,20011007-M-Tokyo-F-Michel_Kratochvil-Lleyton_Hewitt,,,,,,,,,,,,,,,,,,,,,1500.0,1500.0
Michiel Schapers,19910829-M-US_Open-R64-Jimmy_Connors-Michiel_Schapers,,,,,,,,,,,,,,,,,,,,,1500.0,1500.0
Mikael Pernfors,19930903-M-US_Open-R64-Mats_Wilander-Mikael_Pernfors,0.5934541324380609,0.5951155728004888,0.498121820205569,0.03893398183963046,0.021256154418284202,0.4375673532657259,0.14794941747459198,0.1490304760385209,0.4294723181702867,0.5189218031710291,0.5517905986625291,0.5674728884064222,0.4496991354749975,0.11206349525315042,0.5098136399682791,0.37337662337662336,0.45959318306761954,0.5059698056660972,0.5346468561584841,0.5570411374620658,1462.5968980990087,1459.0098234928976
Mikael Tillstrom,20000119-M-Australian_Open-R64-Pete_Sampras-Mikael_Tillstrom,0.6010447446179823,0.6228070175438596,0.4664451827242525,0.03941536513296749,0.03941536513296749,0.2405157715260017,0.14672550942573825,0.2159565580618212,0.49912280701754386,0.6923076923076923,0.5723821443471006,0.5642469753858991,0.29166666666666663,0.175,0.4244604316546763,0.34782608695652173,0.4444444444444444,0.4523809523809524,0.42857142857142855,0.42857142857142855,1506.4143080240735,1484.2005591852871
Mikael Ymer,20230301-M-Dubai-R16-Mikael_Ymer-Botic_Van_De_Zandschulp,0.6843446139046941,0.6727304455689431,0.5569834031765475,0.025788896281614297,0.02801638805054461,0.39531545745473157,0.12995205469215187,0.1553634255643539,0.4712733941068586,0.5676272901505099,0.6272618613811173,0.6568508948108444,0.41753222582842314,0.12281520088100906,0.49747506671741765,0.5548947147928472,0.6070192641621214,0.5035794006016957,0.4903725534127659,0.5045677348394625,1534.1265499093133,1533.0880699904048
Mike Bryan,20010827-M-US_Open-R128-Mike_Bryan-Andre_Agassi,,,,,,,,,,,,,,,,,,,,,1500.0,1500.0
Mikhail Kukushkin,20220324-M-Miami_Masters-R128-Botic_Van_De_Zandschulp-Mikhail_Kukushkin,0.6270851570531726,0.6584804005620047,0.5452160301423863,0.04559820343311318,0.01722479469193275,0.334336113796978,0.12765794562264235,0.1807498238464351,0.5546367117731917,0.634925999926,0.6306602733372254,0.5807824593929398,0.30988435099354367,0.1616370367903913,0.47386756166230415,0.43560409011817247,0.5369314034396597,0.45943012295526997,0.48323765592141277,0.49524850149850147,1476.1712396008154,1491.9195658551823
Mikhail Youzhny,20180919-M-St_Petersburg-R32-Mikhail_Youzhny-Mirza_Basic,0.6321843541343632,0.6762178095472993,0.5024192998007388,0.060637439606531535,0.02636782649329935,0.3471160194717311,0.15317851777560326,0.18127327651640454,0.44855855757829394,0.5660302860346114,0.6357400911857204,0.6387421314343873,0.35528409951217044,0.1284018344526451,0.5235619368959539,0.49323186228118804,0.515822044819712,0.4530796362912834,0.4637800768106006,0.49450947227600933,1486.4569977847596,1480.8572290231953
Mili Poljicak,20220710-M-Wimbledon_Juniors-F-Michael_Zheng-Mili_Poljicak,0.5714285714285714,0.675,0.5,0.05714285714285714,0.014285714285714285,0.3116883116883117,0.19047619047619047,0.1836734693877551,0.6428571428571429,0.6,0.6153846153846154,0.5769230769230769,0.28125,0.21875,,,,0.5,0.42857142857142855,0.3076923076923077,1484.0,1500.0
Miljan Zekic,20220417-M-Barletta_CH-F-Nuno_Borges-Miljan_Zekic,,,,,,,,,,,,,,,,,,,,,1500.0,1500.0
Milos Raonic,20240214-M-Rotterdam-R16-Alexander_Bublik-Milos_Raonic,0.6267246246423979,0.8080469071330515,0.5276817108088052,0.18787086567017888,0.04015652526498381,0.31318130026885094,0.2298355271262966,0.17951477490201456,0.40619931420150596,0.6469233742305119,0.7052975822026462,0.6149252078446155,0.30025476343101876,0.16412311950472372,0.5238672576024945,0.48461820850986015,0.44683837190789644,0.5094405356737337,0.5033009320920198,0.49005371173651885,1719.0331931879489,1671.2638758752678
Milos Sekulic,20120812-M-Finland_F1-F-Milos_Sekulic-Vladimir_Ivanov,,,,,,,,,,,,,,,,,,,,,1500.0,1500.0
Miloslav Mecir,19900122-M-Australian_Open-R16-Boris_Becker-Miloslav_Mecir,0.6822985778241677,0.5654266453309159,0.46186428609512975,0.010887137053127532,0.03442979786188968,0.3880685301059265,0.15577151575685994,0.235747624649718,0.4899320876622667,0.5032528235653235,0.4874275788417567,0.6713666059344531,0.38294422900244185,0.1858317791635311,0.4491900649225862,0.3744204204204204,0.5150572363587791,0.4122938530734633,0.5523159636062862,0.5742665742665743,1490.0498334858585,1485.6775432889112
Miloslav Mecir Jr,20140613-M-Nottingham_CH-SF-Nick_Kyrgios-Miloslav_Mecir_Jr,,,,,,,,,,,,,,,,,,,,,1500.0,1500.0
Minhtuan Pham,20230204-M-Davis_Cup_WG2-PO-Fitriadi_M_Rifqi-Minhtuan_Pham,,,,,,,,,,,,,,,,,,,,,1500.0,1500.0
Miomir Kecmanovic,20260118-M-Australian_Open-R128-Miomir_Kecmanovic-Tomas_Martin_Etcheverry,0.623586548525526,0.6831511641335059,0.533873545088921,0.04552672565152339,0.01874029924211145,0.35209756082590105,0.14711641224660765,0.13828362659328589,0.4887222228500457,0.5850690975690976,0.6397157801858518,0.6272672234867221,0.3559718749929881,0.09976698499435695,0.5462802584859052,0.46285554302333154,0.44228161479672634,0.4820417861518587,0.48120850504277685,0.5166043252433519,1299.9494086104928,1341.9197557891528
Mirza Basic,20190114-M-Australian_Open-R128-Mirza_Basic-Henri_Laaksonen,0.5460297894196199,0.7391200382592061,0.5054411764705883,0.09206642698168122,0.03028933401814758,0.36815905486243805,0.16463603760783174,0.14740518661867089,0.48186849336274623,0.4238095238095238,0.6053549079206151,0.6014065200548304,0.40379901960784315,0.12479575163398693,,,,0.47582712065576205,0.5413185651511924,0.5195360195360196,1447.7121941131961,1465.2935086692182
Mischa Zverev,20201014-M-Cologne-R16-Hubert_Hurkacz-Mischa_Zverev,0.6207365852726918,0.6308570296089646,0.46298418858650253,0.06430356732325022,0.032690844528496694,0.32586858065494584,0.14651930852881612,0.1535038968571276,0.4691577281650811,0.5735533910533911,0.5925250983584317,0.6526629851629852,0.3314242824659491,0.1567845734512401,0.5354632126348228,0.4924491535744733,0.4033613445378151,0.43870503051911963,0.394489428699955,0.466005291005291,1429.8907219362623,1414.0320668926447
Mitchell Krueger,20190403-M-Monterrey_CH-R32-Kevin_King-Mitchell_Krueger,0.6170212765957447,0.4482758620689655,0.3333333333333333,0.0,0.06382978723404255,0.3269230769230769,0.030303030303030304,0.23232323232323232,0.3333333333333333,0.16666666666666666,0.30434782608695654,0.5217391304347826,0.32,0.04,,,,0.4032258064516129,0.375,0.15384615384615385,1484.0,1484.0
Moez Echargui,20251105-M-Metz-R16-Moez_Echargui-Learner_Tien,0.5308641975308642,0.7209302325581395,0.39473684210526316,0.037037037037037035,0.037037037037037035,0.36666666666666664,0.14619883040935672,0.14619883040935672,0.64,0.5,0.5161290322580645,0.4838709677419355,0.2682926829268293,0.21951219512195122,0.43956043956043955,0.46511627906976744,0.5135135135135135,,,,1510.9112087480748,1500.0
Mohamed Safwat,20200307-M-Davis_Cup_WG_II-RR-Ernests_Gulbis-Mohamed_Safwat,0.6174975381153542,0.6934701533131057,0.4900593233926567,0.06560919657184025,0.02298716808415084,0.4173280431241371,0.15686067240167823,0.2635406722799543,0.7124797684446807,0.4492857142857143,0.592189183365654,0.6013826043237808,0.41489541160593796,0.2749662618083671,0.5300587107596453,0.5654904306220095,0.526650890241154,0.4733787767133383,0.5050505050505051,0.3944444444444445,1529.240908033722,1514.981889020624
Moise Kouame,20260405-M-Monte_Carlo_Masters-R64-Ugo_Humbert-Moise_Kouame,0.5974025974025974,0.7608695652173914,0.5161290322580645,0.12987012987012986,0.05194805194805195,0.2967032967032967,0.16071428571428573,0.16071428571428573,0.48148148148148145,0.5,0.6956521739130435,0.5217391304347826,0.3939393939393939,0.15151515151515152,,,,0.4608695652173913,0.5185185185185185,0.4230769230769231,1486.9086099984095,1500.0
Mubarak Shannan Zayid,20260216-M-Doha-R32-Mubarak_Shannan_Zayid-Alexei_Popyrin,,,,,,,,,,,,,,,,,,,,,1500.0,1500.0
Murphy Cassone,20250228-M-Lugano_CH-QF-Murphy_Cassone-Luca_Van_Assche,,,,,,,,,,,,,,,,,,,,,1500.0,1500.0
N Sriram Balaji,20171113-M-Pune_CH-R32-N_Sriram_Balaji-Karim_Mohamed_Maamoun,,,,,,,,,,,,,,,,,,,,,1500.0,1500.0
Naoki Nakagawa,20241029-M-Charlottesville_CH-R32-Alexis_Galarneau-Naoki_Nakagawa,,,,,,,,,,,,,,,,,,,,,1500.0,1500.0
Nattan Benjasupawan,20160104-M-Bangkok_CH-R32-Nattan_Benjasupawan-Konstantin_Kravchuk,,,,,,,,,,,,,,,,,,,,,1500.0,1500.0
Neale Fraser,19600704-M-Wimbledon-F-Rod_Laver-Neale_Fraser,,,,,,,,,,,,,,,,,,,,,1500.0,1500.0
Neil Borwick,19930622-M-Wimbledon-R128-Neil_Borwick-Pete_Sampras,,,,,,,,,,,,,,,,,,,,,1500.0,1500.0
Nicholas Alan Van Aken,20250217-M-Brazzaville_CH-R32-Nicholas_Alan_Van_Aken-Andrej_Martin,,,,,,,,,,,,,,,,,,,,,1500.0,1500.0
Nick Hardt,20240415-M-Barcelona-R64-Martin_Landaluce-Nick_Hardt,0.5779352226720648,0.6762626262626262,0.5861742424242424,0.05263157894736842,0.03205128205128205,0.5965950253561942,0.14373099497913866,0.13368927232868963,0.49650349650349646,0.5606060606060606,0.6908602150537635,0.5658602150537635,0.49428571428571433,0.17142857142857143,,,,0.6491628614916286,0.5420875420875421,0.6593137254901961,1473.2870003813662,1487.5981693973997
Nick Kyrgios,20250306-M-Indian_Wells_Masters-R128-Nick_Kyrgios-Botic_Van_De_Zandschulp,0.6678102512544559,0.7898884503462449,0.5405284355237202,0.18724227294837628,0.03988203622750488,0.3288866611729481,0.24922223521667924,0.16439185468658188,0.304365747425438,0.7185568640114095,0.7082027944530838,0.6638804301681495,0.32327105721115174,0.1587705684421236,0.5440773595712922,0.5039180191037521,0.4872410871161854,0.5332481867132329,0.4958421545769986,0.46880382525275016,1300.046258945175,1307.0205110056356
Nicola Kuhn,20220719-M-Hamburg-R32-Nicola_Kuhn-Carlos_Alcaraz,0.618421052631579,0.6170212765957447,0.6206896551724138,0.05263157894736842,0.02631578947368421,0.3372093023255814,0.14814814814814814,0.16666666666666666,0.4583333333333333,0.3333333333333333,0.6,0.72,0.32432432432432434,0.08108108108108109,0.39285714285714285,0.55,0.5526315789473685,,,,1515.3538609773761,1500.0
Nicola Pietrangeli,19600529-M-Roland_Garros-F-Nicola_Pietrangeli-Luis_Ayala,,,,,,,,,,,,,,,,,,,,,1500.0,1500.0
Nicolai Budkov Kjaer,20260209-M-Rotterdam-R32-Nicolai_Budkov_Kjaer-Jaume_Munar,0.6022354388843314,0.5693265421618563,0.5103896103896104,0.016304347826086956,0.024302707136997538,0.4115448504983389,0.09849500051541078,0.2988351716317905,0.4772727272727273,0.5416666666666666,0.5,0.6363636363636364,0.36410256410256414,0.36410256410256414,0.45,0.3076923076923077,0.3953488372093023,0.616,0.5185185185185185,0.38461538461538464,1501.1866265915453,1500.0
Nicolas Almagro,20190409-M-Murcia_CH-R64-Nicolas_Almagro-Mario_Vilella_Martinez,0.5609196155917132,0.7221064219685482,0.4591661178120873,0.08364414196511429,0.027787418009512926,0.3184604096991731,0.18936393904631768,0.21389705458714472,0.47687775192768694,0.5456281565656566,0.6198466655865613,0.5516127246254543,0.3039195374847263,0.1902337894900505,0.4715924281273191,0.456761722298103,0.5021493408919386,0.473992281616445,0.484248767445099,0.42771966204899453,1523.1907542573447,1515.5067507221986
Nicolas Alvarez Varona,20210627-M-ITF_Alkmaar-F-Jelle_Sels-Nicolas_Alvarez_Varona,,,,,,,,,,,,,,,,,,,,,1500.0,1500.0
Nicolas Arseneault,20250727-M-Canada_Masters-R128-Nicolas_Arseneault-Valentin_Royer,,,,,,,,,,,,,,,,,,,,,1500.0,1500.0
Nicolas Devilder,20080529-M-Roland_Garros-R64-Rafael_Nadal-Nicolas_Devilder,,,,,,,,,,,,,,,,,,,,,1500.0,1500.0
Nicolas Escude,20040409-M-Davis_Cup_World_Group_QF-RR-Nicolas_Escude-Roger_Federer,0.5288942941116854,0.6004864311315924,0.3546470999301188,0.03173541434411,0.05761629674673153,0.3269400352733686,0.09124386680516498,0.27309822401256617,0.24074074074074073,0.5648148148148149,0.5195307108350586,0.5599074412373645,0.3877045177045177,0.2512576312576313,,,,0.38887721755368815,0.5162037037037037,0.33950980392156865,1442.6977188956039,1466.194399549577
Nicolas Jarry,20250630-M-Wimbledon-R128-Nicolas_Jarry-Holger_Rune,0.646641194160789,0.7499907523140371,0.5218847084429307,0.1048377138405155,0.02652047856415711,0.3273802378161385,0.26405578034642385,0.23718182406629493,0.4299889082142238,0.7077661034056383,0.6921738546799299,0.6565582365096735,0.3207512731393897,0.23419376561193553,0.4973450169031899,0.5106283871339142,0.49354276956141474,0.4953155095104998,0.4879672657580642,0.543629409214606,1398.6429548800002,1513.498796941584
Nicolas Kiefer,20080727-M-Canada_Masters-F-Nicolas_Kiefer-Rafael_Nadal,0.5486132613115045,0.6888523120929813,0.4343135010386062,0.0796177847409701,0.04902271274482705,0.2908699769703773,0.13515121713663175,0.19657666864322468,0.4383738771367326,0.6129688537583274,0.5890814891185674,0.5823939052827632,0.27845961865569707,0.19559714363635933,0.4789747475316128,0.4541271535832676,0.4413165791447862,0.4445395724257863,0.3844101026409872,0.4249567099567099,1523.4854317620513,1531.9469286072467
Nicolas Lapentti,20010312-M-Indian_Wells-QF-Nicolas_Lapentti-Andre_Agassi,0.6105798644625827,0.6413775467388814,0.4452380952380952,0.08052475065051089,0.033187776642832824,0.3060162481414853,0.14797517369077295,0.1465857159466734,0.4881554848660111,0.6618589743589745,0.5894133973768982,0.6766674815922687,0.32425737736955246,0.07508305647840531,0.4876639575953405,0.4037037037037037,0.3265107212475633,0.5252525252525253,0.43103448275862066,0.42592592592592593,1528.1845252799187,1549.000258875817
Nicolas Mahut,20210205-M-ATP_Cup-RR-Nicolas_Mahut-Dennis_Novak,0.6295459260074878,0.7643378288785544,0.534784799692708,0.10230201830058169,0.048404060817099775,0.30964867792612655,0.1868743140136958,0.13822078168441768,0.4562804888391986,0.6056204212454213,0.7033146026594328,0.6096095118721793,0.3187664207021699,0.11333407777613656,0.49261892723673195,0.5042572780022279,0.49583333333333335,0.5082712486528588,0.5204246370913037,0.516256252850096,1499.3111621425162,1502.5481080150985
Nicolas Massu,20090901-M-US_Open-R128-Fernando_Gonzalez-Nicolas_Massu,0.5947873137249869,0.6507048361583568,0.4390869547119547,0.05449146888456776,0.04013498032366186,0.3229644320176361,0.12705855386327672,0.1851896432181217,0.5779922052441907,0.5248741998741999,0.5630235765727544,0.5493736809298644,0.28506916583710623,0.16460550907648533,0.4767655854612376,0.5371428571428571,0.4748295454545455,0.4475328200064487,0.4116985651924064,0.4121723751259397,1461.1384123986213,1461.3625647382914
Nicolas Mejia,20250312-M-Cap_Cana_CH-R32-Thiago_Seyboth_Wild-Nicolas_Mejia,0.6126233793159621,0.7290552584670231,0.5544871794871794,0.04292896757521233,0.02740594294007449,0.33299960465987916,0.12030151199579937,0.159974767403116,0.46185064935064934,0.6444444444444445,0.7133655394524959,0.5998389694041868,0.31457709313935245,0.16004719855810998,0.4941395241395241,0.5477124183006535,0.40106598194833487,,,,1542.520264817978,1512.7109273484725
Nicolas Moreno De Alboran,20240509-M-Rome_Masters-R128-Nicolas_Moreno_De_Alboran-Botic_Van_De_Zandschulp,,,,,,,,,,,,,,,,,,,,,1500.0,1500.0
Nicolas Thomann,20040929-M-Bangkok-R32-Nicolas_Thomann-Roger_Federer,,,,,,,,,,,,,,,,,,,,,1500.0,1500.0
Niels Mcdonald,20250607-M-Roland_Garros_Juniors-F-Max_Schoenhaus-Niels_Mcdonald,,,,,,,,,,,,,,,,,,,,,1500.0,1500.0
Niels Visker,20241118-M-Roverto_CH-Q2-Kilian_Feldbausch-Niels_Visker,,,,,,,,,,,,,,,,,,,,,1500.0,1500.0
Nikola Cacic,20140628-M-Padova_CH-SF-Nikola_Cacic-Maximo_Gonzalez,,,,,,,,,,,,,,,,,,,,,1500.0,1500.0
Nikola Milojevic,20190414-M-Barletta_CH-F-Gianluca_Mager-Nikola_Milojevic,0.6412799592044874,0.6915824915824915,0.60765639589169,0.10488696243413224,0.0349209586945436,0.5085902107484842,0.16343247064361824,0.20604037654214882,0.4087453627683513,0.45238095238095233,0.6663617886178862,0.7066056910569105,0.4821289821289822,0.2197940947940948,0.5882352941176471,0.4339622641509434,0.5660377358490566,0.553701326486949,0.6599813432835822,0.6492822966507177,1477.7157637889627,1496.3605146529446
Nikola Pilic,19730603-M-Roland_Garros-F-Nikola_Pilic-Ilie_Nastase,,,,,,,,,,,,,,,,,,,,,1500.0,1500.0
Nikolas Sanchez Izquierdo,20250310-M-Hersonissos_CH-R32-Stefanos_Sakellaridis-Nikolas_Sanchez_Izquierdo,,,,,,,,,,,,,,,,,,,,,1500.0,1500.0
Nikolay Davydenko,20140115-M-Australian_Open-R64-Richard_Gasquet-Nikolay_Davydenko,0.6624286350078057,0.6944205562965832,0.5087928683765144,0.04935925738981037,0.030190626168161448,0.39297412980216867,0.15809802714563553,0.18578266629049947,0.5053298956565814,0.6145128119743505,0.6699713547918797,0.6448617650373408,0.3785153941219768,0.1637820981870873,0.49205698797240177,0.5333981169124555,0.5589918439349869,0.48058552081960315,0.5155325225785458,0.5676581661530172,1415.2526331818253,1361.1224157069812
Nikoloz Basilashvili,20250131-M-Montpellier-QF-Nikoloz_Basilashvili-Andrey_Rublev,0.5654961728671236,0.6744482226171367,0.47660925873854026,0.0649710315175907,0.06461641921389519,0.3409040691321375,0.17707641202529215,0.25987450689655966,0.44179612192592294,0.5360250373408267,0.597464016908754,0.5473345893573164,0.3182027611625226,0.19248050030444094,0.4882163297651154,0.5461089453270213,0.5593450955621043,0.4181124084652681,0.4772729302433897,0.490256980569471,1420.3833487318936,1435.3409196846483
Nino Serdarusic,20211128-M-Davis_Cup_Finals-RR-Fabian_Marozsan-Nino_Serdarusic,,,,,,,,,,,,,,,,,,,,,1500.0,1500.0
Nishesh Basavareddy,20251219-M-NextGen_Finals-RR-Nishesh_Basavareddy-Justin_Engel,0.6095178556617682,0.7451400740565427,0.5478973442196796,0.07194829473837516,0.038927389457840494,0.4061613068743696,0.16817726190669505,0.13817537649202616,0.48234080896646453,0.6443950786056049,0.6724224240554241,0.6182520079261692,0.4225243647020668,0.06965571360196111,0.5458723794040901,0.5496779416969538,0.5942162025528582,0.5110908877729717,0.580428359954222,0.46234455965321075,1485.1248049731291,1482.0577554202619
Noah Rubin,20161101-M-Charlottesville_CH-R32-Peter_Polansky-Noah_Rubin,,,,,,,,,,,,,,,,,,,,,1500.0,1500.0
Norbert Gombos,20200226-M-Pau_CH-R32-Ernests_Gulbis-Norbert_Gombos,0.5881316098707403,0.7559523809523809,0.5833333333333333,0.06227967097532315,0.02438307873090482,0.3093413421706711,0.1513611615245009,0.21343012704174227,0.4126984126984127,0.55,0.7246153846153847,0.783076923076923,0.4501466275659824,0.16202346041055718,,,,0.4500446694460989,0.5346320346320346,0.5330645161290323,1466.4880844377678,1481.7363615889105
Novak Djokovic,20260311-M-Indian_Wells_Masters-R16-Novak_Djokovic-Jack_Draper,0.6536260835721462,0.7416199580103205,0.5637874939810116,0.07612314849841023,0.027475785549758807,0.411910378656043,0.1628894450919332,0.15439071644374402,0.47813373429658235,0.6125898702287464,0.6874945088256225,0.6573304526996395,0.406721734163964,0.13170358919518263,0.5384934790680981,0.555710308646083,0.5483927302377196,0.5253860700084767,0.5475252602932587,0.5692548870905215,1707.0423947712984,1705.7704745767803
Nuno Borges,20260123-M-Australian_Open-R32-Learner_Tien-Nuno_Borges,0.6511263216238494,0.6860806509878971,0.5255009422837607,0.058683565665121645,0.030086352873519476,0.3301113792390273,0.1517254544852558,0.188914939291462,0.4756255191702697,0.474005439005439,0.6072492200348644,0.6290117895004199,0.3159833528399705,0.1380068358928653,0.48336525730248364,0.4946741786145353,0.4906348310075018,0.47437153798996917,0.49361119632055594,0.4615690225482528,1476.1905142105597,1474.6491046973624
Oleksandr Ovcharenko,20250205-M-Chennai_CH-R32-Zsombor_Piros-Oleksandr_Ovcharenko,0.6835443037974683,0.6296296296296297,0.32,0.0379746835443038,0.06329113924050633,0.328125,0.06293706293706294,0.23776223776223776,0.4444444444444444,0.5555555555555556,0.5454545454545454,0.696969696969697,0.5,0.05,0.4605263157894737,0.34615384615384615,0.4634146341463415,,,,1515.263693206478,1500.0
Oleksii Krutykh,20230117-M-Australian_Open-R128-Oleksii_Krutykh-Diego_Schwartzman,0.5348837209302325,0.6956521739130435,0.6,0.046511627906976744,0.046511627906976744,0.7027027027027027,0.225,0.175,0.5555555555555556,0.6666666666666666,0.7333333333333333,0.6,0.6666666666666666,0.08333333333333333,0.7333333333333333,0.625,0.6538461538461539,,,,1516.0,1500.0
Oliver Tarvet,20250630-M-Wimbledon-R128-Leandro_Riedi-Oliver_Tarvet,,,,,,,,,,,,,,,,,,,,,1500.0,1500.0
Olivier Delaitre,19940821-M-Indianapolis-F-Wayne_Ferreira-Olivier_Delaitre,0.45161290322580644,0.5,0.38235294117647056,0.03225806451612903,0.08064516129032258,0.17142857142857143,0.07216494845360824,0.1958762886597938,0.2857142857142857,0.7368421052631579,0.5128205128205128,0.38461538461538464,0.21428571428571427,0.07142857142857142,,,,0.3275862068965517,0.36363636363636365,0.35294117647058826,1489.9989489323264,1489.1162500416567
Olivier Rochus,20050905-M-US_Open-R32-Roger_Federer-Olivier_Rochus,0.52,0.4358974358974359,0.5555555555555556,0.013333333333333334,0.05333333333333334,0.1794871794871795,0.08771929824561403,0.19298245614035087,0.5,0.6666666666666666,0.4772727272727273,0.4772727272727273,0.38461538461538464,0.0,0.3898305084745763,0.3783783783783784,0.3888888888888889,,,,1524.2157034384643,1523.9305500344278
Omar Camporese,19970404-M-Davis_Cup_World_Group_QF-RR-Omar_Camporese-Carlos_Moya,0.47964886136077867,0.7766194331983806,0.5201238390092879,0.09868206585013739,0.024402738322544592,0.3217563621193158,0.2017357050532406,0.17118237213023943,0.4008567931456548,0.630718954248366,0.6991626794258373,0.5115629984051037,0.3756218905472637,0.15106286748077793,0.4848675914249685,0.48268817204301073,0.506631299734748,,,,1522.588172864002,1523.9628071908046
Omar Jasika,20240115-M-Australian_Open-R128-Hubert_Hurkacz-Omar_Jasika,,,,,,,,,,,,,,,,,,,,,1500.0,1500.0
Oscar Otte,20230613-M-Stuttgart-R32-Oscar_Otte-Gregoire_Barrere,0.5819711338152582,0.7263161494569117,0.5557272858587318,0.12297073590922022,0.047671554451740206,0.3244512991288713,0.18611220595706696,0.17276813492068827,0.4149176666147213,0.5473484848484849,0.6631720676295949,0.5793605553403702,0.34960277214334007,0.16469179625873337,0.5144619052894227,0.4141963109354414,0.40644725958817635,0.4950817577925396,0.625,0.4845454545454546,1527.8176767452003,1500.0
Otto Virtanen,20250509-M-Rome_Masters-R64-Lorenzo_Musetti-Otto_Virtanen,0.5872728136303692,0.7463643361380047,0.4721717463852352,0.14583112676210505,0.056034174586420446,0.3509318745005604,0.21091975661921772,0.19865322641927563,0.4675159331409331,0.6885768398268398,0.6571525341578319,0.5628260327203229,0.37523026059460673,0.14581926928706368,0.4788804945054945,0.41723521767381416,0.3692567567567568,0.5342972952511691,0.5352752767773776,0.42443059084777746,1442.2588605861204,1483.9660918698307
Ozan Baris,20251121-M-NCAA_Individual_Finals-QF-Michael_Zheng-Ozan_Baris,0.5185185185185185,0.5357142857142857,0.38461538461538464,0.05555555555555555,0.018518518518518517,0.28,0.0673076923076923,0.25,0.5714285714285714,0.6,0.6153846153846154,0.5769230769230769,0.19047619047619047,0.38095238095238093,0.38596491228070173,0.39285714285714285,0.3157894736842105,,,,1515.263693206478,1515.263693206478
Pablo Andujar,20230417-M-Barcelona-R64-Tomas_Martin_Etcheverry-Pablo_Andujar,0.6755150989589942,0.6001717538920569,0.3755940047746447,0.008319870441082563,0.036314111136863204,0.3407220203317589,0.1474788184026526,0.1935983624739692,0.594285826033072,0.4975857475857476,0.5296361030792164,0.6967114235027448,0.2985221764603876,0.12785576784954958,0.44755068484651056,0.38804713804713803,0.4712406456592504,0.42961289882372933,0.45810156952691466,0.4468153180127975,1411.9886807693204,1458.5770345483277
Pablo Carreno Busta,20260205-M-Montpellier-R16-Pablo_Carreno_Busta-Tallon_Griekspoor,0.6806315115504684,0.685668814125534,0.5016513680312844,0.04747931137173928,0.019717525682926833,0.3311978588241243,0.1571754620697021,0.16550715975030622,0.5374636682663931,0.6123729873729874,0.6574696047574482,0.6594206189189457,0.32878436416707313,0.13909955421904657,0.4661618696727432,0.5017477240322068,0.5195694556894354,0.48147245144444356,0.4619497231653794,0.49018646104261926,1455.6521487823902,1434.0150797681433
Pablo Cuevas,20210613-M-Lyon_CH-F-Pablo_Cuevas-Elias_Ymer,0.6170046824616156,0.7344816561244916,0.5755144903829115,0.0935479140169025,0.027083217199413024,0.3549584974714475,0.13794710452537634,0.15589369325296235,0.4086103278441988,0.5977777777777777,0.6999430584247046,0.6367492981619789,0.37628391354634194,0.11911712474070539,0.5803008918343969,0.5871252204585539,0.4621739610963749,0.5017820659080642,0.48578455254780956,0.44263962582040384,1452.261367816849,1475.7591562823259
Pablo Llamas Ruiz,20240405-M-Estoril-QF-Hubert_Hurkacz-Pablo_Llamas_Ruiz,,,,,,,,,,,,,,,,,,,,,1500.0,1500.0
Paolo Cane,19870513-M-Rome-R32-Paolo_Cane-Jonas_Svensson,,,,,,,,,,,,,,,,,,,,,1500.0,1500.0
Paolo Lorenzi,20190919-M-Biella_CH-R16-Carlos_Berlocq-Paolo_Lorenzi,0.5548474777619549,0.7178626081319557,0.468904322040968,0.07581594498161605,0.04626474823357736,0.300971313202154,0.1340491835352876,0.1681085213924139,0.40095960008717446,0.6391327573392791,0.5895752482902082,0.5606471468261133,0.25497041453123975,0.16729774812805664,0.5078672659248044,0.5919367198121369,0.54447905849775,0.4481864091351757,0.3597144522144522,0.40087145969498905,1475.9900819281563,1499.263693206478
Paradorn Srichaphan,20061028-M-Basel-SF-Paradorn_Srichaphan-Roger_Federer,0.5712073955933605,0.6727686456936656,0.5308200640414152,0.1101567330222301,0.048897946324846904,0.35998739128197216,0.18539272872028248,0.19454065103750653,0.48292958597836644,0.376984126984127,0.5854645593869732,0.5844705193699447,0.28905797101449276,0.17870772946859903,0.47122181990603046,0.5044458229942101,0.46861480075901324,0.4844630616907845,0.47811791383219954,0.5249880283836141,1502.8216528616638,1503.7037306087504
Pat Cash,19920625-M-Wimbledon-R64-John_Mcenroe-Pat_Cash,0.621386231461614,0.7348618666900875,0.5333380127598301,0.05415328388996003,0.03366060887858911,0.37953191098393213,0.1971943559097678,0.12415836451366664,0.45902255293356703,0.5213577097505669,0.6445064736594731,0.5914122381249514,0.34743484144627695,0.15331014617617014,0.5219413503644192,0.5243225425473694,0.4479310605244375,0.4942220118097107,0.48594771241830065,0.5840277777777778,1549.391682746792,1536.0705168499694
Patrick Brady,20240201-M-Cleveland_CH-R16-Emilio_Nava-Patrick_Brady,,,,,,,,,,,,,,,,,,,,,1500.0,1500.0
Patrick Kaukovalta,20231121-M-Davis_Cup_Finals-QF-Milos_Raonic-Patrick_Kaukovalta,,,,,,,,,,,,,,,,,,,,,1500.0,1500.0
Patrick Kypson,20240318-M-Miami_Masters-Q1-Patrick_Kypson-Aleksandar_Kovacevic,0.746031746031746,0.8085106382978723,0.625,0.15873015873015872,0.0,0.4126984126984127,0.1349206349206349,0.06349206349206349,0.4117647058823529,1.0,0.7391304347826086,0.6521739130434783,0.34782608695652173,0.13043478260869565,0.625,0.5925925925925926,0.48148148148148145,,,,1516.0,1516.0
Patrick Mcenroe,19910827-M-US_Open-R128-Jimmy_Connors-Patrick_Mcenroe,0.5481481481481482,0.581081081081081,0.5737704918032787,0.037037037037037035,0.014814814814814815,0.32786885245901637,0.14785992217898833,0.13229571984435798,0.42105263157894735,0.5,0.5925925925925926,0.6296296296296297,0.2916666666666667,0.1875,,,,0.4594594594594595,0.48333333333333334,0.42857142857142855,1480.5276245523094,1480.6458463711929
Patrick Rafter,20011116-M-Masters_Cup-RR-Patrick_Rafter-Lleyton_Hewitt,0.6249733057538442,0.7460636634849221,0.5207475371715804,0.09422524028160438,0.04584931671894684,0.3506593392637768,0.19778730484534618,0.13107965991471113,0.40347410819492285,0.548445142328121,0.6633482575504132,0.6061553106231269,0.3473215195316729,0.1428875911101732,0.5022719515344415,0.5112784341779802,0.5001552245685745,0.5262012890239508,0.502195196869071,0.4997635697635698,1708.8779083993766,1665.2105657072502
Patrik Kuhnen,19900602-M-Roland_Garros-R32-Goran_Ivanisevic-Patrik_Kuhnen,,,,,,,,,,,,,,,,,,,,,1500.0,1500.0
Paul Annacone,19860826-M-US_Open-R128-John_Mcenroe-Paul_Annacone,,,,,,,,,,,,,,,,,,,,,1500.0,1500.0
Paul Capdeville,20070830-M-US_Open-R64-Roger_Federer-Paul_Capdeville,,,,,,,,,,,,,,,,,,,,,1500.0,1500.0
Paul Chamberlin,19890705-M-Wimbledon-QF-Boris_Becker-Paul_Chamberlin,,,,,,,,,,,,,,,,,,,,,1500.0,1500.0
Paul Haarhuis,19970628-M-Wimbledon-R32-Tim_Henman-Paul_Haarhuis,0.5911038489469862,0.6695100149371346,0.4974860932819854,0.057661583151779223,0.01811909949164851,0.29322241786687137,0.12285381038985586,0.18046802066261436,0.4940892440892441,0.5757575757575758,0.605818554205651,0.5457152166829586,0.30357142857142855,0.12003968253968254,0.4727272727272727,0.43478260869565216,0.38095238095238093,0.4530218068535825,0.4638888888888889,0.4825396825396825,1475.1476460275626,1500.0
Paul Henri Mathieu,20160304-M-Quimper_CH-QF-Paul_Henri_Mathieu-Igor_Sijsling,0.5760342448219642,0.647424869902589,0.46508475560199697,0.03513862593787987,0.035697725978532865,0.3133751150663203,0.1340150419056501,0.18250530213062488,0.4250893103606919,0.4928342490842491,0.5738171249040814,0.5801441312310878,0.26545505101539585,0.16991751976357888,0.4731282343900149,0.42507743797668257,0.3920704650014995,0.46534653465346537,0.6176470588235294,0.43333333333333335,1598.061040811489,1528.7609544072664
Paul Jubb,20240702-M-Wimbledon-R128-Thiago_Seyboth_Wild-Paul_Jubb,0.6388879343424798,0.696929874401731,0.5294241406223489,0.051236710327619416,0.048759662396026034,0.36388197595927063,0.13284717711693483,0.15845641695225582,0.5246031746031746,0.45751633986928103,0.6429053402737613,0.6735321209005419,0.32526777648728866,0.13001677635823974,0.47606592767883094,0.5564814814814815,0.42572062084257206,0.5,0.58,0.6666666666666666,1508.5759633437883,1512.0201091159151
Pavel Kotov,20241014-M-Stockholm-R32-Tallon_Griekspoor-Pavel_Kotov,0.6421493326071118,0.6217891032319885,0.5040564373897707,0.02400531567198234,0.030780269838420162,0.2824162418220622,0.11244582556580711,0.14929413478556727,0.7067099567099567,0.5123931623931625,0.6157394184069971,0.620623423291002,0.2613598725667691,0.07656695156695158,0.5283018867924528,0.5,0.2619047619047619,0.39685190929142544,0.48558510441007385,0.48079581041900754,1452.1724763847901,1466.3866379068202
Pavel Tsoy,20160502-M-Karshi_CH-R32-Pavel_Tsoy-Nikola_Milojevic,,,,,,,,,,,,,,,,,,,,,1500.0,1500.0
Pedja Krstin,20160326-M-San_Luis_Potosi_CH-SF-Albert_Montanes-Pedja_Krstin,,,,,,,,,,,,,,,,,,,,,1500.0,1500.0
Pedro Araujo,20241127-M-Maia_CH-R32-Pedro_Araujo-Alex_Marti_Pujolras,,,,,,,,,,,,,,,,,,,,,1500.0,1500.0
Pedro Cachin,20240114-M-Australian_Open-R128-Jesper_De_Jong-Pedro_Cachin,0.603164245455267,0.7480181572041273,0.5142705570291778,0.062069672673387845,0.017850943346299383,0.3781366700746037,0.15858373961342775,0.1878194420976152,0.49970439881273937,0.6830808080808081,0.7082650361193582,0.5540539159538721,0.3558595715153092,0.1889968774395004,0.5201732082688009,0.4545980153717564,0.488739224137931,0.5416666666666666,0.52,0.7222222222222222,1540.3806527714314,1516.0
Pedro Martinez,20260202-M-Montpellier-R32-Pedro_Martinez-Adrian_Mannarino,0.6789055411424451,0.623556609181679,0.47230140015424305,0.01793003045133219,0.04443063371235152,0.3264108808170405,0.1337218476785151,0.1587372314765862,0.5617160863285314,0.5245147572733779,0.5887952493525921,0.693836662331106,0.33074523128684824,0.12233247514665099,0.4361028942134516,0.4391860549394796,0.5328853832484557,0.4482527793656968,0.45222628738164017,0.4744303542492254,1395.6487296696155,1450.7965057312508
Pedro Sousa,20190814-M-Meerbusch_CH-R32-Karim_Mohamed_Maamoun-Pedro_Sousa,0.6078431372549019,0.4838709677419355,0.2,0.0392156862745098,0.0196078431372549,0.4489795918367347,0.2,0.27,0.5,0.5,0.42857142857142855,0.42857142857142855,0.5,0.2222222222222222,,,,0.29545454545454547,0.5277777777777778,0.45,1484.0,1484.0
Pete Sampras,20020908-M-US_Open-F-Pete_Sampras-Andre_Agassi,0.5884517314055874,0.8082456657379737,0.5452869174000677,0.14578051565018507,0.045085578770454465,0.3686563172307627,0.22364077622945144,0.14849956559341274,0.39618099261124723,0.650678474900963,0.7026492128374044,0.5893077863056201,0.36211332983040745,0.15442793745460245,0.5272646181951302,0.5561798661869942,0.4962801174954585,0.5336993619721236,0.5560941764116668,0.530822045090556,1697.3902638833215,1724.672540398539
Peter Bertran,20220224-M-ITF_Santo_Domingo-R16-Peter_Bertran-Nick_Hardt,,,,,,,,,,,,,,,,,,,,,1500.0,1500.0
Peter Doohan,19870626-M-Wimbledon-R64-Peter_Doohan-Boris_Becker,,,,,,,,,,,,,,,,,,,,,1500.0,1500.0
Peter Fajta,20240312-M-Szekesfehervar_CH-R32-Peter_Fajta-Jozef_Kovalik,,,,,,,,,,,,,,,,,,,,,1500.0,1500.0
Peter Gojowczyk,20220802-M-Washington-R64-Peter_Gojowczyk-Benoit_Paire,0.5124233144956732,0.6753527546175636,0.4438141490452006,0.09800071334911849,0.04707294255617489,0.3366325747306646,0.15113003478260037,0.24802269432267807,0.473478650978651,0.6124743312243313,0.5951699322300977,0.5176749597043527,0.3174597098303995,0.21322482115585564,0.4488188107153371,0.37300757575757576,0.38964180902901946,0.467083434131188,0.46057340959889687,0.5550100692957836,1471.5647670258802,1494.295427279267
Peter Lundgren,19900819-M-Indianapolis-F-Boris_Becker-Peter_Lundgren,,,,,,,,,,,,,,,,,,,,,1500.0,1500.0
Peter Polansky,20190805-M-Canada_Masters-R64-Gael_Monfils-Peter_Polansky,0.531275925004148,0.6061592728259395,0.41528326745718047,0.04081632653061224,0.06520657043305127,0.439522606896068,0.09194181589468502,0.1710915233673849,0.623015873015873,0.25,0.48784036012296883,0.5173199385155907,0.45769140989729223,0.04963235294117647,0.487930148947098,0.45253411306042884,0.5058201058201058,,,,1546.6068946948162,1547.5222619176607
Petr Korda,19990122-M-Australian_Open-R32-Todd_Martin-Petr_Korda,0.602099685320146,0.6985287308368645,0.5277583841665848,0.05539187060714501,0.04802152767537433,0.3614907298322159,0.17566524141354334,0.21343362830112533,0.5274478661312446,0.6105657599975781,0.6497456518177329,0.5619402747974788,0.35179532689313975,0.18605727399506464,0.4849603898315576,0.5446410124597656,0.5786540370802705,0.46656250242702557,0.44645782043347076,0.5688030426222646,1594.4187649210328,1594.3448439469778
Petros Tsitsipas,20240728-M-Olympics-R64-Tallon_Griekspoor-Petros_Tsitsipas,,,,,,,,,,,,,,,,,,,,,1500.0,1500.0
Philipp Kohlschreiber,20191022-M-Vienna-R32-Jannik_Sinner-Philipp_Kohlschreiber,0.6116477882255558,0.7028015559834381,0.5477299778433857,0.05771386374947568,0.018742021253590157,0.3461538136538319,0.15925442892420408,0.1684106728341906,0.5354436969039297,0.5563730251230251,0.6549003844924898,0.6302237940828371,0.3265296475716893,0.14438977305203446,0.5107330359379095,0.5129463358321237,0.4257619812649587,0.49122412090127815,0.49655228836430754,0.4889946860369324,1315.0090458443794,1432.6311572798775
Philipp Petzschner,20100712-M-Halle-SF-Roger_Federer-Philipp_Petzschner,0.5973154362416108,0.8089887640449438,0.43333333333333335,0.14093959731543623,0.013422818791946308,0.2537313432835821,0.21201413427561838,0.1872791519434629,0.35,0.7,0.6612903225806451,0.6935483870967742,0.2619047619047619,0.11904761904761904,0.5277777777777778,0.4057971014492754,0.2647058823529412,,,,1508.8510996682435,1511.9052358945805
Pierre Hugues Herbert,20250316-M-Cherbourg_CH-F-Pierre_Hugues_Herbert-Jelle_Sels,0.5857079086358032,0.72777777476427,0.5193997576350518,0.08696131229897727,0.05431933807547891,0.28970050240165907,0.19434954375836258,0.1737032904487596,0.4199722775843016,0.44769635126777985,0.656927905637359,0.5992702326629429,0.30271289567501497,0.13662852989554278,0.45982464563694636,0.4577997779216244,0.47539421470342524,0.4932508454541722,0.5009985326734833,0.3558663999340043,1547.9685256864952,1509.593708994701
Pol Martin Tiffon,20240422-M-Madrid_Masters-Q1-Lukas_Klein-Pol_Martin_Tiffon,,,,,,,,,,,,,,,,,,,,,1500.0,1500.0
Potito Starace,20120221-M-Buenos_Aires-R32-Nicolas_Almagro-Potito_Starace,0.7727272727272727,0.6470588235294118,0.55,0.022727272727272728,0.011363636363636364,0.2597402597402597,0.12727272727272726,0.14545454545454545,0.6666666666666666,0.7777777777777778,0.65,0.725,0.25,0.0,,,,0.42857142857142855,0.425,0.65,1495.0146801931462,1488.8843674451052
Prajnesh Gunneswaran,20201122-M-Orlando_CH-F-Brandon_Nakashima-Prajnesh_Gunneswaran,0.6665796879917277,0.7069295612651094,0.5224052396878485,0.04969053934571176,0.030383731211317423,0.24163935908763726,0.14974424860349364,0.1565515693783342,0.6771869892121608,0.45714285714285713,0.6331307383938963,0.656666235613604,0.22111801242236026,0.11780538302277432,0.4504010172143975,0.4209090909090909,0.4874643874643875,0.4300365120274914,0.45,0.5777777777777777,1502.8867281164007,1478.8668853135775
Preston Stearns,20250610-M-ITF_Martos-Q2-Preston_Stearns-Alejandro_Lopez_Escribano,,,,,,,,,,,,,,,,,,,,,1500.0,1500.0
Quentin Halys,20260108-M-Brisbane-R16-Quentin_Halys-Brandon_Nakashima,0.5804195943638605,0.8011877067180716,0.47221027439056384,0.16322823953940327,0.0454070071572425,0.24068530331778734,0.26022831779649097,0.1854115565361928,0.3352101717241755,0.5425423061786698,0.6847193989585293,0.5914596665411883,0.26218751651031397,0.12020710572269495,0.4545369024844476,0.43754814085407934,0.45540761672811925,0.5105019264813079,0.41130604288499023,0.42320261437908496,1576.5029119359833,1546.7863497869894
Radek Stepanek,20140625-M-Wimbledon-R64-Novak_Djokovic-Radek_Stepanek,0.6120989403148934,0.6589961083006669,0.4276868427141273,0.07384931695838448,0.04205670982721889,0.3164354303675497,0.15252949963301807,0.17312059866880947,0.4456158264710175,0.5132708032708033,0.5586424907179942,0.6062147980639921,0.291321912967406,0.1688083556565105,0.4617063492063492,0.5088817448875118,0.46522875816993464,0.4552323851785994,0.40821506787008577,0.42798408140033667,1413.2365886052112,1483.4393491511023
Radu Albot,20240827-M-US_Open-R128-Radu_Albot-Novak_Djokovic,0.6200813839738748,0.6703824385228399,0.5261842887888076,0.025756436572549588,0.03332429243042906,0.3440631254495786,0.12520411365100437,0.16984498688748595,0.6160979813740356,0.5055555555555555,0.6160181395039964,0.6155668273304675,0.35339915343468353,0.09948847861840383,0.44955591338276385,0.5346128983151172,0.5172294670376512,0.45560341156509987,0.5577715064794371,0.487253004991011,1502.3912425560814,1441.9758517833068
Rafael Arevalo,20080812-M-Olympics-R32-Rafael_Arevalo-Roger_Federer,,,,,,,,,,,,,,,,,,,,,1500.0,1500.0
Rafael Jodar,20260511-M-Rome_Masters-R16-Rafael_Jodar-Learner_Tien,0.6263359782825503,0.685951252993809,0.4859197984831069,0.05566376005197333,0.018866076627325326,0.3922463076040782,0.2005709557558296,0.19598835216485963,0.4592001589423711,0.6107867826617827,0.6570047594205772,0.6238545408513338,0.4304597608945435,0.15541223367310325,0.5138817339136612,0.4764321962759463,0.49812860848464563,0.5083333333333333,0.5641025641025641,0.45,1580.6227313879588,1533.8649553480352
Rafael Nadal,20241119-M-Davis_Cup_Finals-QF-Rafael_Nadal-Botic_Van_De_Zandschulp,0.6861942079954643,0.714369919020813,0.5661160972324383,0.04375892746951561,0.022984360116880546,0.4092961621162628,0.15322616689417498,0.1398581152889056,0.6078712930310022,0.6211368560992183,0.6759039363489561,0.6849776536049834,0.39774228908078996,0.12583729234004515,0.5272568685628541,0.5654998053421205,0.5666731013407688,0.5079973655498992,0.5461657711411082,0.5520709273642834,1860.4150816522128,1829.0077842985152
Rainer Schuettler,20080704-M-Wimbledon-SF-Rainer_Schuettler-Rafael_Nadal,0.5170682503770739,0.668175924718249,0.5045899477021336,0.05402080344332856,0.036282005297428546,0.3510111676210334,0.14998614991213816,0.194958641209272,0.4695119933829611,0.4642246642246642,0.5670084312682369,0.5372741048830424,0.3480169402964552,0.2007907305044505,0.4260733384262796,0.5038080913338441,0.5081623292053438,,,,1560.7663873119423,1500.0
Ramkumar Ramanathan,20160225-M-Cherbourg_CH-R16-Ramkumar_Ramanathan-Adam_Pavlasek,,,,,,,,,,,,,,,,,,,,,1500.0,1500.0
Raphael Collignon,20251015-M-Brussels-R16-Francisco_Comesana-Raphael_Collignon,0.6637434899907467,0.6931105441069417,0.46249873225152127,0.05721271988991461,0.06457619918429577,0.3856132068002894,0.1410404204732055,0.19071248295411652,0.527311320754717,0.5692307692307692,0.580321167950034,0.6260077608531216,0.39388989715668477,0.18985527479175393,,,,0.4964867318355064,0.5192156862745099,0.4971970166784481,1424.3724996063652,1440.6046476004537
Raul Brancaccio,20220731-M-San_Benedetto_del_Tronto_CH-F-Andrea_Vavassori-Raul_Brancaccio,,,,,,,,,,,,,,,,,,,,,1500.0,1500.0
Raul Ramirez,19760611-M-Roland_Garros-QF-Raul_Ramirez-Balazs_Taroczy,,,,,,,,,,,,,,,,,,,,,1500.0,1500.0
Rei Sakamoto,20241201-M-Yokkaichi_CH-F-Christoph_Negritu-Rei_Sakamoto,0.7065217391304348,0.8,0.5555555555555556,0.06521739130434782,0.021739130434782608,0.3779527559055118,0.182648401826484,0.1643835616438356,0.625,0.0,0.6333333333333333,0.5333333333333333,0.36666666666666664,0.23333333333333334,,,,0.4645161290322581,0.7142857142857143,0.5909090909090909,1484.0,1484.0
Reilly Opelka,20250826-M-US_Open-R128-Reilly_Opelka-Carlos_Alcaraz,0.663008915872002,0.7684858873272933,0.5710583383698221,0.21874099398768315,0.02587826315399177,0.27535143527184647,0.25571829324897916,0.2062880535441825,0.3188788661796083,0.6679011206185119,0.7175207438656229,0.6612899109026814,0.27682576371793427,0.22527328513112624,0.5212176049894752,0.4719626700183705,0.46370412467571265,0.4655063237717704,0.4632141604563861,0.40794262855643926,1655.7209080715097,1621.9237740170697
Renzo Furlan,19970404-M-Davis_Cup_World_Group_QF-RR-Albert_Costa-Renzo_Furlan,,,,,,,,,,,,,,,,,,,,,1500.0,1500.0
Renzo Olivo,20210525-M-Roland_Garros-Q1-Renzo_Olivo-Robin_Haase,0.6110197368421053,0.5874861572535992,0.446969696969697,0.014391447368421052,0.06414473684210525,0.33269230769230773,0.07921511627906977,0.2608204134366925,0.5904761904761905,0.6090909090909091,0.5446507515473034,0.5839964633068081,0.37407407407407406,0.3018518518518518,,,,0.4662698412698413,0.34523809523809523,0.4707532051282051,1466.2911466269538,1467.6066455901478
Ricardas Berankis,20220105-M-Melbourne-R16-Rafael_Nadal-Ricardas_Berankis,0.5676736143160926,0.6279765263637216,0.5000890230291318,0.057659692531020705,0.03568721281394226,0.36987345283942613,0.1563596145615702,0.18980482391055586,0.5281558479834342,0.4521508253651111,0.5883898041691751,0.5820468628401098,0.3455789617801828,0.12320173982165568,0.48195100669095126,0.5145050802444096,0.5729166666666666,0.4178726035868893,0.476653614584649,0.44395604395604393,1512.3984784197019,1502.4869668288568
Ricardo Hocevar,20140414-M-Sao_Paulo_CH-R32-Horacio_Zeballos-Ricardo_Hocevar,,,,,,,,,,,,,,,,,,,,,1500.0,1500.0
Riccardo Bonadio,20190724-M-Prague_CH-R32-Mohamed_Safwat-Riccardo_Bonadio,0.5544554455445545,0.7321428571428571,0.5555555555555556,0.009900990099009901,0.039603960396039604,0.37777777777777777,0.09947643979057591,0.2094240837696335,0.5263157894736842,0.8888888888888888,0.7560975609756098,0.5609756097560976,0.32,0.24,0.5495495495495496,0.4666666666666667,0.5142857142857142,,,,1511.6585771556208,1512.6490738923508
Richard Gasquet,20250529-M-Roland_Garros-R64-Jannik_Sinner-Richard_Gasquet,0.6139322622079872,0.7041332662190573,0.49412424633016316,0.06407700130042406,0.03360331321872502,0.3365255527225959,0.1605651561920524,0.14564262145737195,0.39577629341961595,0.5262786688324966,0.6177776438368027,0.5986801094058182,0.3163643694301258,0.11859198110225602,0.49587789357924383,0.5100433952288246,0.4744788295526054,0.4643362599029857,0.48542506821935466,0.4451892198041938,1432.7777888574497,1561.120550950695
Richard Krajicek,20000906-M-US_Open-QF-Pete_Sampras-Richard_Krajicek,0.5808334954307414,0.7976801928058092,0.5022377278361835,0.17198954340690534,0.04235820659264621,0.3296184661267296,0.22965211994887852,0.1304501725010199,0.3440498797190173,0.5950382122750544,0.673081355229589,0.5741959434261843,0.32164842660711246,0.1283458753678898,0.5034872420482522,0.5403700209307332,0.4107953984398144,0.5004746685203759,0.4807238646488975,0.43222753153549,1411.1869613586084,1387.3770051865308
Richey Reneberg,19960421-M-Tokyo_Outdoor-F-Richey_Reneberg-Pete_Sampras,0.5158891142663963,0.6607142857142858,0.5270531400966183,0.055780933062880324,0.017241379310344827,0.2660318225650916,0.1560483870967742,0.11163594470046083,0.47660098522167493,0.3125,0.513157894736842,0.5263157894736842,0.325,0.045,,,,0.4126984126984127,0.47916666666666663,0.36086956521739133,1472.1823082537726,1483.5318934486343
Rinky Hijikata,20260119-M-Australian_Open-R128-Rinky_Hijikata-Adrian_Mannarino,0.594742889576852,0.6712262160494539,0.4476549177590316,0.0706005800676036,0.032627760690715706,0.31154096090380295,0.17193255861825318,0.17251392340188196,0.4806458370908802,0.5708624708624709,0.6265325768168304,0.5972923255034369,0.260195748272468,0.15215668949339567,0.47738874443823454,0.4899752447162253,0.500201001179447,0.4186158433596764,0.41506393897285737,0.3691919191919192,1528.8403115010472,1507.5920638598757
Rio Noguchi,20221006-M-Tokyo-R16-Rio_Noguchi-Denis_Shapovalov,,,,,,,,,,,,,,,,,,,,,1500.0,1500.0
Robby Ginepri,20140526-M-Roland_Garros-R128-Robby_Ginepri-Rafael_Nadal,0.6205992932235048,0.6678112811281128,0.48739392491851186,0.08233062723566523,0.02830648182840015,0.290849493661762,0.171627492115762,0.19007954938683413,0.48756530124011327,0.5158653846153847,0.603105848795504,0.6014890282131662,0.26865079365079364,0.1292929292929293,0.47370531612063277,0.455982905982906,0.3550893550893551,0.47706422018348627,0.4166666666666667,0.4827586206896552,1533.9451051223791,1500.0
Robert Kendrick,20070116-M-Australian_Open-R128-Robert_Kendrick-Rafael_Nadal,,,,,,,,,,,,,,,,,,,,,1500.0,1500.0
Roberto Bautista Agut,20260209-M-Rotterdam-R32-Roberto_Bautista_Agut-Cameron_Norrie,0.672313613205093,0.7007345855724078,0.5436861638387968,0.04074588870765197,0.02094817097800638,0.34605967960341544,0.14337113369377638,0.15691865564939889,0.5852976335312572,0.5364447864447864,0.6532439012806835,0.660106857327089,0.3334536399813642,0.13546869704382175,0.4839779946043635,0.509539281718647,0.49753266727732975,0.4776923412986964,0.5235087986895008,0.535372060588437,1682.9422370023003,1649.2553693403463
Roberto Carballes Baena,20240713-M-Braunschweig_CH-F-Botic_Van_De_Zandschulp-Roberto_Carballes_Baena,0.6499199021999477,0.640573010111206,0.46989411543574117,0.02846744713088822,0.036281624624415476,0.3405531579153114,0.11834241564967247,0.1431837506334559,0.5439015577533547,0.5421849889241194,0.5699992984020154,0.6544977224093071,0.3378887454085487,0.12068307535714837,0.4463420233111758,0.5111413188707874,0.4886169744971961,0.4537308724520322,0.4454657776267118,0.45507169484608906,1406.3326772178896,1486.2842900926485
Roberto Cid,20190507-M-Shymkent_CH-R32-Karim_Mohamed_Maamoun-Roberto_Cid,,,,,,,,,,,,,,,,,,,,,1500.0,1500.0
Roberto Marcora,20211013-M-Villena_CH-R32-Feliciano_Lopez-Roberto_Marcora,,,,,,,,,,,,,,,,,,,,,1500.0,1500.0
Roberto Quiroz,20210111-M-Delray_Beach-QF-Hubert_Hurkacz-Roberto_Quiroz,,,,,,,,,,,,,,,,,,,,,1500.0,1500.0
Robin Bertrand,20250106-M-Oeiras_1_CH-R32-Karue_Sell-Robin_Bertrand,,,,,,,,,,,,,,,,,,,,,1500.0,1500.0
Robin Haase,20240728-M-Olympics-R64-Sebastian_Ofner-Robin_Haase,0.5799322735397185,0.7381071347711932,0.4869047090415384,0.08557296246920269,0.042790719823957026,0.34822834796439267,0.16669791920804783,0.1664584501157638,0.5017666255547172,0.6209915007183915,0.6468969121671037,0.5926554471702414,0.35809127829374643,0.14605302477068635,0.5057125981683835,0.47749429804182125,0.46986566452452266,0.5116419615273019,0.47279442851847364,0.4578115177016911,1463.2683247016225,1492.9235515509827
Robin Soderling,20110717-M-Bastad-F-David_Ferrer-Robin_Soderling,0.6129559549594515,0.7347782637195166,0.5097085507064668,0.11122123415460496,0.03904555833297083,0.32576919041461905,0.1739979197729503,0.20402899053349524,0.4564250133035625,0.5642388268438688,0.6405166083107906,0.6074460335304853,0.3221862707358186,0.17783834213967878,0.48668780443296633,0.5135831900278389,0.4852382235277421,0.438567699488192,0.4832122679580307,0.5601362461827578,1714.8249353553335,1533.6635655340872
Robin Vik,20060302-M-Dubai-QF-Roger_Federer-Robin_Vik,,,,,,,,,,,,,,,,,,,,,1500.0,1500.0
Rod Frawley,19810703-M-Wimbledon-SF-John_Mcenroe-Rod_Frawley,,,,,,,,,,,,,,,,,,,,,1500.0,1500.0
Rod Laver,19761011-M-WITC_Hilton_Head-SF-Rod_Laver-Bjorn_Borg,0.6054750321149889,0.7028460101989513,0.49903474903474904,0.056561709643806884,0.034092004958405794,0.43512914649869755,0.22894890758449996,0.12626467242885042,0.4457408383286125,0.5171130952380952,0.6338213898777278,0.5297358878546001,0.4504957907427386,0.0937578422317601,0.5210933122082114,0.5436088788224163,0.6238095238095238,0.4861878453038674,0.603448275862069,0.6111111111111112,1529.191361686605,1500.0
Rodrigo Pacheco Mendez,20250225-M-Acapulco-R32-Aleksandar_Vukic-Rodrigo_Pacheco_Mendez,,,,,,,,,,,,,,,,,,,,,1500.0,1500.0
Roger Federer,20210705-M-Wimbledon-R16-Lorenzo_Sonego-Roger_Federer,0.625648279207444,0.7764759977782483,0.580031911633975,0.10399498584742897,0.021519594091058407,0.40132485355367503,0.2009628789782102,0.16441099190796757,0.4928844342843578,0.6608739195616536,0.7095497787259736,0.6296792364105406,0.39981585024494803,0.16704756085437555,0.5464637179680328,0.562514994596973,0.5365020891683437,0.5370079732879494,0.5667412715458104,0.5431822856861934,1556.254919947913,1514.8191020750467
Rogerio Dutra Silva,20150810-M-Prague_CH-Q3-Rogerio_Dutra_Silva-Juan_Carlos_Saez,,,,,,,,,,,,,,,,,,,,,1500.0,1500.0
Rohan Bopanna,20060612-M-Halle-R32-Rohan_Bopanna-Roger_Federer,,,,,,,,,,,,,,,,,,,,,1500.0,1500.0
Roman Andres Burruchaga,20220621-M-Buenos_Aires_CH-R32-Malek_Jaziri-Roman_Andres_Burruchaga,,,,,,,,,,,,,,,,,,,,,1500.0,1500.0
Roman Safiullin,20250729-M-Canada_Masters-R64-Roman_Safiullin-Casper_Ruud,0.5856914334022887,0.6709361882037497,0.48719005919841035,0.07496262952128152,0.03715703512634318,0.3075326118919702,0.16870410949608602,0.22773707434506887,0.5029674779818762,0.5818929921373531,0.6394102403088283,0.5798254715616719,0.27747911711319445,0.22574618870751717,0.4567802192115825,0.4879993730542405,0.4114772613758415,0.46272765263887256,0.40223628178324616,0.4864198876955787,1563.3773016538007,1528.9079541775286
Ronit Karki,20250713-M-Wimbledon_Juniors-F-Ivan_Ivanov-Ronit_Karki,,,,,,,,,,,,,,,,,,,,,1500.0,1500.0
Roscoe Tanner,19770109-M-Australian_Open-F-Roscoe_Tanner-Guillermo_Vilas,,,,,,,,,,,,,,,,,,,,,1500.0,1500.0
Roy Smith,20181116-M-Houston_CH-QF-Roy_Smith-Thai_Son_Kwiatkowski,,,,,,,,,,,,,,,,,,,,,1500.0,1500.0
Ruben Bemelmans,20190701-M-Wimbledon-R128-Stan_Wawrinka-Ruben_Bemelmans,0.6213592233009708,0.6875,0.41025641025641024,0.17475728155339806,0.04854368932038835,0.32967032967032966,0.17010309278350516,0.17525773195876287,0.3333333333333333,0.0,0.5,0.5652173913043478,0.375,0.075,,,,0.5299145299145299,0.4375,0.2413793103448276,1482.517863668811,1500.0
Ruben Gonzales,20160118-M-Manila_CH-R32-Ruben_Gonzales-Igor_Sijsling,,,,,,,,,,,,,,,,,,,,,1500.0,1500.0
Ruben Ramirez Hidalgo,20151019-M-Brest_CH-R32-David_Guez-Ruben_Ramirez_Hidalgo,0.5445544554455446,0.6545454545454545,0.43478260869565216,0.019801980198019802,0.07920792079207921,0.3695652173913043,0.06735751295336788,0.22279792746113988,0.5384615384615384,0.42857142857142855,0.5952380952380952,0.5238095238095238,0.3235294117647059,0.14705882352941177,,,,0.5,0.43902439024390244,0.42857142857142855,1490.7954129226994,1500.0
Rudolf Molleker,20190618-M-Halle-R32-Rudolf_Molleker-Sergiy_Stakhovsky,0.6511627906976745,0.7321428571428571,0.6333333333333333,0.09302325581395349,0.05813953488372093,0.26136363636363635,0.13793103448275862,0.16091954022988506,0.4166666666666667,0.5,0.7307692307692307,0.7307692307692307,0.26666666666666666,0.23333333333333334,0.45871559633027525,0.5116279069767442,0.5,,,,1514.2814759143066,1500.0
Rudy Coco,20140224-M-Cherbourg_CH-Q3-Rudy_Coco-Taro_Daniel,,,,,,,,,,,,,,,,,,,,,1500.0,1500.0
Ryan Harrison,20180729-M-Atlanta-F-John_Isner-Ryan_Harrison,0.5672413793103448,0.6881720430107527,0.4267676767676768,0.12351097178683385,0.044043887147335425,0.22282608695652173,0.15264026402640263,0.1817787041862081,0.3721804511278195,0.5357142857142857,0.6,0.5958333333333333,0.29333333333333333,0.18,0.4101731601731602,0.3320158102766798,0.5166666666666666,,,,1522.5536710287386,1511.4867000513216
Ryan Seggerman,20240701-M-Bloomfield_Hills_CH-Q2-Strong_Kirchheimer-Ryan_Seggerman,,,,,,,,,,,,,,,,,,,,,1500.0,1500.0
Ryo Tabata,20260131-M-Australian_Open_Juniors-SF-Ryo_Tabata-Ziga_Sesko,,,,,,,,,,,,,,,,,,,,,1500.0,1500.0
Saidalo Saidkarimov,20190617-M-Fergana_CH-R64-Karim_Mohamed_Maamoun-Saidalo_Saidkarimov,,,,,,,,,,,,,,,,,,,,,1500.0,1500.0
Salvatore Caruso,20210413-M-Monte_Carlo_Masters-R64-Lucas_Catarina-Salvatore_Caruso,0.5555555555555556,0.7333333333333333,0.4444444444444444,0.1111111111111111,0.024691358024691357,0.37209302325581395,0.1377245508982036,0.17964071856287425,0.30434782608695654,0.2857142857142857,0.4666666666666667,0.5,0.3333333333333333,0.15151515151515152,0.4642857142857143,0.575,0.4418604651162791,,,,1515.9963725049195,1500.0
Sam Querrey,20220830-M-US_Open-R128-Sam_Querrey-Ilya_Ivashka,0.605737434635683,0.7807461887832959,0.500235826794408,0.17484578091641914,0.042065850275862356,0.3263505288542875,0.21316341227576138,0.19190228525004593,0.3657202828825523,0.6774839743589743,0.6381734158370622,0.6103520202133663,0.3466714628825716,0.17527630598807142,0.5407219464828207,0.5211508033728478,0.4217658494338336,0.5000275345534927,0.4245367079734977,0.41411514898357005,1574.0106036279317,1565.0092545611358
Samuel Groth,20160202-M-Dallas_CH-R32-Samuel_Groth-Francis_Tiafoe,0.6214356646332813,0.8119485294117648,0.5208333333333333,0.17232940842672717,0.05277344304156618,0.19836182336182334,0.1912863070539419,0.09979253112033196,0.2543290043290043,0.6785714285714286,0.6947368421052631,0.6226315789473684,0.13929618768328444,0.12609970674486803,0.4673913043478261,0.41304347826086957,0.18181818181818182,0.4827586206896552,0.5151515151515151,0.0,1500.6724115695745,1500.0
Sanam Singh,20151014-M-Ho_Chi_Minh_City_CH-R16-James_Duckworth-Sanam_Singh,,,,,,,,,,,,,,,,,,,,,1500.0,1500.0
Sandro Ehrat,20190722-M-Gstaad-R32-Sandro_Ehrat-Thomas_Fabbiano,,,,,,,,,,,,,,,,,,,,,1500.0,1500.0
Sanjar Fayziev,20170516-M-Samarkand_CH-R32-Sanjar_Fayziev-Karim_Mohamed_Maamoun,,,,,,,,,,,,,,,,,,,,,1500.0,1500.0
Santiago Giraldo,20150423-M-Barcelona-R16-Kei_Nishikori-Santiago_Giraldo,0.6973684210526315,0.7547169811320755,0.4782608695652174,0.0,0.0,0.4,0.11538461538461539,0.1858974358974359,0.7777777777777778,0.75,0.7037037037037037,0.6296296296296297,0.36666666666666664,0.16666666666666666,0.4810126582278481,0.5428571428571428,0.6190476190476191,,,,1514.370472693862,1515.0030984995658
Sargis Sargsian,20041026-M-St_Petersburg-R32-Sargis_Sargsian-Irakli_Labadze,,,,,,,,,,,,,,,,,,,,,1500.0,1500.0
Sascha Gueymard Wayenburg,20220516-M-Roland_Garros-Q1-Sascha_Gueymard_Wayenburg-Flavio_Cobolli,,,,,,,,,,,,,,,,,,,,,1500.0,1500.0
Scott Draper,19990621-M-Wimbledon-R128-Pete_Sampras-Scott_Draper,0.3684210526315789,0.6428571428571429,0.20833333333333334,0.10526315789473684,0.0,0.2631578947368421,0.17105263157894737,0.23684210526315788,0.5384615384615384,0.5,0.5714285714285714,0.2857142857142857,0.15384615384615385,0.23076923076923078,0.34146341463414637,0.25,0.3333333333333333,,,,1506.8299895422624,1500.0
Scott Griekspoor,20190425-M-Leon_CH-R32-Scott_Griekspoor-Alexander_Bublik,0.5720901512812597,0.5482954545454546,0.5110356536502546,0.031182463723371412,0.06190182154986107,0.36733601070950467,0.11785816824576514,0.24138673557278206,0.4828571428571429,0.6875,0.5114329268292683,0.5304878048780488,0.3371010638297872,0.17885638297872342,,,,0.40356182795698925,0.419047619047619,0.5756843800322061,1467.2900889683224,1483.263693206478
Scoville Jenkins,20050831-M-US_Open-R64-Scoville_Jenkins-Rafael_Nadal,,,,,,,,,,,,,,,,,,,,,1500.0,1500.0
Sebastian Baez,20260310-M-Indian_Wells_Masters-R32-Sebastian_Baez-Daniil_Medvedev,0.7184518733567808,0.6186514937980151,0.4668554885277084,0.022125169305856875,0.024737935702153314,0.3881155591665705,0.14584774851536078,0.20325810729909283,0.5515872641730588,0.5305373481393889,0.5949571445755667,0.6892450509898399,0.3911838613788191,0.17074850386229046,0.4562177981526688,0.5627032754302608,0.5520506162152219,0.4366916200433152,0.46787916062351226,0.5023494184108952,1379.8555499432646,1453.9406334298365
Sebastian Fanselow,20151102-M-Canberra_CH-R32-Sebastian_Fanselow-Christopher_Oconnell,,,,,,,,,,,,,,,,,,,,,1500.0,1500.0
Sebastian Korda,20260324-M-Miami_Masters-R16-Sebastian_Korda-Martin_Landaluce,0.624449442062449,0.7081740087838138,0.5187993125020588,0.0898666368638966,0.026295084309023803,0.3376887458814215,0.17600114467655092,0.19602927688014649,0.4287168261343138,0.5450540482652991,0.6423984167833686,0.6185237162826863,0.3332898396524947,0.173807496292234,0.48237062458781255,0.4767711844801493,0.516154587407992,0.4862973672825793,0.47714966931097874,0.5030449762247571,1403.528430552994,1444.4946753724744
Sebastian Ofner,20250523-M-Geneva-SF-Hubert_Hurkacz-Sebastian_Ofner,0.5687608192976635,0.6638924700731628,0.480329135563202,0.04914951959784972,0.02889926725272576,0.3429095869918963,0.18384215344950874,0.22474067577593937,0.5181345215951993,0.5469990079365079,0.6054658025649874,0.5697546357125162,0.35358303673465946,0.17636879058025104,0.44717211460322387,0.46476857783572845,0.5122972080739483,0.46853146853146854,0.5606060606060606,0.4752916952642416,1563.968477806856,1563.0061010185618
Sebastien Grosjean,20050629-M-Wimbledon-QF-Sebastien_Grosjean-Andy_Roddick,0.5348897264546127,0.696897970083059,0.49270932562935343,0.08224294230266355,0.0245241402532256,0.3212697544442968,0.15596887353197958,0.18010632143575517,0.5274085491381363,0.5294882018566229,0.6013708135942963,0.529734688721501,0.33251038621070905,0.16109324260854824,0.4819639909052693,0.3855632913479978,0.404903976764272,0.4840991569407259,0.5087375303454056,0.5898618618618618,1543.4084021158474,1535.9889222166719
Sebastien Lareau,19990623-M-Wimbledon-R64-Pete_Sampras-Sebastien_Lareau,,,,,,,,,,,,,,,,,,,,,1500.0,1500.0
Seong Chan Hong,20240307-M-Indian_Wells_Masters-R128-Jakub_Mensik-Seong_Chan_Hong,,,,,,,,,,,,,,,,,,,,,1500.0,1500.0
Sergey Fomin,20220521-M-Shymkent_CH-F-Robin_Haase-Sergey_Fomin,0.5057471264367817,0.5227272727272727,0.3488372093023256,0.022988505747126436,0.04597701149425287,0.38271604938271603,0.07738095238095238,0.25595238095238093,0.8461538461538461,0.18181818181818182,0.34375,0.59375,0.3333333333333333,0.24242424242424243,0.4810126582278481,0.3611111111111111,0.33962264150943394,,,,1509.483967052828,1511.8711157790378
Sergi Bruguera,19970608-M-Roland_Garros-F-Sergi_Bruguera-Gustavo_Kuerten,0.6192447671880469,0.6778640035259783,0.49434675718594856,0.04293265030003873,0.021213194380124673,0.3675452469286063,0.1437453997870506,0.14078718909215754,0.5098973222152617,0.5337626262626263,0.5875273158290822,0.5608497683116732,0.33254275962136387,0.12553919166650576,0.48407019209953994,0.43980862184626685,0.4909458321434509,0.5134420838976675,0.47010380800657786,0.5672405968151241,1563.4392624553602,1502.2193642120983
Sergio Casal,19861102-M-Paris_Masters-F-Sergio_Casal-Boris_Becker,,,,,,,,,,,,,,,,,,,,,1500.0,1500.0
Sergio Cortes,19930905-M-US_Open-R32-Sergio_Cortes-Boris_Becker,,,,,,,,,,,,,,,,,,,,,1500.0,1500.0
Sergiy Stakhovsky,20220111-M-Australian_Open-Q1-J_J_Wolf-Sergiy_Stakhovsky,0.6180183759188478,0.7217173268851466,0.5286193660223348,0.12804775237047664,0.04207565346341053,0.29987602299544674,0.1570762158492188,0.1655782712309701,0.32601634498150905,0.5911178107606679,0.6416191160464798,0.575846351923617,0.2864956478272761,0.21994558256621344,0.47851004136334163,0.4601278492902081,0.435310016494227,0.46247134920034616,0.49096432136911894,0.5263553906411049,1521.5054279961323,1542.510062275391
Shintaro Mochizuki,20260102-M-United_Cup-RR-Stefanos_Tsitsipas-Shintaro_Mochizuki,0.5405405405405406,0.6625,0.45588235294117646,0.02702702702702703,0.07432432432432433,0.32608695652173914,0.15034965034965034,0.21678321678321677,0.4186046511627907,0.6842105263157895,0.6119402985074627,0.5970149253731343,0.3392857142857143,0.14285714285714285,,,,0.3882978723404255,0.5507246376811594,0.6206896551724138,1494.775963355969,1500.0
Sho Katayama,20151123-M-Toyota_CH-R32-Sho_Katayama-Gavin_Van_Peperzeel,,,,,,,,,,,,,,,,,,,,,1500.0,1500.0
Sho Shimabukuro,20230705-M-Wimbledon-R128-Grigor_Dimitrov-Sho_Shimabukuro,,,,,,,,,,,,,,,,,,,,,1500.0,1500.0
Simone Bolelli,20151006-M-Beijing-R32-Novak_Djokovic-Simone_Bolelli,0.6474328021889586,0.6592902711323765,0.5480769230769231,0.05842588121680348,0.013761467889908258,0.23431931575196008,0.1601104646260224,0.20018551311240407,0.5863486842105263,0.6477272727272727,0.6600877192982456,0.5816885964912281,0.29166666666666663,0.11458333333333333,0.3953488372093023,0.4782608695652174,0.5,0.4,0.52,0.5,1500.3551143304953,1499.5915878779115
Sjeng Schalken,20040701-M-Wimbledon-QF-Andy_Roddick-Sjeng_Schalken,0.7116385383391433,0.643906275873489,0.4245764164913101,0.02870888908939583,0.03251087653727607,0.31342176599222143,0.1229753622948665,0.1540354689003668,0.39091624317711277,0.5781884781884782,0.6089098646879092,0.7171074009408798,0.2624613228028788,0.11718561879852203,0.547085201793722,0.5285714285714286,0.4883720930232558,0.4121666924691763,0.3686516100178891,0.5399699975314795,1465.349298058787,1467.173230151505
Slobodan Zivojinovic,19870905-M-US_Open-R32-John_Mcenroe-Slobodan_Zivojinovic,0.5612612612612613,0.7224137931034482,0.35754716981132073,0.12405405405405406,0.06801801801801802,0.29374999999999996,0.1795520651541594,0.19156486329261196,0.31050656660412757,0.6277777777777778,0.5520833333333333,0.6145833333333333,0.3125,0.08482142857142858,,,,0.490613266583229,0.3132992327365729,0.2,1464.9803764494322,1500.0
Somdev Devvarman,20140922-M-Shenzhen-R16-Somdev_Devvarman-Andy_Murray,0.5833333333333334,0.6071428571428571,0.55,0.08333333333333333,0.020833333333333332,0.2830188679245283,0.07920792079207921,0.15841584158415842,0.375,0.5714285714285714,0.6470588235294118,0.6470588235294118,0.21052631578947367,0.21052631578947367,0.4423076923076923,0.38095238095238093,0.42857142857142855,,,,1525.1501403544364,1523.4478675645182
Soon Woo Kwon,20230221-M-Doha-R32-Soon_Woo_Kwon-Abedallah_Shelbayh,0.6187249113106368,0.6746876096876097,0.5526326866308147,0.06459941057032212,0.03364259580665111,0.3623554550025138,0.18069806175133882,0.1810877567848826,0.491936507936508,0.7325641025641026,0.6025319528198126,0.6126734175294877,0.39152135040062536,0.19043848934922808,0.5140375753278978,0.4417989417989418,0.4789081885856079,0.49555979875128814,0.5533926936313978,0.4590923772609819,1475.7073300005627,1472.5615281685364
Stan Smith,19710916-M-US_Open-F-Jan_Kodes-Stan_Smith,0.6933333333333334,0.6634615384615384,0.5869565217391305,0.04,0.04666666666666667,0.3108108108108108,0.16778523489932887,0.12416107382550336,0.56,0.7142857142857143,0.7288135593220338,0.711864406779661,0.4482758620689655,0.06896551724137931,,,,0.4594594594594595,0.5074626865671642,0.6666666666666666,1485.4984286381102,1485.4984286381102
Stan Wawrinka,20260225-M-Dubai-R16-Stan_Wawrinka-Daniil_Medvedev,0.5782847192944908,0.7314741446427737,0.5398401799164254,0.08663540365085232,0.027479307474626343,0.348618472137421,0.18206140230271683,0.1957204299397854,0.44705743826527955,0.6137650188030869,0.6638023343670651,0.58558324948378,0.34314065162750335,0.17015134975887167,0.5022388551567493,0.4912017520709648,0.5216696927623684,0.5064768486202854,0.45507818474345957,0.5037611657730472,1602.1099168311443,1562.1278559909572
Stefan Edberg,20120106-M-Doha_EXH-RR-Jo_Wilfried_Tsonga-Stefan_Edberg,0.6285484830482272,0.7218265552714787,0.527722128955382,0.04033633404508334,0.04230057278849665,0.3851177212770349,0.18253984991748487,0.13833315356765463,0.4886389814787883,0.6210246381141662,0.6505758867152724,0.6218952951924536,0.38054033359852246,0.15680748525214763,0.5023287001902379,0.5349816632340921,0.46910360313920857,0.5185623437696144,0.5568229762681602,0.4926614180795239,1342.9082662988628,1328.3928574652891
Stefan Koubek,20030503-M-Munich-SF-Roger_Federer-Stefan_Koubek,,,,,,,,,,,,,,,,,,,,,1500.0,1500.0
Stefan Kozlov,20220221-M-Acapulco-R32-Grigor_Dimitrov-Stefan_Kozlov,0.6,0.875,0.75,0.35,0.025,0.52,0.33043478260869563,0.06086956521739131,0.3684210526315789,,0.8333333333333334,0.5833333333333334,0.5333333333333333,0.022222222222222223,,,,0.5714285714285714,0.75,1.0,1484.0,1484.0
Stefano Napolitano,20160307-M-Puebla_CH-Q3-Fernando_Romboli-Stefano_Napolitano,,,,,,,,,,,,,,,,,,,,,1500.0,1500.0
Stefano Pescosolido,19960805-M-Cincinnati_Masters-R64-Stefano_Pescosolido-Stefan_Edberg,,,,,,,,,,,,,,,,,,,,,1500.0,1500.0
Stefano Travaglia,20190802-M-Sopot_CH-QF-Stefano_Travaglia-Mohamed_Safwat,,,,,,,,,,,,,,,,,,,,,1500.0,1500.0
Stefanos Sakellaridis,20251102-M-Athens-R32-Stefanos_Sakellaridis-Nuno_Borges,0.5927118644067797,0.8748778103616813,0.5504201680672269,0.1323728813559322,0.01694915254237288,0.43548387096774194,0.19045159386068478,0.17886658795749705,0.33974358974358976,0.75,0.7946428571428572,0.5818452380952381,0.3037037037037037,0.2711111111111111,0.609375,0.6086956521739131,0.47058823529411764,0.6379310344827587,0.5714285714285714,0.5151515151515151,1500.4792168176564,1500.0984788201836
Stefanos Tsitsipas,20260507-M-Rome_Masters-R128-Stefanos_Tsitsipas-Tomas_Machac,0.6291926853326731,0.7615290725042523,0.5310857593149574,0.08631676423131765,0.03083023628231993,0.34174189124005355,0.18348501698259825,0.16521157636796654,0.49530156458113567,0.5873348271269604,0.6807442353925166,0.6201487903551264,0.33231128965135553,0.14768131440159418,0.5239899541725948,0.5051574783957388,0.5009657387270201,0.5043971661901216,0.49335590117385414,0.4634983149502696,1730.2622560305917,1698.9849432606272
Stephane Robert,20190716-M-Amersfoort_CH-R64-Stephane_Robert-Ivan_Gakhov,0.459839303348595,0.6125541125541125,0.4167804167804168,0.04084747284316366,0.10582338330789716,0.3183451765492633,0.11069763569763569,0.1847236097236097,0.4917211328976035,0.4343434343434343,0.5003631082062455,0.5096223674655047,0.30367585630743527,0.17167919799498746,0.4,0.391304347826087,0.4,0.46044191019244474,0.4158485273492286,0.36,1487.1063324594622,1483.3064832991906
Steve Darcis,20200115-M-Australian_Open-Q1-Elliot_Benchetrit-Steve_Darcis,0.5697962654196149,0.6951759581603356,0.4647895901220369,0.08269578444371489,0.021921960560611034,0.33984690965760445,0.1523987444856273,0.1753273319061199,0.5145454545454545,0.6043233082706767,0.6089290611822179,0.5925900485453716,0.3164260385005066,0.18585359675785207,0.4429616874730951,0.49394893899204245,0.42610441767068274,0.5546875,0.4492753623188406,0.5853658536585366,1524.4865998222242,1545.1679129824413
Steve Denton,19821213-M-Australian_Open-F-Steve_Denton-Johan_Kriek,,,,,,,,,,,,,,,,,,,,,1500.0,1500.0
Steve Johnson,20221005-M-Tokyo-R32-Steve_Johnson-Denis_Shapovalov,0.5938356248809907,0.7318178461377353,0.5102891870715711,0.07935447882813726,0.03701538135797154,0.29773661368989124,0.15692864075823862,0.16529634125962675,0.5175676608429346,0.556477071260353,0.6299307938342695,0.5697120272637238,0.2773405195678823,0.1496195471680663,0.4852232336228187,0.4813843829075334,0.452612483657335,0.48669088542486433,0.4072125325023876,0.3619940001518949,1600.3684587431699,1592.76012161347
Steven Diez,20220305-M-Davis_Cup_Qualifiers-RR-Robin_Haase-Steven_Diez,0.7145854145854146,0.6450156985871272,0.365,0.012987012987012988,0.029570429570429574,0.42158564814814814,0.0922539795254157,0.19666844191964022,0.6258741258741258,0.60625,0.5967592592592592,0.7143518518518519,0.3640973630831643,0.1795131845841785,0.5079365079365079,0.6666666666666666,0.5897435897435898,0.42105263157894735,0.45454545454545453,0.5454545454545454,1496.2353334798195,1498.700168465397
Strong Kirchheimer,20240701-M-Bloomfield_Hills_CH-Q2-Strong_Kirchheimer-Ryan_Seggerman,,,,,,,,,,,,,,,,,,,,,1500.0,1500.0
Sumit Nagal,20260208-M-Davis_Cup_Qualifiers-RR-Jesper_De_Jong-Sumit_Nagal,0.6375848220468079,0.598859649122807,0.4741815437910515,0.0038314176245210726,0.03140693445287502,0.40089160350580655,0.11930725524475526,0.2124162296037296,0.7814814814814813,0.6738816738816739,0.528342815576858,0.6600290961993089,0.39351851851851855,0.262037037037037,0.43478260869565216,0.43478260869565216,0.42105263157894735,0.46133190118152523,0.5096409574468085,0.5880893300248139,1486.5690329625836,1484.0
Takao Suzuki,20061004-M-Tokyo-QF-Roger_Federer-Takao_Suzuki,0.6857142857142857,0.5555555555555556,0.6060606060606061,0.047619047619047616,0.02857142857142857,0.2619047619047619,0.15343915343915343,0.12169312169312169,0.41379310344827586,0.6363636363636364,0.5686274509803921,0.7450980392156863,0.2413793103448276,0.06896551724137931,,,,0.4462809917355372,0.3888888888888889,0.5,1493.002449432147,1492.499448572721
Tallon Griekspoor,20260405-M-Monte_Carlo_Masters-R64-Tallon_Griekspoor-Gael_Monfils,0.6432426813665457,0.7430704097796793,0.5149530202348741,0.1057269238558064,0.03224314320962994,0.3203943870550855,0.18491181067475645,0.17104441154270694,0.47853308618756946,0.6090614008896176,0.668007743553665,0.6365580671243076,0.30239552099648404,0.15799045465143288,0.5239158359401866,0.4772740701851491,0.48653501612864236,0.48896843645032567,0.48063191594312377,0.4462843808965665,1544.6764971899884,1559.9405324997676
Taro Daniel,20240827-M-US_Open-R128-Tristan_Schoolkate-Taro_Daniel,0.6191496749616339,0.6504877418631783,0.44008783536213,0.0529995313648431,0.0228078811799742,0.3203694259277604,0.1215357327984576,0.17290753634563744,0.36964449691722423,0.5719003219003219,0.6060658035796321,0.6167354999181561,0.31580140705527704,0.13587075978716845,0.46256003095354997,0.4052884615384615,0.4095392953929539,0.46207382607895037,0.4956529581529581,0.4254813511491908,1478.9040106773286,1490.2884342947666
Taylor Dent,20040821-M-Olympics-BR-Taylor_Dent-Fernando_Gonzalez,0.6097560975609756,0.8,0.40625,0.04878048780487805,0.07317073170731707,0.4318181818181818,0.24705882352941178,0.09411764705882353,0.5,0.6,0.6470588235294118,0.5588235294117647,0.46153846153846156,0.0,0.514018691588785,0.68,0.15384615384615385,,,,1516.70904271369,1500.0
Taylor Fritz,20260126-M-Australian_Open-R16-Taylor_Fritz-Lorenzo_Musetti,0.611730008597487,0.7836667516637824,0.542326895486629,0.1261986593040807,0.026237981524406734,0.35111095445280627,0.1994954664404732,0.16294858617332794,0.3807911182917168,0.6451106785340809,0.6942386236532258,0.6254662231935052,0.3407966598315462,0.15445325071923374,0.5327612642834824,0.5196442904026928,0.5017764516788745,0.5039473128030553,0.5148800128884105,0.4978037047378501,1784.7177237076828,1782.3518482744894
Tennys Sandgren,20210328-M-Miami_Masters-R64-Andrey_Rublev-Tennys_Sandgren,0.643183841754261,0.7058158711076863,0.47278943506472737,0.11076186709975523,0.026760819756864906,0.33100109276229284,0.16311127402262487,0.17402200058172843,0.3525264682275588,0.7151068628341356,0.6820744327967224,0.6638288405847143,0.3231718485781347,0.1410105532403833,0.49251922749367816,0.5235289914851187,0.48671023965141613,0.4742633109509015,0.4673690010120454,0.4008336847283716,1493.900877290398,1489.2505639620256
Terence Atmane,20250526-M-Roland_Garros-R128-Terence_Atmane-Richard_Gasquet,,,,,,,,,,,,,,,,,,,,,1500.0,1500.0
Teymuraz Gabashvili,20171016-M-Moscow-R32-Alexander_Bublik-Teymuraz_Gabashvili,0.5730479622679111,0.6116026369629461,0.4695512079359629,0.03808516291892251,0.04855814262463879,0.34011680089349994,0.18281753566337156,0.21227106860984968,0.6481004778566584,0.5024242424242424,0.564816453387882,0.5772288029430886,0.3464204204204204,0.14391591591591593,0.43366708385481856,0.46256684491978606,0.4059907834101383,0.43066398528678734,0.47555555555555556,0.49051575664478886,1475.0890770810875,1494.5222243547478
Thai Son Kwiatkowski,20181116-M-Houston_CH-QF-Roy_Smith-Thai_Son_Kwiatkowski,,,,,,,,,,,,,,,,,,,,,1500.0,1500.0
Thanasi Kokkinakis,20241121-M-Davis_Cup_Finals-RR-Ben_Shelton-Thanasi_Kokkinakis,0.6224220508947254,0.7444614344896536,0.48921446595250273,0.11485224000813794,0.03367352647832306,0.3116568832851551,0.17009337995363932,0.17048505515315668,0.4647020831119601,0.6337842712842713,0.6380921959202992,0.6256956245575821,0.29680405991056147,0.14250812774656293,0.498037467982422,0.4582726253292893,0.4443498168498169,0.505769351069791,0.43676461589504995,0.4977003302470722,1400.3284219534944,1395.5317490847542
Thiago Agustin Tirante,20240329-M-San_Luis_Potosi_CH-QF-Nicolas_Mejia-Thiago_Agustin_Tirante,0.655565693430657,0.5872340425531914,0.5732127476313522,0.03837185725871858,0.010594079480940793,0.413877417952619,0.11991595766756588,0.17150861174517534,0.6739130434782609,0.6090225563909775,0.6134159482758621,0.6134159482758621,0.3948412698412698,0.08928571428571427,0.5912408759124088,0.44680851063829785,0.48333333333333334,0.47297297297297297,0.43243243243243246,0.44680851063829785,1496.787764484877,1500.0307118612125
Thiago Monteiro,20260217-M-Rio_de_Janeiro-R32-Thiago_Monteiro-Joao_Fonseca,0.6481992423884563,0.7220228152617771,0.5547664112826548,0.09025398278442116,0.01812498352145178,0.34910838371804437,0.16585734937596208,0.15137853525482514,0.4170403696826012,0.5656508695982381,0.6423147920850599,0.6309341218510237,0.34502379245026304,0.12317848770054653,0.5351667711453475,0.49033990208726613,0.5472971434051378,0.49307691531417214,0.5437374465395737,0.4880038126361656,1474.8704966339767,1510.4194094745321
Thiago Seyboth Wild,20260124-M-Itajai_CH-SF-Thiago_Seyboth_Wild-Alex_Barrena,0.6084519165540635,0.690061351533824,0.4599260394774751,0.05705981658804625,0.04091950114879974,0.33325274549621736,0.16478853310916428,0.21240795126850023,0.5679120937325292,0.5385340022296544,0.6050023622549482,0.6091463092242729,0.3371004117269297,0.1795060276917754,0.48918358733175316,0.5033927030756836,0.47177293842438156,0.4622584412706453,0.41318849278841974,0.37864357864357867,1583.8818336590793,1554.0194698939304
Thiemo De Bakker,20190409-M-Barletta_CH-R64-Federico_Coria-Thiemo_De_Bakker,0.6360553438464954,0.7359234234234234,0.5116420082464225,0.09884876744017929,0.011494252873563218,0.31553933142363355,0.17457003709791485,0.16646346688099944,0.4691408007197481,0.7158730158730159,0.6555555555555556,0.6533333333333333,0.31644144144144143,0.1727477477477478,0.5147058823529411,0.40425531914893614,0.45714285714285713,0.4966846249481972,0.4666666666666667,0.4491228070175438,1488.8584876244431,1500.0
Thierry Champion,19910704-M-Wimbledon-QF-Stefan_Edberg-Thierry_Champion,0.8649122807017544,0.6081957547169812,0.5,0.01875,0.0,0.4016376451077943,0.12669779286926994,0.1569397283531409,0.3392857142857143,0.5428571428571429,0.6264516129032258,0.8277419354838709,0.43861892583120204,0.16751918158567775,0.40298507462686567,0.46153846153846156,0.391304347826087,0.6046511627906976,0.6206896551724138,0.5576923076923077,1502.3119148756243,1500.0
Thijs Boogaard,20260211-M-Rotterdam-R32-Stan_Wawrinka-Thijs_Boogaard,0.5074626865671642,0.7941176470588235,0.3333333333333333,0.029850746268656716,0.05970149253731343,0.24489795918367346,0.12931034482758622,0.21551724137931033,0.4666666666666667,0.6666666666666666,0.5882352941176471,0.5588235294117647,0.4444444444444444,0.05555555555555555,0.373134328358209,0.4782608695652174,0.5384615384615384,,,,1516.2518891772893,1517.1808281631488
Thomas Enqvist,20010705-M-Wimbledon-QF-Patrick_Rafter-Thomas_Enqvist,0.5393571247957529,0.7524313366420542,0.5534790512216085,0.12704698505197162,0.05188193339327806,0.3812060155772055,0.17626646530034076,0.19122388129698062,0.37035680774876806,0.6095731191885038,0.7018446592776629,0.545942643857816,0.3746537837708425,0.18328596092899832,0.5055391615011238,0.5260561222926814,0.5130338855046116,0.5116028116782794,0.5757152166829587,0.602475279106858,1543.3564359606214,1500.0
Thomas Fabbiano,20190829-M-US_Open-R64-Thomas_Fabbiano-Alexander_Bublik,0.678774949148233,0.7410717654970096,0.5905428567090792,0.04168009849502985,0.027427074631021998,0.37818324688020644,0.13655245569900337,0.15251097045176149,0.6679943269855552,0.8555555555555555,0.7071426419913732,0.6069583275829209,0.37869594243750465,0.12509228155322658,0.5396512935883014,0.6198830409356726,0.7268518518518519,0.4874689321004445,0.5154737569189699,0.6187015503875969,1469.0013341449526,1468.1522446939425
Thomas Johansson,20050701-M-Wimbledon-SF-Andy_Roddick-Thomas_Johansson,0.5285624993778193,0.7600530838882557,0.48325494201826646,0.10066010797516131,0.03665415052945599,0.35876993542117014,0.1616635239345622,0.16707446499123904,0.3677905726173048,0.5578823953823954,0.6657153368250838,0.5282318608510959,0.35852368632219633,0.13344968586912134,0.4798732517482518,0.6104954367666231,0.49883122954651704,0.5000253278719553,0.47375208713948,0.4854559229340085,1453.5264139960582,1488.2903140210024
Thomas Muster,20111025-M-Vienna-R32-Thomas_Muster-Dominic_Thiem,0.6387130596226257,0.666246026124611,0.5374364968463821,0.04176673440497999,0.027454002863965713,0.37750632917290383,0.13443687167299787,0.16304316133304333,0.5360285076724367,0.6171040935506613,0.6122985950054414,0.6235741070737713,0.36461558277723427,0.13530811928988346,0.47747606949084126,0.47625055175409137,0.48990537694155045,0.49727137072927324,0.5276034211214995,0.5052459779098615,1439.5680061435903,1488.0705645887215
Thomaz Bellucci,20230222-M-Rio_de_Janeiro-R32-Sebastian_Baez-Thomaz_Bellucci,0.6008006493665098,0.6976165226698527,0.5273066156835884,0.06845895444442338,0.03212647526427379,0.3310728055017855,0.14613047330369652,0.22503740003255487,0.5568873415856175,0.47470238095238093,0.6201210210786824,0.5941873613244582,0.3754062299051523,0.19882759920475437,0.45761494252873564,0.3921188630490956,0.44129554655870445,0.5023248650624927,0.5197488635144683,0.45342900445202233,1445.5038248001833,1457.242193683648
Ti Chen,20150618-M-Fergana_CH-R16-Ti_Chen-Laurynas_Grigelis,,,,,,,,,,,,,,,,,,,,,1500.0,1500.0
Tim Henman,20061008-M-Tokyo-F-Roger_Federer-Tim_Henman,0.579558416148136,0.7169034592349636,0.4848992354667105,0.057035747952297655,0.04721732103473472,0.31802717325864105,0.15549827678528713,0.1621063406927002,0.4811380718666524,0.6205496697513504,0.6413051738086588,0.5936293247586927,0.30108114008288783,0.15188336344854259,0.47858419841555466,0.45375868500962857,0.4704497099532575,0.48767658835915484,0.46120561330395654,0.41520563652058046,1522.5589319555418,1560.8202454509726
Tim Mayotte,19890907-M-US_Open-SF-Tim_Mayotte-Ivan_Lendl,0.6552852586136243,0.6231072139000527,0.4615177791221348,0.02475937829473183,0.05203662166735523,0.2863482560446044,0.16391100040312148,0.14428507608165916,0.5487654320987655,0.48214285714285715,0.5760388387507032,0.6006921515396092,0.28248792270531403,0.1037784679089027,,,,0.4109651861882473,0.45077534405892616,0.6336700336700337,1451.5514935991196,1480.0839431328616
Tim Smyczek,20160216-M-Delray_Beach-R32-Taylor_Fritz-Tim_Smyczek,0.6435555917876316,0.6631999391357273,0.5349658002735979,0.05005154722862616,0.03761571715214962,0.32360244953066736,0.13210673179752533,0.20878002839949297,0.5219032805429864,0.503125,0.5903613216875412,0.6064626936387607,0.2868959868959869,0.17502388752388753,0.44,0.4357142857142857,0.5469208211143695,0.4956896551724138,0.5357142857142857,0.5084151472650771,1503.0494290734896,1497.3850395516
Tim Van Rijthoven,20230215-M-Rotterdam-R32-Maxime_Cressy-Tim_Van_Rijthoven,0.6632861465589835,0.7685582875544831,0.5615671935720751,0.16239393020012274,0.02754399907723048,0.3158509947780886,0.18936514308435118,0.19316863026008238,0.39674362955387216,0.6601616583517036,0.6996322008327829,0.6711317533291823,0.28296254314605296,0.18225084451596563,0.570787795992714,0.48070689921284143,0.6341036414565826,0.5102730386973211,0.45273220510834267,0.45061464615695423,1424.5037635902183,1406.8799908654028
Tim Wilkison,19870901-M-US_Open-R128-Boris_Becker-Tim_Wilkison,,,,,,,,,,,,,,,,,,,,,1500.0,1500.0
Timofey Skatov,20260109-M-Bengaluru_CH-SF-Timofey_Skatov-Harold_Mayot,0.6935634328358209,0.651931401931402,0.4415204678362573,0.011194029850746268,0.026119402985074626,0.31186293645630014,0.09436475409836066,0.2171106557377049,0.7595907928388747,0.5833333333333333,0.6308555942702284,0.683894696089818,0.2998991935483871,0.22379032258064516,,,,0.4471396806145138,0.4180672268907563,0.5391414141414141,1480.0972283024128,1494.5175206224962
Titouan Droguet,20230723-M-Amersfoort_CH-F-Titouan_Droguet-Maximilian_Marterer,,,,,,,,,,,,,,,,,,,,,1500.0,1500.0
Tobias Kamke,20190731-M-Liberec_CH-R32-Karim_Mohamed_Maamoun-Tobias_Kamke,0.53,0.7358490566037735,0.48936170212765956,0.03,0.06,0.29347826086956524,0.14583333333333334,0.18229166666666666,0.4642857142857143,0.75,0.6744186046511628,0.5348837209302325,0.25925925925925924,0.14814814814814814,,,,0.44660194174757284,0.4473684210526316,0.5098039215686274,1477.2659651172658,1500.0
Todd Martin,20010123-M-Australian_Open-QF-Todd_Martin-Andre_Agassi,0.6043500158785212,0.7524890617234822,0.49851846391221427,0.12389778823551593,0.03670850977503621,0.3426672222643598,0.19402289651292423,0.1557985151843175,0.3712737101899349,0.6146348443223443,0.6594062976663865,0.5992043805030876,0.34843224107116316,0.157037028542121,0.5174440812859471,0.4631103355734955,0.4292001899181587,0.4980840247031119,0.4520744019816089,0.43830227743271216,1602.6994057105694,1600.6744916987911
Todd Reid,20040124-M-Australian_Open-R32-Roger_Federer-Todd_Reid,,,,,,,,,,,,,,,,,,,,,1500.0,1500.0
Todd Woodbridge,19981102-M-Paris_Masters-R32-Todd_Woodbridge-Marcelo_Rios,0.5490440641905617,0.6722871029803895,0.4889666626613602,0.061946057048773706,0.06170697286548207,0.36341097542506134,0.16817066230208177,0.20380869807765437,0.5203069498895271,0.41729797979797983,0.5559765244004978,0.5867853259085224,0.3705022814065367,0.17141675552579808,0.4659138641242337,0.5181298773690078,0.5915034965034965,0.4094488188976378,0.48484848484848486,0.5714285714285714,1558.486843773498,1539.0932076438785
Tomas Barrios Vera,20241018-M-Campinas_CH-QF-Tomas_Barrios_Vera-Camilo_Ugo_Carabelli,0.6555208298327564,0.5991971109431428,0.4222447599729547,0.04396164487907608,0.013447816200109777,0.34034379408606164,0.13488138939146252,0.22970459012938926,0.46096866096866096,0.24074074074074073,0.46085858585858586,0.7190656565656566,0.3165243803541676,0.20515769451939667,,,,0.44839894451576096,0.4401938641069076,0.4594017094017094,1449.2777983409371,1468.736306793522
Tomas Behrend,20040706-M-Gstaad-R32-Roger_Federer-Tomas_Behrend,,,,,,,,,,,,,,,,,,,,,1500.0,1500.0
Tomas Berdych,20190308-M-Indian_Wells_Masters-R128-Tomas_Berdych-Feliciano_Lopez,0.5736756507743663,0.7381473557162117,0.49175542757106167,0.08661505226581354,0.029489610076351216,0.31294736322207,0.16734221994789397,0.17928748902421865,0.520193662049368,0.5583535019809529,0.6356500210531137,0.5627092984080229,0.299584354006757,0.15113804011806137,0.49120175957145795,0.46172521300387687,0.44247479298055326,0.4754199974793951,0.4706902322702524,0.4820311900069581,1636.4220739741975,1620.157179207361
Tomas Carbonell,19900901-M-US_Open-R32-Tomas_Carbonell-Boris_Becker,,,,,,,,,,,,,,,,,,,,,1500.0,1500.0
Tomas Machac,20260507-M-Rome_Masters-R128-Stefanos_Tsitsipas-Tomas_Machac,0.616675912294435,0.7014154779254621,0.5302570040921111,0.07357917833533482,0.03464746133457379,0.35278262925788656,0.20072577896159863,0.1872554784320403,0.4192705260641054,0.6203978120644786,0.6499751756301078,0.629072633893537,0.3584704541574493,0.13842731148334106,0.5022848485087292,0.5250707775122232,0.518229955407356,0.48493864930169633,0.49586773047523036,0.52858938324352,1416.4245247645674,1509.4977239183713
Tomas Martin Etcheverry,20260428-M-Madrid_Masters-R16-Arthur_Fils-Tomas_Martin_Etcheverry,0.6454082835168083,0.7107008031787193,0.45234852401587256,0.0905186541830188,0.01860842257936484,0.36404823436143746,0.15684743718966676,0.1558149957531894,0.44061251639097593,0.5283259038940856,0.6254621607063321,0.6288658212778586,0.3858564989569532,0.12051145679087717,0.5500554514609814,0.49941033138401564,0.4460752337464666,0.4978439121190499,0.4671842522704025,0.4519196663169744,1387.2539062839976,1451.443202136162
Tomas Smid,19801205-M-Davis_Cup_World_Group_F-RR-Tomas_Smid-Adriano_Panatta,,,,,,,,,,,,,,,,,,,,,1500.0,1500.0
Tomas Zib,20061025-M-Basel-R32-Roger_Federer-Tomas_Zib,,,,,,,,,,,,,,,,,,,,,1500.0,1500.0
Tomasz Berkieta,20240608-M-Roland_Garros_Juniors-F-Kaylan_Bigun-Tomasz_Berkieta,,,,,,,,,,,,,,,,,,,,,1500.0,1500.0
Tommy Haas,20170614-M-Stuttgart-R16-Tommy_Haas-Roger_Federer,0.6010849319463202,0.6946231758056444,0.4796922759814704,0.07588852135607031,0.04131714792671495,0.3296168132060058,0.15391407580758587,0.19175349190937907,0.44205903443608774,0.5421508565173724,0.6162885606394978,0.5810292680433935,0.33432206886816884,0.15814798791328535,0.4844990949885498,0.48859478307475535,0.46400107361952014,0.47045331627985093,0.4755547009638747,0.4721691798460033,1644.8578840008204,1548.1274895425493
Tommy Paul,20260325-M-Miami_Masters-QF-Arthur_Fils-Tommy_Paul,0.6244047388714542,0.7022306410850571,0.5176275546076572,0.060086108950617896,0.027396762911468506,0.3705633701867428,0.18309101561727595,0.18387802198045897,0.4761158444706098,0.5716553334404642,0.6393545567271834,0.6049591124049869,0.36080726487713216,0.1517115833920939,0.5096970534992222,0.4827874744503966,0.5327437793320824,0.48754507065187735,0.49620659291862523,0.5033934465986465,1425.672542957294,1351.154492720284
Tommy Robredo,20220418-M-Barcelona-R64-Bernabe_Zapata_Miralles-Tommy_Robredo,0.6495704792673584,0.6553380122016396,0.4524458084206084,0.04419981866653926,0.032975719472113404,0.3215038501654358,0.1222784999823635,0.16881746142972265,0.519273396561991,0.5269916591345163,0.5612839603890694,0.6426706336106383,0.30106947220737096,0.1351440520045158,0.45656283376106616,0.4289554408496186,0.48792946891893796,0.45313613738601194,0.4757396171086053,0.43105394754320564,1410.9651661869382,1510.3915504077825
Tony Roche,19750703-M-Wimbledon-SF-Tony_Roche-Arthur_Ashe,0.6666666666666666,0.6309523809523809,0.30952380952380953,0.0,0.03968253968253968,0.36065573770491804,0.12903225806451613,0.1532258064516129,0.46875,0.35714285714285715,0.4339622641509434,0.6226415094339622,0.32,0.24,,,,0.47058823529411764,0.3972602739726027,0.2,1484.6364586415966,1484.6364586415966
Tristan Schoolkate,20250116-M-Australian_Open-R64-Tristan_Schoolkate-Jannik_Sinner,0.5962395813142082,0.7216312056737588,0.48214285714285715,0.07336693157588679,0.08242876526458616,0.36141304347826086,0.142845723421263,0.20156446271554185,0.6321428571428571,0.41666666666666663,0.6343577620173365,0.5520094562647754,0.3352004716981132,0.21639150943396226,0.4942008486562942,0.45512820512820507,0.5681818181818181,,,,1528.525600753691,1529.0340382127715
Tsung Hua Yang,20190506-M-Busan_CH-R64-Tsung_Hua_Yang-Kevin_King,0.6071428571428571,0.6176470588235294,0.5,0.08928571428571429,0.03571428571428571,0.2641509433962264,0.10091743119266056,0.26605504587155965,0.2727272727272727,0.6666666666666666,0.7142857142857143,0.5714285714285714,0.2631578947368421,0.3157894736842105,0.5510204081632653,0.4166666666666667,0.25,,,,1509.3939835890287,1510.8585238335013
Tung Lin Wu,20220104-M-Nonthaburi_CH-R16-Tung_Lin_Wu-Yasutaka_Uchiyama,,,,,,,,,,,,,,,,,,,,,1500.0,1500.0
Ty Trombetta,20140908-M-USA_F24-QF-Jean_Yves_Aubone-Ty_Trombetta,,,,,,,,,,,,,,,,,,,,,1500.0,1500.0
Ugo Blanchet,20260205-M-Montpellier-R16-Ugo_Blanchet-Arthur_Fils,0.4871816638370119,0.6406926406926408,0.47641509433962265,0.057342954159592535,0.043675721561969444,0.38706043018094916,0.1673905621728245,0.17460738942417114,0.6907756813417191,0.5,0.6111111111111112,0.5458333333333334,0.39306698002350177,0.12122992557775167,0.4189655172413793,0.5194882831181253,0.5431034482758621,,,,1528.8102523819853,1515.2094993171283
Ugo Humbert,20260405-M-Monte_Carlo_Masters-R64-Ugo_Humbert-Moise_Kouame,0.6399435956848131,0.7441697188005986,0.5640200366435588,0.09132362040364414,0.021710239966974423,0.3473222351044753,0.23030566715125356,0.18598290043455248,0.3860419721484488,0.685310441192794,0.6710898899490232,0.6192922084071708,0.33872102466322507,0.1642901105960002,0.5055586207750264,0.5327945930804457,0.5104442448733852,0.5147074863832264,0.5652513385441291,0.4907443523205528,1735.200324679835,1565.3211316211502
Uladzimir Ignatik,20170913-M-Istanbul_CH-R16-Karim_Mohamed_Maamoun-Uladzimir_Ignatik,,,,,,,,,,,,,,,,,,,,,1500.0,1500.0
Ulises Blanch,20180715-M-Perugia_CH-F-Gianluigi_Quinzi-Ulises_Blanch,,,,,,,,,,,,,,,,,,,,,1500.0,1500.0
Vaclav Safranek,20190408-M-Barletta_CH-R64-Vaclav_Safranek-Karim_Mohamed_Maamoun,,,,,,,,,,,,,,,,,,,,,1500.0,1500.0
Valentin Royer,20260209-M-Rotterdam-R32-Valentin_Royer-Christopher_Oconnell,0.6251068662453803,0.7288051695586435,0.5490439512178642,0.09288719230506,0.042529700118629374,0.3774813663295857,0.15220189064022369,0.19251556468553116,0.47389310176125243,0.646780303030303,0.6500290413303986,0.5846249082905356,0.3874871838687628,0.19095181134654818,0.44812669812669814,0.517706131078224,0.629779411764706,0.5042997542997543,0.6231617647058824,0.3887147335423198,1507.227441915622,1504.2552232301734
Valentin Vacherot,20260411-M-Monte_Carlo_Masters-SF-Valentin_Vacherot-Carlos_Alcaraz,0.6517925595497928,0.7267012829514508,0.5121443837877551,0.08721566678281446,0.036950285196563654,0.3194987065021022,0.15029381493434213,0.1624782307340987,0.48600596425434006,0.5730294396961063,0.6550555108609868,0.6534492638077518,0.3312314169745919,0.09593436326247246,0.5170218304803744,0.47685321484905285,0.437194345006845,0.47,0.6086956521739131,0.5285714285714286,1615.7992469121314,1535.6529123906378
Vasek Pospisil,20230116-M-Australian_Open-R128-Vasek_Pospisil-Felix_Auger_Aliassime,0.5990058795089431,0.7792526351044025,0.4913770499208432,0.1323352840633229,0.03699208929432338,0.31897609908612623,0.19765564927416068,0.1807396349812731,0.4391750410136671,0.660942205942206,0.6804498726430297,0.632432304045137,0.3207964048414038,0.1676709560502224,0.5091941970752137,0.4751560690932349,0.45447103230448566,0.4762736172600861,0.5325670498084292,0.5493697478991597,1638.5392148596902,1630.2865198132251
Victor Estrella,20191009-M-Santo_Domingo_CH-R32-Victor_Estrella-Thiago_Monteiro,0.6291802011329438,0.628229891973324,0.47926065162907266,0.04628047978029684,0.026070440523437644,0.3549199236349462,0.1393452309998256,0.18202228046241908,0.5762293262293262,0.5897435897435896,0.556430682517639,0.6068366220540133,0.4266887949604518,0.08126547003754742,,,,0.4416241282731257,0.44690729483282676,0.5356660231660232,1453.6628259263628,1469.4437122734696
Victor Hanescu,20100121-M-Australian_Open-R64-Roger_Federer-Victor_Hanescu,0.6861538461538461,0.6123366013071896,0.43229166666666663,0.01814102564102564,0.027756410256410256,0.2635685210312076,0.09019219483568075,0.09954518779342722,0.5504807692307692,0.53125,0.5222154595252586,0.6460742544126598,0.31666666666666665,0.025,0.4896320268488553,0.2780612244897959,0.4041666666666667,,,,1533.0663293034963,1500.0
Victor Pecci,19810605-M-Roland_Garros-SF-Victor_Pecci-Bjorn_Borg,,,,,,,,,,,,,,,,,,,,,1500.0,1500.0
Viktor Durasovic,20221022-M-Vilnius_CH-SF-Viktor_Durasovic-Mattia_Bellucci,0.5362318840579711,0.7297297297297297,0.46875,0.057971014492753624,0.028985507246376812,0.24193548387096775,0.21374045801526717,0.2748091603053435,0.6071428571428571,0.5714285714285714,0.5,0.4642857142857143,0.3333333333333333,0.1111111111111111,,,,0.44594594594594594,0.4857142857142857,0.3181818181818182,1494.357336486733,1492.7466410551851
Viktor Troicki,20210524-M-Roland_Garros-Q1-Thiago_Seyboth_Wild-Viktor_Troicki,0.5756891190592288,0.6363111828041552,0.3642988443806185,0.09131567949065415,0.039315555684055904,0.30694716485885454,0.14395030218548654,0.22508170216708842,0.3365357428237753,0.4061813186813187,0.5269907407407407,0.5628948801742919,0.2931798867340663,0.20751434736574054,0.47196392298991474,0.3941153982930299,0.35575389522757944,0.43770621682038957,0.4175485008818342,0.3293437181635939,1471.883354001805,1500.0
Vilius Gaubas,20250509-M-Rome_Masters-R64-Vilius_Gaubas-Denis_Shapovalov,0.6203703703703703,0.6417910447761194,0.5121951219512195,0.027777777777777776,0.009259259259259259,0.3963963963963964,0.1050228310502283,0.1780821917808219,0.5652173913043478,0.5384615384615384,0.5333333333333333,0.5777777777777777,0.4791666666666667,0.125,,,,0.425531914893617,0.5306122448979592,0.5526315789473685,1484.6461467575489,1484.711500179551
Vincent Millot,20160227-M-Cherbourg_CH-SF-Jordan_Thompson-Vincent_Millot,,,,,,,,,,,,,,,,,,,,,1500.0,1500.0
Vincent Spadea,20060901-M-US_Open-R32-Vincent_Spadea-Roger_Federer,0.5,0.6470588235294118,0.47058823529411764,0.014705882352941176,0.07352941176470588,0.29508196721311475,0.10852713178294573,0.20930232558139536,0.5,0.5714285714285714,0.5714285714285714,0.5,0.17647058823529413,0.17647058823529413,0.36,0.4,0.5185185185185185,,,,1511.5711455603716,1511.4846517374751
Vincenzo Santopadre,20010507-M-Rome_Masters-R64-Magnus_Norman-Vincenzo_Santopadre,,,,,,,,,,,,,,,,,,,,,1500.0,1500.0
Vit Kopriva,20260220-M-Rio_de_Janeiro-QF-Juan_Manuel_Cerundolo-Vit_Kopriva,0.5300099206349207,0.5704599056603774,0.3267066766691673,0.057787698412698416,0.08953373015873016,0.2347781217750258,0.12041610537344709,0.17711919373347304,0.3939393939393939,0.44999999999999996,0.3941798941798942,0.5833333333333333,0.1550925925925926,0.08101851851851852,,,,0.26334026334026334,0.3893772893772894,0.6047979797979798,1480.6898052739436,1500.0
Vitas Gerulaitis,19820113-M-Tour_Finals-F-Vitas_Gerulaitis-Ivan_Lendl,0.5763006328304504,0.6678507078507079,0.40917905623787976,0.044048754972064466,0.030395424615713908,0.36913117689045255,0.17685095243341975,0.14124052698893463,0.5327788523533205,0.5369318181818181,0.5285029683141407,0.5420034332308132,0.30939179982658244,0.1537210454601759,0.46999726857034946,0.46894735644735647,0.4482857937390752,,,,1562.555621302643,1547.9263422113493
Vladimir Ivanov,20150914-M-Szczecin_CH-R32-Inigo_Cervantes_Huegun-Vladimir_Ivanov,0.5165145005370569,0.8617206548241031,0.6405797101449275,0.11278195488721804,0.011904761904761904,0.5419985202593899,0.220044400739019,0.15066452112759998,0.601010101010101,0.3333333333333333,0.6527777777777778,0.45138888888888884,0.46365007541478126,0.20160884866767217,0.6326530612244898,0.56,0.6,0.6090138674884438,0.6794871794871795,0.6622023809523809,1486.1721796717984,1486.1721796717984
Vladimir Voltchkov,20000708-M-Wimbledon-SF-Pete_Sampras-Vladimir_Voltchkov,,,,,,,,,,,,,,,,,,,,,1500.0,1500.0
Wally Masur,19930904-M-US_Open-SF-Cedric_Pioline-Wally_Masur,0.6246646795827124,0.6058059587471352,0.4015873015873016,0.044560357675111774,0.044560357675111774,0.25594315245478033,0.1325,0.11826923076923077,0.4258241758241758,0.6862745098039216,0.4892857142857143,0.6285714285714286,0.3137254901960784,0.05024509803921569,0.45098039215686275,0.40384615384615385,0.0,0.3888888888888889,0.38461538461538464,0.4,1492.351795163097,1476.5433657464407
Wayne Arthurs,20010604-M-Roland_Garros-R16-Wayne_Arthurs-Roger_Federer,,,,,,,,,,,,,,,,,,,,,1500.0,1500.0
Wayne Ferreira,20030125-M-Australian_Open-SF-Wayne_Ferreira-Andre_Agassi,0.5373967943089906,0.6752914321380109,0.5035121646193318,0.08283244780689039,0.03244174276428393,0.3762578320125288,0.17543149625681786,0.20685076283531073,0.4782934914334716,0.6764868489981612,0.6207209553405044,0.5496235124067612,0.3589907208176439,0.17844660681199143,0.4534232572796213,0.5379486717771947,0.5587886463574958,0.4970946150622898,0.4849836128783497,0.4618562705546435,1486.0109054296358,1482.0274220878714
Wayne Odesnik,20090412-M-Houston-F-Wayne_Odesnik-Lleyton_Hewitt,,,,,,,,,,,,,,,,,,,,,1500.0,1500.0
Werner Eschauer,20070628-M-Wimbledon-R64-Werner_Eschauer-Rafael_Nadal,,,,,,,,,,,,,,,,,,,,,1500.0,1500.0
Wesley Moodie,20061003-M-Tokyo-R16-Roger_Federer-Wesley_Moodie,0.6833333333333333,0.6585365853658537,0.631578947368421,0.06666666666666667,0.0,0.3333333333333333,0.16666666666666666,0.11403508771929824,0.42105263157894735,0.5,0.5652173913043478,0.8260869565217391,0.38461538461538464,0.07692307692307693,,,,0.48,0.6,0.42857142857142855,1484.6755782413602,1483.0036784077952
William Rejchtman Vinciguerra,20250714-M-Bastad-R32-Jesper_De_Jong-William_Rejchtman_Vinciguerra,,,,,,,,,,,,,,,,,,,,,1500.0,1500.0
Wojtek Fibak,19820531-M-Roland_Garros-R16-Yannick_Noah-Wojtek_Fibak,,,,,,,,,,,,,,,,,,,,,1500.0,1500.0
Xavier Malisse,20110122-M-Australian_Open-R32-Roger_Federer-Xavier_Malisse,0.5246907621907622,0.6739174532207319,0.4978687127024723,0.08068008484675152,0.03202845702845703,0.3893333333333333,0.13555458874947693,0.18336163639678016,0.4386534100819815,0.6452991452991453,0.6448924731182796,0.5122208436724566,0.33158082094252306,0.14210684848982721,,,,0.49545012165450125,0.5000627510040161,0.4658420358414408,1460.1558545024272,1493.1935701848854
Yannick Hanfmann,20251107-M-Athens-SF-Novak_Djokovic-Yannick_Hanfmann,0.6613814415933882,0.6310903209130696,0.5234680354981107,0.04803225103005311,0.023559015960832513,0.34887971122139605,0.18742648118487937,0.18917957686753617,0.5082918184209456,0.492656549799407,0.5591440205563684,0.6642556645534871,0.3566791529458277,0.1642902795391881,0.44491508372433414,0.4584826762246117,0.4727272727272728,0.4650210983892091,0.49336414986414984,0.4961154127202721,1450.345635312335,1429.2164908602192
Yannick Maden,20190207-M-Sofia-R16-Yannick_Maden-Marton_Fucsovics,0.6170212765957447,0.7931034482758621,0.4444444444444444,0.02127659574468085,0.02127659574468085,0.5652173913043478,0.15053763440860216,0.13978494623655913,0.42857142857142855,1.0,0.7368421052631579,0.7894736842105263,0.6,0.15,0.6136363636363636,0.6,0.6206896551724138,,,,1513.0207269229707,1500.0
Yannick Mertens,20151005-M-Mons_CH-Q3-Yannick_Mertens-Scott_Griekspoor,0.6545454545454545,0.5555555555555556,0.47368421052631576,0.01818181818181818,0.0,0.2127659574468085,0.058823529411764705,0.22549019607843138,0.6666666666666666,0.5,0.6,0.72,0.26666666666666666,0.26666666666666666,,,,0.36363636363636365,0.36,0.5454545454545454,1484.0,1484.0
Yannick Noah,19911029-M-Paris_Masters-R64-Yannick_Noah-Fabrice_Santoro,0.5282130379799783,0.6799253374954339,0.5050952945102157,0.07998623738994597,0.024645385399543307,0.41064390629474307,0.1879259607550207,0.1527793290701471,0.4307480039561932,0.5552579365079365,0.6193218954108592,0.5218187597717534,0.40831089231540574,0.14443576910843237,0.5468254185359449,0.43635091237635654,0.3708679833679834,0.5237221869040051,0.5027020676691729,0.4667392815805149,1492.4431198037364,1524.484214691458
Yasutaka Uchiyama,20230111-M-Nonthaburi_CH-R16-Yasutaka_Uchiyama-Evgeny_Donskoy,0.6385416666666667,0.7472934472934473,0.49193548387096775,0.11354166666666667,0.03333333333333333,0.33197747183979975,0.16117698726394378,0.10872310057092666,0.4769736842105263,0.5476190476190476,0.5982236154649948,0.5961337513061651,0.35324675324675325,0.05887445887445887,,,,0.49460547504025765,0.4393939393939394,0.5208333333333333,1469.148681027343,1469.1213189369662
Yen Hsun Lu,20150119-M-Australian_Open-R128-Yen_Hsun_Lu-Roger_Federer,,,,,,,,,,,,,,,,,,,,,1500.0,1500.0
Yevgeny Kafelnikov,20020920-M-Davis_Cup_World_Group_SF-RR-Yevgeny_Kafelnikov-Gaston_Gaudio,0.5521135827182037,0.7237832834796417,0.486174507173792,0.07812385387360546,0.05432997831375215,0.33788262870776176,0.15759591423452093,0.18053262944794743,0.3994791940440717,0.5134087868726588,0.6244321068860393,0.5365060834647999,0.34809817860232894,0.14720213952726743,0.48807378255816314,0.4706536692095083,0.4940725197772927,0.4645052735093135,0.4518775399203247,0.4984993777569679,1677.4724251219184,1677.8599819935575
Yi Zhou,20251002-M-Shanghai_Masters-R128-Jesper_De_Jong-Yi_Zhou,,,,,,,,,,,,,,,,,,,,,1500.0,1500.0
Yibing Wu,20250922-M-Hangzhou-SF-Yibing_Wu-Alexander_Bublik,0.6185257213991276,0.678902317845952,0.5767157897386521,0.05619871616451266,0.025672862603140452,0.34899293667374226,0.1860120643352655,0.1920685026239494,0.514608187134503,0.6146464646464647,0.6343467834993259,0.6081560429018056,0.3427019526987597,0.18636767828934292,0.5045401205449368,0.46296296296296297,0.5433163371056668,,,,1558.9875709242806,1540.7639289679344
Yoshihito Nishioka,20250721-M-Washington-R64-Yoshihito_Nishioka-Jenson_Brooksby,0.6444331854382452,0.6152941458567063,0.508732148455791,0.025008185297737053,0.026602467712104637,0.330560675396619,0.13214502218777713,0.16380430730696555,0.45881145472221946,0.5185313090485504,0.561360118338033,0.6384419706170685,0.3493698544861007,0.08822172981717549,0.4838514803290289,0.4660867789441025,0.5393121600482343,0.4188153274911843,0.4423815269354546,0.4936675482304519,1374.9731127589625,1382.192308465966
Yosuke Watanuki,20250311-M-Indian_Wells_Masters-R16-Yosuke_Watanuki-Tallon_Griekspoor,0.5048171275646745,0.7752454417952315,0.4987244897959184,0.14174843889384478,0.06021409455842997,0.3113028995381937,0.19577194629229072,0.20243439578827083,0.45273899033297527,0.625,0.6255910165484634,0.4775413711583924,0.3185763888888889,0.19444444444444445,,,,0.46778426890187114,0.47771836007130125,0.5583333333333333,1478.8262102121432,1485.677867651957
Younes El Aynaoui,20030628-M-Wimbledon-R32-Andre_Agassi-Younes_El_Aynaoui,0.6816237931704788,0.775104748603352,0.47619047619047616,0.15186613101794855,0.03220371930279271,0.25982598259825984,0.22541507615906312,0.14597617018122522,0.4482031536486982,0.7346153846153847,0.6385416666666667,0.6410984848484849,0.3097094259390503,0.1451098511693834,,,,0.5128453878161672,0.4157640232108317,0.45308641975308644,1475.1409199755076,1500.0
Younes Lalami Laaroussi,20230403-M-Marrakech-R32-Younes_Lalami_Laaroussi-Alexei_Popyrin,,,,,,,,,,,,,,,,,,,,,1500.0,1500.0
Yu Hsiou Hsu,20231008-M-Shanghai_Masters-R32-Yu_Hsiou_Hsu-Hubert_Hurkacz,0.7254901960784313,0.581081081081081,0.35714285714285715,0.029411764705882353,0.0196078431372549,0.20634920634920634,0.10909090909090909,0.2606060606060606,0.3888888888888889,0.5714285714285714,0.5294117647058824,0.6666666666666666,0.2727272727272727,0.09090909090909091,0.42105263157894735,0.3333333333333333,0.41935483870967744,,,,1509.7165802758966,1511.996906196737
Yuichi Ito,20151109-M-Kobe_CH-R16-Yoshihito_Nishioka-Yuichi_Ito,,,,,,,,,,,,,,,,,,,,,1500.0,1500.0
Yuichi Sugita,20210827-M-US_Open-Q3-Ivo_Karlovic-Yuichi_Sugita,0.5589673754308079,0.5815827491474044,0.5103438228438228,0.05060824230387289,0.036194798177463634,0.42712696804862094,0.08690139942291406,0.20521400095410422,0.5232456140350877,0.6708333333333334,0.6121031746031746,0.5396825396825397,0.42339229049755367,0.1436160567739515,0.4380165289256198,0.6181818181818182,0.5652173913043478,0.4769509795282991,0.4872372372372373,0.4503968253968254,1477.099491250774,1496.541872908525
Yuki Bhambri,20171016-M-Moscow-R32-Roman_Safiullin-Yuki_Bhambri,0.7647058823529411,0.8461538461538461,0.75,0.058823529411764705,0.029411764705882353,0.6285714285714286,0.17391304347826086,0.057971014492753624,0.5,,0.8,0.9,0.7692307692307693,0.0,0.7115384615384616,0.9,0.5714285714285714,,,,1516.0,1500.0
Zachary Svajda,20250827-M-US_Open-R64-Zachary_Svajda-Novak_Djokovic,0.5802721088435374,0.680672268907563,0.31875,0.04914965986394557,0.016666666666666666,0.2296511627906977,0.1000402576489533,0.12842190016103058,0.55,0.45238095238095233,0.50682261208577,0.5828460038986355,0.2095238095238095,0.10476190476190475,0.40606060606060607,0.31527093596059114,0.4917763157894737,,,,1531.2960192542907,1531.347911390177
Zdenek Kolar,20220526-M-Roland_Garros-R64-Stefanos_Tsitsipas-Zdenek_Kolar,0.6493506493506493,0.64,0.4074074074074074,0.0,0.012987012987012988,0.36363636363636365,0.11888111888111888,0.23076923076923078,0.7647058823529411,0.5,0.4666666666666667,0.5666666666666667,0.3684210526315789,0.15789473684210525,0.4098360655737705,0.4,0.5957446808510638,,,,1515.3635413584034,1515.3635413584034
Ze Zhang,20190319-M-Zhangjiagang_CH-R32-Karim_Mohamed_Maamoun-Ze_Zhang,0.7421142369991475,0.5541795665634675,0.358974358974359,0.062020460358056265,0.030477408354646206,0.26360225140712945,0.14306439013502958,0.25036268273630174,0.4375,0.4,0.44508009153318073,0.7254004576659039,0.13257575757575757,0.3106060606060606,,,,0.4014369933677229,0.4031620553359684,0.3484848484848485,1475.2811897404397,1474.9857920962897
Zeljko Krajan,20021008-M-Vienna-R32-Roger_Federer-Zeljko_Krajan,,,,,,,,,,,,,,,,,,,,,1500.0,1500.0
Zhe Li,20190212-M-Bangkok_CH-R32-Zhe_Li-Thiemo_De_Bakker,0.6,0.5277777777777778,0.375,0.03333333333333333,0.016666666666666666,0.32653061224489793,0.11009174311926606,0.30275229357798167,0.4166666666666667,0.5833333333333334,0.52,0.56,0.2631578947368421,0.47368421052631576,0.41509433962264153,0.5,0.3125,,,,1511.5562392802085,1511.687689768295
Zhizhen Zhang,20260319-M-Miami_Masters-R128-Zhizhen_Zhang-Adrian_Mannarino,0.6236278281531148,0.7314166403470505,0.49570145725149606,0.10315232875538123,0.02847889988426723,0.28830171682109307,0.19899225011107438,0.17899878352663115,0.3828460999119899,0.5632740275597419,0.6620240237374546,0.6072434320102853,0.279884459713178,0.13791333625746868,0.48971673878020533,0.4188761011651037,0.5074805194805194,0.4703938089286677,0.4029307402922168,0.5171080815024115,1408.6525542079637,1420.9915795966074
Ziga Sesko,20260201-M-Australian_Open_Juniors-F-Ziga_Sesko-Keaton_Hance,0.6935483870967742,0.7674418604651163,0.5789473684210527,0.0967741935483871,0.016129032258064516,0.4406779661016949,0.2066115702479339,0.18181818181818182,0.48,1.0,0.6551724137931034,0.6551724137931034,0.4074074074074074,0.2962962962962963,,,,0.5303030303030303,0.7027027027027027,0.5,1484.0,1484.0
Zizou Bergs,20260120-M-Australian_Open-R128-Hubert_Hurkacz-Zizou_Bergs,0.6286288728854084,0.7170206834953288,0.4928881185382926,0.09573687277345479,0.038638386363743976,0.3414539858106294,0.2012797732200669,0.1895278554795177,0.4294851517274406,0.5322048611111111,0.6293586866478722,0.6547729156810147,0.3050974432549803,0.16573961390345499,0.4912814235947651,0.4567901234567901,0.3635422548466027,0.475458815283317,0.5277787711995611,0.5178574633818347,1388.3714729304788,1363.9531619846998
Zsombor Piros,20250205-M-Chennai_CH-R32-Zsombor_Piros-Oleksandr_Ovcharenko,0.5696649029982364,0.6012228260869565,0.4458333333333333,0.03295855379188713,0.04254850088183421,0.37396959150027476,0.15950339050658158,0.19602612684483448,0.5019607843137255,0.6125,0.5933333333333333,0.51,0.4,0.13055555555555554,0.44554455445544555,0.5681818181818182,0.5897435897435898,0.40298507462686567,0.39285714285714285,0.35714285714285715,1498.1399114580229,1481.4089260734086
