match_id,Winner
19600529-M-Roland_Garros-F-Nicola_Pietrangeli-Luis_Ayala,1
19600704-M-Wimbledon-F-Rod_Laver-Neale_Fraser,2
19690703-M-Wimbledon-SF-Rod_Laver-Arthur_Ashe,1
19690706-M-Wimbledon-F-John_Newcombe-Rod_Laver,2
19690907-M-US_Open-F-Rod_Laver-Tony_Roche,1
19700704-M-Wimbledon-F-John_Newcombe-Ken_Rosewall,1
19710704-M-Wimbledon-F-John_Newcombe-Stan_Smith,1
19710916-M-US_Open-F-Jan_Kodes-Stan_Smith,2
19720910-M-US_Open-F-Arthur_Ashe-Ilie_Nastase,2
19730603-M-Roland_Garros-F-Nikola_Pilic-Ilie_Nastase,2
19730909-M-US_Open-F-Jan_Kodes-John_Newcombe,2
19740707-M-Wimbledon-F-Ken_Rosewall-Jimmy_Connors,2
19740714-M-Bastad-F-Bjorn_Borg-Adriano_Panatta,1
19740908-M-US_Open-F-Ken_Rosewall-Jimmy_Connors,2
19750101-M-Australian_Open-F-Jimmy_Connors-John_Newcombe,2
19750703-M-Wimbledon-SF-Tony_Roche-Arthur_Ashe,2
19750907-M-US_Open-F-Manuel_Orantes-Jimmy_Connors,1
19751219-M-Davis_Cup_World_Group_F-RR-Bjorn_Borg-Jiri_Hrebec,1
19760611-M-Roland_Garros-QF-Raul_Ramirez-Balazs_Taroczy,1
19761011-M-WITC_Hilton_Head-SF-Rod_Laver-Bjorn_Borg,2
19770109-M-Australian_Open-F-Roscoe_Tanner-Guillermo_Vilas,1
19770911-M-US_Open-F-Guillermo_Vilas-Jimmy_Connors,1
19780108-M-Tour_Finals-F-Bjorn_Borg-Jimmy_Connors,2
19780125-M-Pepsi_Grand_Slam-SF-Brian_Gottfried-Bjorn_Borg,2
19780611-M-Roland_Garros-F-Bjorn_Borg-Guillermo_Vilas,1
19780715-M-Forest_Hills_WCT-SF-Ilie_Nastase-John_Mcenroe,1
19790107-M-Australian_Open-F-John_Marks-Guillermo_Vilas,2
19790114-M-Masters-F-Arthur_Ashe-John_Mcenroe,2
19790922-M-Palermo-SF-Corrado_Barazzutti-Adriano_Panatta,1
19791005-M-Davis_Cup_SF-RR-Ivan_Lendl-Adriano_Panatta,2
19800112-M-Tour_Finals-SF-Vitas_Gerulaitis-Jimmy_Connors,1
19800113-M-Tour_Finals-F-Vitas_Gerulaitis-Bjorn_Borg,2
19800606-M-Roland_Garros-SF-Bjorn_Borg-Harold_Solomon,1
19800608-M-Roland_Garros-F-Vitas_Gerulaitis-Bjorn_Borg,2
19800705-M-Wimbledon-F-John_Mcenroe-Bjorn_Borg,2
19800705-M-Wimbledon-SF-Brian_Gottfried-Bjorn_Borg,2
19800705-M-Wimbledon-SF-John_Mcenroe-Jimmy_Connors,1
19800906-M-US_Open-SF-Johan_Kriek-Bjorn_Borg,2
19800906-M-US_Open-SF-John_Mcenroe-Jimmy_Connors,1
19800907-M-US_Open-F-John_Mcenroe-Bjorn_Borg,1
19801110-M-Stockholm-F-John_Mcenroe-Bjorn_Borg,2
19801205-M-Davis_Cup_World_Group_F-RR-Tomas_Smid-Adriano_Panatta,1
19810104-M-Australian_Open-F-Kim_Warwick-Brian_Teacher,2
19810118-M-Tour_Finals-F-Ivan_Lendl-Bjorn_Borg,2
19810605-M-Roland_Garros-SF-Jose_Luis_Clerc-Ivan_Lendl,2
19810605-M-Roland_Garros-SF-Victor_Pecci-Bjorn_Borg,2
19810607-M-Roland_Garros-F-Bjorn_Borg-Ivan_Lendl,1
19810703-M-Wimbledon-SF-Bjorn_Borg-Jimmy_Connors,1
19810703-M-Wimbledon-SF-John_Mcenroe-Rod_Frawley,1
19810704-M-Wimbledon-F-John_Mcenroe-Bjorn_Borg,1
19810911-M-US_Open-SF-Vitas_Gerulaitis-John_Mcenroe,2
19810912-M-US_Open-SF-Jimmy_Connors-Bjorn_Borg,2
19810913-M-US_Open-F-John_Mcenroe-Bjorn_Borg,1
19820113-M-Tour_Finals-F-Vitas_Gerulaitis-Ivan_Lendl,2
19820508-M-Forest_Hills-F-Eddie_Dibbs-Ivan_Lendl,2
19820531-M-Roland_Garros-R16-Mats_Wilander-Ivan_Lendl,1
19820531-M-Roland_Garros-R16-Yannick_Noah-Wojtek_Fibak,1
19820606-M-Roland_Garros-F-Guillermo_Vilas-Mats_Wilander,2
19820703-M-Wimbledon-SF-Mark_Edmondson-Jimmy_Connors,2
19820704-M-Wimbledon-F-John_Mcenroe-Jimmy_Connors,2
19820709-M-Davis_Cup_EUR_SF-RR-Ivan_Lendl-Yannick_Noah,2
19820911-M-US_Open-SF-John_Mcenroe-Ivan_Lendl,2
19820912-M-US_Open-F-Jimmy_Connors-Ivan_Lendl,1
19821213-M-Australian_Open-F-Steve_Denton-Johan_Kriek,2
19830123-M-Tour_Finals-F-John_Mcenroe-Ivan_Lendl,2
19830603-M-Roland_Garros-SF-Mats_Wilander-Jose_Higueras,1
19830603-M-Roland_Garros-SF-Yannick_Noah-Christophe_Roger_Vasselin,1
19830605-M-Roland_Garros-F-Mats_Wilander-Yannick_Noah,2
19830701-M-Wimbledon-SF-Chris_Lewis-Kevin_Curren,1
19830701-M-Wimbledon-SF-John_Mcenroe-Ivan_Lendl,1
19830703-M-Wimbledon-F-Chris_Lewis-John_Mcenroe,2
19830909-M-US_Open-SF-Jimmy_Arias-Ivan_Lendl,2
19830909-M-US_Open-SF-Jimmy_Connors-Bill_Scanlon,1
19830911-M-US_Open-F-Jimmy_Connors-Ivan_Lendl,1
19831209-M-Australian_Open-SF-Mats_Wilander-John_Mcenroe,1
19831211-M-Australian_Open-F-Mats_Wilander-Ivan_Lendl,1
19840115-M-Tour_Finals-F-John_Mcenroe-Ivan_Lendl,1
19840311-M-Brussels-F-John_Mcenroe-Ivan_Lendl,1
19840506-M-Forest_Hills_WCT-F-John_Mcenroe-Ivan_Lendl,1
19840526-M-Dusseldorf-F-John_Mcenroe-Ivan_Lendl,1
19840606-M-Roland_Garros-QF-John_Mcenroe-Jimmy_Arias,1
19840608-M-Roland_Garros-SF-John_Mcenroe-Jimmy_Connors,1
19840608-M-Roland_Garros-SF-Mats_Wilander-Ivan_Lendl,2
19840610-M-Roland_Garros-F-John_Mcenroe-Ivan_Lendl,2
19840706-M-Wimbledon-SF-Ivan_Lendl-Jimmy_Connors,2
19840706-M-Wimbledon-SF-Pat_Cash-John_Mcenroe,2
19840708-M-Wimbledon-F-John_Mcenroe-Jimmy_Connors,1
19840713-M-Davis_Cup_EUR_SF-RR-Henri_Leconte-Ivan_Lendl,1
19840908-M-US_Open-SF-John_Mcenroe-Jimmy_Connors,1
19840908-M-US_Open-SF-Pat_Cash-Ivan_Lendl,2
19840909-M-US_Open-F-John_Mcenroe-Ivan_Lendl,1
19841209-M-Australian_Open-F-Mats_Wilander-Kevin_Curren,1
19850106-M-Young_Masters-F-Boris_Becker-Stefan_Edberg,1
19850108-M-Tour_Finals-F-Ivan_Lendl-John_Mcenroe,2
19850406-M-Monte_Carlo_Masters-SF-Henrik_Sundstrom-Ivan_Lendl,2
19850414-M-Dallas_WCT-F-Ivan_Lendl-Tim_Mayotte,1
19850519-M-Rome-F-Miloslav_Mecir-Yannick_Noah,2
19850520-M-Dusseldorf-RR-Henri_Leconte-Ivan_Lendl,1
19850527-M-Roland_Garros-QF-Ivan_Lendl-Martin_Jaite,1
19850608-M-Roland_Garros-SF-Jimmy_Connors-Ivan_Lendl,2
19850608-M-Roland_Garros-SF-John_Mcenroe-Mats_Wilander,2
19850609-M-Roland_Garros-F-Mats_Wilander-Ivan_Lendl,1
19850629-M-Wimbledon-R32-Joakim_Nystrom-Boris_Becker,2
19850701-M-Wimbledon-R16-Boris_Becker-Tim_Mayotte,1
19850703-M-Wimbledon-QF-Boris_Becker-Henri_Leconte,1
19850703-M-Wimbledon-QF-John_Mcenroe-Kevin_Curren,2
19850705-M-Wimbledon-SF-Anders_Jarryd-Boris_Becker,2
19850705-M-Wimbledon-SF-Kevin_Curren-Jimmy_Connors,1
19850707-M-Wimbledon-F-Boris_Becker-Kevin_Curren,1
19850728-M-Indianapolis-SF-Ivan_Lendl-Boris_Becker,1
19850818-M-Canada_Masters-F-John_Mcenroe-Ivan_Lendl,1
19850825-M-Cincinnati-F-Mats_Wilander-Boris_Becker,2
19850907-M-US_Open-SF-Ivan_Lendl-Jimmy_Connors,1
19850907-M-US_Open-SF-Mats_Wilander-John_Mcenroe,2
19850908-M-US_Open-F-John_Mcenroe-Ivan_Lendl,2
19851004-M-Davis_Cup_World_Group_SF-RR-Boris_Becker-Libor_Pimek,1
19851027-M-Tokyo_Indoor-F-Mats_Wilander-Ivan_Lendl,2
19851103-M-Antwerp-F-John_Mcenroe-Ivan_Lendl,2
19851117-M-Wembley-F-Boris_Becker-Ivan_Lendl,2
19851202-M-Australian_Open-R16-Henri_Leconte-John_Mcenroe,2
19851206-M-Australian_Open-SF-Mats_Wilander-Slobodan_Zivojinovic,1
19851207-M-Australian_Open-SF-Stefan_Edberg-Ivan_Lendl,1
19851208-M-Australian_Open-F-Stefan_Edberg-Mats_Wilander,1
19851222-M-Davis_Cup_World_Group_F-RR-Boris_Becker-Stefan_Edberg,1
19851222-M-Davis_Cup_World_Group_F-RR-Michael_Westphal-Stefan_Edberg,2
19851227-M-Suntory_Cup-F-John_Mcenroe-Ivan_Lendl,2
19860114-M-Tour_Finals-F-Boris_Becker-Ivan_Lendl,2
19860330-M-Chicago-F-Boris_Becker-Ivan_Lendl,1
19860413-M-Dallas_WCT-SF-Boris_Becker-Stefan_Edberg,1
19860518-M-Rome_Masters-F-Emilio_Sanchez-Ivan_Lendl,2
19860606-M-Roland_Garros-SF-Henri_Leconte-Mikael_Pernfors,2
19860607-M-Roland_Garros-SF-Johan_Kriek-Ivan_Lendl,2
19860608-M-Roland_Garros-F-Mikael_Pernfors-Ivan_Lendl,2
19860624-M-Wimbledon-R128-Guillermo_Vilas-Pat_Cash,2
19860704-M-Wimbledon-SF-Henri_Leconte-Boris_Becker,2
19860704-M-Wimbledon-SF-Ivan_Lendl-Slobodan_Zivojinovic,1
19860706-M-Wimbledon-F-Boris_Becker-Ivan_Lendl,1
19860810-M-Stratton_Mountain-F-Boris_Becker-Ivan_Lendl,2
19860817-M-Canada_Masters-F-Stefan_Edberg-Boris_Becker,2
19860826-M-US_Open-R128-John_Mcenroe-Paul_Annacone,2
19860904-M-US_Open-QF-Henri_Leconte-Ivan_Lendl,2
19860906-M-US_Open-SF-Miloslav_Mecir-Boris_Becker,1
19860906-M-US_Open-SF-Stefan_Edberg-Ivan_Lendl,2
19860907-M-US_Open-F-Miloslav_Mecir-Ivan_Lendl,2
19861026-M-Tokyo_Indoor-F-Stefan_Edberg-Boris_Becker,2
19861102-M-Paris_Masters-F-Sergio_Casal-Boris_Becker,2
19861109-M-Stockholm-F-Mats_Wilander-Stefan_Edberg,2
19861206-M-Tour_Finals-SF-Stefan_Edberg-Boris_Becker,2
19861207-M-Tour_Finals-F-Boris_Becker-Ivan_Lendl,2
19870123-M-Australian_Open-SF-Pat_Cash-Ivan_Lendl,1
19870123-M-Australian_Open-SF-Wally_Masur-Stefan_Edberg,2
19870125-M-Australian_Open-F-Stefan_Edberg-Pat_Cash,1
19870222-M-Indian_Wells-F-Stefan_Edberg-Boris_Becker,2
19870306-M-Key_Biscayne-SF-Jimmy_Connors-Ivan_Lendl,2
19870503-M-Hamburg-F-Miloslav_Mecir-Ivan_Lendl,2
19870513-M-Rome-R32-Paolo_Cane-Jonas_Svensson,1
19870516-M-Rome_Masters-SF-Mats_Wilander-John_Mcenroe,1
19870524-M-Rome_Masters-F-Mats_Wilander-Martin_Jaite,1
19870603-M-Roland_Garros-QF-Andres_Gomez-Ivan_Lendl,2
19870603-M-Roland_Garros-QF-Boris_Becker-Jimmy_Connors,1
19870605-M-Roland_Garros-SF-Mats_Wilander-Boris_Becker,1
19870605-M-Roland_Garros-SF-Miloslav_Mecir-Ivan_Lendl,2
19870607-M-Roland_Garros-F-Mats_Wilander-Ivan_Lendl,2
19870623-M-Wimbledon-R128-Pat_Cash-Marcel_Freeman,1
19870626-M-Wimbledon-R64-Peter_Doohan-Boris_Becker,1
19870630-M-Wimbledon-R16-Mikael_Pernfors-Jimmy_Connors,2
19870701-M-Wimbledon-QF-Pat_Cash-Mats_Wilander,1
19870704-M-Wimbledon-SF-Pat_Cash-Jimmy_Connors,1
19870704-M-Wimbledon-SF-Stefan_Edberg-Ivan_Lendl,2
19870705-M-Wimbledon-F-Pat_Cash-Ivan_Lendl,1
19870724-M-Davis_Cup_World_Group_PO-RR-John_Mcenroe-Boris_Becker,2
19870816-M-Canada_Masters-F-Stefan_Edberg-Ivan_Lendl,2
19870823-M-Cincinnati-F-Boris_Becker-Stefan_Edberg,2
19870901-M-US_Open-QF-John_Mcenroe-Ivan_Lendl,2
19870901-M-US_Open-R128-Boris_Becker-Tim_Wilkison,1
19870903-M-US_Open-R32-Andrew_Castle-Boris_Becker,2
19870904-M-US_Open-R64-Stefan_Edberg-Dan_Goldie,1
19870905-M-US_Open-R32-John_Mcenroe-Slobodan_Zivojinovic,1
19870906-M-US_Open-R32-Stefan_Edberg-Kelly_Evernden,1
19870907-M-US_Open-R16-Brad_Gilbert-Boris_Becker,1
19870912-M-US_Open-SF-Jimmy_Connors-Ivan_Lendl,2
19870912-M-US_Open-SF-Stefan_Edberg-Mats_Wilander,2
19870914-M-US_Open-F-Ivan_Lendl-Mats_Wilander,1
19871025-M-Tokyo_Indoor-F-Stefan_Edberg-Ivan_Lendl,1
19871108-M-Stockholm-F-Jonas_Svensson-Stefan_Edberg,2
19871204-M-Tour_Finals-RR-Mats_Wilander-Stefan_Edberg,2
19871206-M-Tour_Finals-F-Mats_Wilander-Ivan_Lendl,2
19880122-M-Australian_Open-SF-Pat_Cash-Ivan_Lendl,1
19880123-M-Australian_Open-SF-Stefan_Edberg-Mats_Wilander,2
19880124-M-Australian_Open-F-Pat_Cash-Mats_Wilander,2
19880305-M-Indian_Wells_Masters-SF-Boris_Becker-Andre_Agassi,1
19880403-M-Dallas_WCT-F-Stefan_Edberg-Boris_Becker,2
19880427-M-Hamburg-R32-Boris_Becker-Mansour_Bahrami,1
19880524-M-Monte_Carlo_Masters-F-Martin_Jaite-Ivan_Lendl,2
19880528-M-Roland_Garros-R32-Thomas_Muster-Boris_Becker,2
19880602-M-Roland_Garros-QF-Henri_Leconte-Boris_Becker,1
19880604-M-Roland_Garros-SF-Jonas_Svensson-Henri_Leconte,2
19880604-M-Roland_Garros-SF-Mats_Wilander-Andre_Agassi,1
19880605-M-Roland_Garros-F-Mats_Wilander-Henri_Leconte,1
19880612-M-Queens_Club-F-Boris_Becker-Stefan_Edberg,1
19880629-M-Wimbledon-QF-Boris_Becker-Pat_Cash,1
19880701-M-Wimbledon-SF-Boris_Becker-Ivan_Lendl,1
19880702-M-Wimbledon-SF-Stefan_Edberg-Miloslav_Mecir,1
19880704-M-Wimbledon-F-Stefan_Edberg-Boris_Becker,1
19880722-M-Davis_Cup_World_Group_SF-RR-Stefan_Edberg-Henri_Leconte,1
19880813-M-Canada_Masters-SF-Jimmy_Connors-Ivan_Lendl,2
19880814-M-Canada_Masters-F-Ivan_Lendl-Kevin_Curren,1
19880901-M-US_Open-R64-John_Mcenroe-Mark_Woodforde,2
19880910-M-US_Open-SF-Andre_Agassi-Ivan_Lendl,2
19880911-M-US_Open-F-Mats_Wilander-Ivan_Lendl,1
19881010-M-Basel-F-Stefan_Edberg-Jakob_Hlasek,1
19881102-M-Tour_Finals-RR-Boris_Becker-Stefan_Edberg,2
19881111-M-Stuttgart_Classic-RR-John_Mcenroe-Ivan_Lendl,1
19881202-M-Masters_Cup-F-Boris_Becker-Ivan_Lendl,1
19881216-M-Davis_Cup_World_Group_F-RR-Stefan_Edberg-Boris_Becker,2
19890123-M-Australian_Open-R16-Jonas_Svensson-Boris_Becker,1
19890125-M-Australian_Open-QF-Ivan_Lendl-John_Mcenroe,1
19890127-M-Australian_Open-SF-Jan_Gunnarsson-Miloslav_Mecir,2
19890127-M-Australian_Open-SF-Thomas_Muster-Ivan_Lendl,2
19890129-M-Australian_Open-F-Ivan_Lendl-Miloslav_Mecir,1
19890304-M-Dallas_WCT-SF-John_Mcenroe-Ivan_Lendl,1
19890422-M-Tokyo_Outdoor-SF-John_Mcenroe-Stefan_Edberg,2
19890423-M-Nice-F-Jerome_Potier-Andrei_Chesnokov,2
19890424-M-Tokyo_Outdoor-F-Stefan_Edberg-Ivan_Lendl,1
19890430-M-Monte_Carlo_Masters-F-Alberto_Mancini-Boris_Becker,1
19890521-M-Rome_Masters-F-Andre_Agassi-Alberto_Mancini,2
19890609-M-Roland_Garros-SF-Michael_Chang-Andrei_Chesnokov,1
19890609-M-Roland_Garros-SF-Stefan_Edberg-Boris_Becker,1
19890611-M-Roland_Garros-F-Michael_Chang-Stefan_Edberg,1
19890629-M-Wimbledon-R64-Todd_Woodbridge-Stefan_Edberg,2
19890701-M-Wimbledon-SF-Stefan_Edberg-John_Mcenroe,1
19890705-M-Wimbledon-QF-Boris_Becker-Paul_Chamberlin,1
19890706-M-Wimbledon-QF-Stefan_Edberg-Tim_Mayotte,1
19890708-M-Wimbledon-SF-Ivan_Lendl-Boris_Becker,2
19890709-M-Wimbledon-F-Boris_Becker-Stefan_Edberg,1
19890721-M-Davis_Cup_World_Group_SF-RR-Boris_Becker-Andre_Agassi,1
19890819-M-Canada_Masters-SF-Ivan_Lendl-Andre_Agassi,1
19890820-M-Canada_Masters-F-John_Mcenroe-Ivan_Lendl,2
19890820-M-Cincinnati_Masters-F-Brad_Gilbert-Stefan_Edberg,1
19890905-M-US_Open-R16-Jimmy_Connors-Stefan_Edberg,1
19890907-M-US_Open-SF-Tim_Mayotte-Ivan_Lendl,2
19890909-M-US_Open-SF-Andre_Agassi-Ivan_Lendl,2
19890909-M-US_Open-SF-Boris_Becker-Aaron_Krickstein,1
19890910-M-US_Open-F-Boris_Becker-Ivan_Lendl,1
19891008-M-Basel-F-Jim_Courier-Stefan_Edberg,1
19891105-M-Paris_Masters-F-Stefan_Edberg-Boris_Becker,2
19891112-M-Stockholm_Masters-F-Ivan_Lendl-Magnus_Gustafsson,1
19891129-M-Tour_Finals-RR-Boris_Becker-Stefan_Edberg,1
19891130-M-Tour_Finals-RR-Andre_Agassi-Stefan_Edberg,2
19891202-M-Tour_Finals-SF-Stefan_Edberg-Ivan_Lendl,1
19891203-M-Tour_Finals-F-Stefan_Edberg-Boris_Becker,1
19891217-M-Davis_Cup_World_Group_F-RR-Mats_Wilander-Boris_Becker,2
19891217-M-Davis_Cup_World_Group_F-RR-Stefan_Edberg-Boris_Becker,2
19900121-M-Australian_Open-R16-John_Mcenroe-Mikael_Pernfors,2
19900122-M-Australian_Open-R16-Boris_Becker-Miloslav_Mecir,1
19900122-M-Australian_Open-R16-Jonas_Svensson-Stefan_Edberg,2
19900127-M-Australian_Open-SF-Mats_Wilander-Stefan_Edberg,2
19900128-M-Australian_Open-F-Ivan_Lendl-Stefan_Edberg,1
19900203-M-Australian_Open-SF-Yannick_Noah-Ivan_Lendl,2
19900210-M-Milan-SF-Pete_Sampras-Ivan_Lendl,2
19900225-M-Philadelphia-F-Pete_Sampras-Andres_Gomez,1
19900225-M-Stuttgart_Indoor-F-Ivan_Lendl-Boris_Becker,2
19900310-M-Indian_Wells_Masters-SF-Jim_Courier-Stefan_Edberg,2
19900311-M-Indian_Wells_Masters-F-Andre_Agassi-Stefan_Edberg,2
19900323-M-Miami_Masters-SF-Emilio_Sanchez-Stefan_Edberg,2
19900325-M-Miami_Masters-F-Andre_Agassi-Stefan_Edberg,1
19900415-M-Tokyo_Outdoor-F-Aaron_Krickstein-Stefan_Edberg,2
19900429-M-Monte_Carlo_Masters-F-Andrei_Chesnokov-Thomas_Muster,1
19900513-M-Hamburg_Masters-F-Juan_Aguilera-Boris_Becker,1
19900528-M-Roland_Garros-R128-Francisco_Clavet-Yannick_Noah,2
19900529-M-Roland_Garros-R128-Boris_Becker-Goran_Ivanisevic,2
19900530-M-Roland_Garros-R64-Marcelo_Filippini-Andres_Gomez,2
19900530-M-Roland_Garros-R64-Todd_Woodbridge-Andre_Agassi,2
19900602-M-Roland_Garros-R32-Goran_Ivanisevic-Patrik_Kuhnen,1
19900603-M-Roland_Garros-R16-Jim_Courier-Andre_Agassi,2
19900604-M-Roland_Garros-R16-Andrei_Chesnokov-Henri_Leconte,2
19900605-M-Roland_Garros-QF-Michael_Chang-Andre_Agassi,2
19900606-M-Roland_Garros-QF-Henri_Leconte-Jonas_Svensson,2
19900606-M-Roland_Garros-QF-Thierry_Champion-Andres_Gomez,2
19900609-M-Roland_Garros-SF-Andre_Agassi-Jonas_Svensson,1
19900609-M-Roland_Garros-SF-Andres_Gomez-Thomas_Muster,1
19900610-M-Roland_Garros-F-Andres_Gomez-Andre_Agassi,1
19900611-M-Queens_Club-F-Boris_Becker-Ivan_Lendl,2
19900611-M-Queens_Club-SF-John_Mcenroe-Ivan_Lendl,2
19900616-M-Queens_Club-SF-Stefan_Edberg-Boris_Becker,2
19900625-M-Wimbledon-R128-Boris_Becker-Luis_Herrera,1
19900626-M-Wimbledon-R128-John_Mcenroe-Derrick_Rostagno,2
19900702-M-Wimbledon-R16-Pat_Cash-Boris_Becker,2
19900702-M-Wimbledon-R16-Stefan_Edberg-Michael_Chang,1
19900706-M-Wimbledon-SF-Boris_Becker-Goran_Ivanisevic,1
19900707-M-Wimbledon-SF-Stefan_Edberg-Ivan_Lendl,1
19900708-M-Wimbledon-F-Boris_Becker-Stefan_Edberg,2
19900728-M-Canada_Masters-SF-Pete_Sampras-Michael_Chang,2
19900804-M-Los_Angeles-SF-Pete_Sampras-Stefan_Edberg,2
19900805-M-Los_Angeles-F-Michael_Chang-Stefan_Edberg,2
19900811-M-Cincinnati_Masters-SF-Andres_Gomez-Stefan_Edberg,2
19900812-M-Cincinnati_Masters-F-Brad_Gilbert-Stefan_Edberg,2
19900819-M-Indianapolis-F-Boris_Becker-Peter_Lundgren,1
19900826-M-Long_Island-F-Goran_Ivanisevic-Stefan_Edberg,2
19900829-M-US_Open-R64-Michael_Stich-Ivan_Lendl,2
19900830-M-US_Open-R64-Yannick_Noah-Boris_Becker,2
19900901-M-US_Open-R32-Tomas_Carbonell-Boris_Becker,2
19900902-M-US_Open-R16-John_Mcenroe-Emilio_Sanchez,1
19900903-M-US_Open-R16-Darren_Cahill-Boris_Becker,2
19900905-M-US_Open-QF-John_Mcenroe-David_Wheaton,1
19900906-M-US_Open-QF-Andrei_Cherkasov-Andre_Agassi,2
19900908-M-US_Open-SF-Andre_Agassi-Boris_Becker,1
19900908-M-US_Open-SF-John_Mcenroe-Pete_Sampras,2
19900909-M-US_Open-F-Andre_Agassi-Pete_Sampras,2
19900914-M-Bordeaux-QF-Fabrice_Santoro-Goran_Ivanisevic,2
19900930-M-Basel-F-John_Mcenroe-Goran_Ivanisevic,1
19901006-M-Sydney_Indoor-SF-Stefan_Edberg-Ivan_Lendl,1
19901007-M-Sydney_Indoor-F-Boris_Becker-Stefan_Edberg,1
19901014-M-Tokyo_Indoor-F-Ivan_Lendl-Boris_Becker,1
19901027-M-Stockholm_Masters-SF-Pete_Sampras-Boris_Becker,2
19901028-M-Stockholm-F-Stefan_Edberg-Boris_Becker,2
19901102-M-Paris_Masters-QF-Michael_Stich-Boris_Becker,2
19901103-M-Paris_Masters-SF-Boris_Becker-Jonas_Svensson,1
19901103-M-Paris_Masters-SF-Sergi_Bruguera-Stefan_Edberg,2
19901104-M-Paris_Masters-F-Boris_Becker-Stefan_Edberg,2
19901112-M-Tour_Finals-RR-Andre_Agassi-Stefan_Edberg,2
19901112-M-Tour_Finals-RR-Pete_Sampras-Andre_Agassi,2
19901115-M-Tour_Finals-RR-Pete_Sampras-Stefan_Edberg,2
19901117-M-Tour_Finals-SF-Boris_Becker-Andre_Agassi,2
19901117-M-Tour_Finals-SF-Ivan_Lendl-Stefan_Edberg,2
19901118-M-Tour_Finals-F-Andre_Agassi-Stefan_Edberg,1
19901215-M-Grand_Slam_Cup-SF-Pete_Sampras-Michael_Chang,1
19901216-M-Grand_Slam_Cup-F-Pete_Sampras-Brad_Gilbert,1
19910118-M-Australian_Open-R32-Omar_Camporese-Boris_Becker,2
19910119-M-Australian_Open-R32-Pat_Cash-Stefan_Edberg,2
19910122-M-Australian_Open-QF-Guy_Forget-Boris_Becker,2
19910123-M-Australian_Open-QF-Jaime_Yzaga-Stefan_Edberg,2
19910125-M-Australian_Open-SF-Stefan_Edberg-Ivan_Lendl,2
19910126-M-Australian_Open-SF-Boris_Becker-Patrick_Mcenroe,1
19910127-M-Australian_Open-F-Ivan_Lendl-Boris_Becker,2
19910216-M-Philadelphia-SF-John_Mcenroe-Pete_Sampras,2
19910217-M-Philadelphia-F-Pete_Sampras-Ivan_Lendl,2
19910224-M-Memphis-F-Ivan_Lendl-Michael_Stich,1
19910224-M-Stuttgart_Indoor-F-Jonas_Svensson-Stefan_Edberg,2
19910303-M-Rotterdam-F-Omar_Camporese-Ivan_Lendl,1
19910309-M-Indian_Wells_Masters-SF-Guy_Forget-Stefan_Edberg,1
19910310-M-Indian_Wells_Masters-F-Jim_Courier-Guy_Forget,1
19910324-M-Miami_Masters-F-Jim_Courier-David_Wheaton,1
19910414-M-Tokyo_Outdoor-F-Stefan_Edberg-Ivan_Lendl,1
19910422-M-Monte_Carlo_Masters-R64-Jordi_Arrese-Bjorn_Borg,1
19910428-M-Monte_Carlo_Masters-F-Sergi_Bruguera-Boris_Becker,1
19910512-M-Hamburg_Masters-F-Karel_Novacek-Magnus_Gustafsson,1
19910519-M-Rome_Masters-F-Emilio_Sanchez-Alberto_Mancini,1
19910527-M-Roland_Garros-R128-John_Mcenroe-Andrei_Cherkasov,2
19910528-M-Roland_Garros-R128-Pete_Sampras-Thomas_Muster,1
19910530-M-Roland_Garros-R64-Pete_Sampras-Thierry_Champion,2
19910602-M-Roland_Garros-R16-Andrei_Cherkasov-Stefan_Edberg,2
19910604-M-Roland_Garros-QF-Michael_Chang-Boris_Becker,2
19910605-M-Roland_Garros-QF-Jim_Courier-Stefan_Edberg,1
19910607-M-Roland_Garros-SF-Andre_Agassi-Boris_Becker,1
19910607-M-Roland_Garros-SF-Jim_Courier-Michael_Stich,1
19910609-M-Roland_Garros-F-Andre_Agassi-Jim_Courier,2
19910616-M-Queens_Club-F-Stefan_Edberg-David_Wheaton,1
19910624-M-Wimbledon-R128-Marc_Rosset-Stefan_Edberg,2
19910702-M-Wimbledon-R16-John_Mcenroe-Stefan_Edberg,2
19910702-M-Wimbledon-R16-Michael_Stich-Alexander_Volkov,1
19910704-M-Wimbledon-QF-Andre_Agassi-David_Wheaton,2
19910704-M-Wimbledon-QF-Jim_Courier-Michael_Stich,2
19910704-M-Wimbledon-QF-Stefan_Edberg-Thierry_Champion,1
19910706-M-Wimbledon-SF-David_Wheaton-Boris_Becker,2
19910706-M-Wimbledon-SF-Michael_Stich-Stefan_Edberg,1
19910707-M-Wimbledon-F-Boris_Becker-Michael_Stich,2
19910721-M-Washington-F-Andre_Agassi-Petr_Korda,1
19910727-M-Canada_Masters-SF-Ivan_Lendl-Andrei_Chesnokov,2
19910727-M-Canada_Masters-SF-Jim_Courier-Petr_Korda,2
19910728-M-Canada_Masters-F-Petr_Korda-Andrei_Chesnokov,2
19910810-M-Cincinnati_Masters-SF-Boris_Becker-Guy_Forget,2
19910811-M-Cincinnati_Masters-F-Pete_Sampras-Guy_Forget,2
19910816-M-New_Haven-QF-John_Mcenroe-Goran_Ivanisevic,2
19910818-M-Indianapolis-F-Pete_Sampras-Boris_Becker,1
19910818-M-New_Haven-F-Petr_Korda-Goran_Ivanisevic,1
19910825-M-Long_Island-F-Stefan_Edberg-Ivan_Lendl,2
19910827-M-US_Open-R128-Jimmy_Connors-Patrick_Mcenroe,1
19910829-M-US_Open-R64-Jimmy_Connors-Michiel_Schapers,1
19910830-M-US_Open-R32-John_Mcenroe-Michael_Chang,2
19910901-M-US_Open-R16-Ivan_Lendl-Goran_Ivanisevic,1
19910902-M-US_Open-QF-Michael_Chang-Stefan_Edberg,2
19910902-M-US_Open-R16-Aaron_Krickstein-Jimmy_Connors,2
19910904-M-US_Open-QF-Javier_Sanchez-Stefan_Edberg,2
19910905-M-US_Open-QF-Jimmy_Connors-Paul_Haarhuis,1
19910905-M-US_Open-QF-Pete_Sampras-Jim_Courier,2
19910907-M-US_Open-SF-Ivan_Lendl-Stefan_Edberg,2
19910907-M-US_Open-SF-Jim_Courier-Jimmy_Connors,1
19910908-M-US_Open-F-Jim_Courier-Stefan_Edberg,2
19911005-M-Sydney-SF-Stefan_Edberg-Goran_Ivanisevic,1
19911006-M-Sydney-F-Brad_Gilbert-Stefan_Edberg,2
19911012-M-Tokyo_Indoor-SF-Stefan_Edberg-Goran_Ivanisevic,1
19911014-M-Tokyo_Indoor-F-Stefan_Edberg-Derrick_Rostagno,1
19911020-M-Lyon-F-Pete_Sampras-Olivier_Delaitre,1
19911026-M-Stockholm_Masters-SF-Aaron_Krickstein-Stefan_Edberg,2
19911026-M-Stockholm_Masters-SF-Jim_Courier-Boris_Becker,2
19911029-M-Paris_Masters-R64-Yannick_Noah-Fabrice_Santoro,1
19911102-M-Paris_Masters-SF-Jonas_Svensson-Guy_Forget,2
19911102-M-Paris_Masters-SF-Michael_Chang-Pete_Sampras,2
19911103-M-Paris_Masters-F-Pete_Sampras-Guy_Forget,2
19911112-M-Tour_Finals-RR-Andre_Agassi-Boris_Becker,1
19911112-M-Tour_Finals-RR-Guy_Forget-Ivan_Lendl,2
19911114-M-Tour_Finals-RR-Jim_Courier-Ivan_Lendl,2
19911114-M-Tour_Finals-RR-Karel_Novacek-Ivan_Lendl,2
19911114-M-Tour_Finals-RR-Pete_Sampras-Andre_Agassi,1
19911115-M-Tour_Finals-RR-Andre_Agassi-Michael_Stich,1
19911116-M-Tour_Finals-SF-Jim_Courier-Andre_Agassi,1
19911116-M-Tour_Finals-SF-Pete_Sampras-Ivan_Lendl,1
19911117-M-Tour_Finals-F-Pete_Sampras-Jim_Courier,1
19911214-M-Grand_Slam_Cup-SF-Michael_Chang-Ivan_Lendl,1
19911214-M-Grand_Slam_Cup-SF-Michael_Stich-David_Wheaton,2
19920117-M-Australian_Open-QF-Michael_Stich-Richard_Krajicek,2
19920117-M-Australian_Open-R32-John_Mcenroe-Boris_Becker,1
19920122-M-Australian_Open-QF-John_Mcenroe-Wayne_Ferreira,2
19920122-M-Australian_Open-QF-Stefan_Edberg-Ivan_Lendl,1
19920125-M-Australian_Open-SF-Wayne_Ferreira-Stefan_Edberg,2
19920126-M-Australian_Open-F-Jim_Courier-Stefan_Edberg,1
19920215-M-Brussels-SF-Stefan_Edberg-Boris_Becker,2
19920216-M-Brussels-F-Jim_Courier-Boris_Becker,2
19920223-M-Philadelphia-F-Pete_Sampras-Amos_Mansdorf,1
19920223-M-Stuttgart_Indoor-F-Stefan_Edberg-Goran_Ivanisevic,2
19920412-M-Tokyo_Outdoor-F-Richard_Krajicek-Jim_Courier,2
19920426-M-Monte_Carlo_Masters-F-Aaron_Krickstein-Thomas_Muster,2
19920503-M-Atlanta-F-Pete_Sampras-Andre_Agassi,2
19920503-M-Hamburg_Masters-SF-Michael_Stich-Boris_Becker,1
19920509-M-Hamburg_Masters-SF-Carlos_Costa-Stefan_Edberg,2
19920510-M-Hamburg_Masters-F-Stefan_Edberg-Michael_Stich,1
19920517-M-Rome_Masters-F-Jim_Courier-Carlos_Costa,1
19920525-M-Roland_Garros-R128-Pete_Sampras-Marc_Rosset,1
19920528-M-Roland_Garros-R64-Stefan_Edberg-Gabriel_Markus,1
19920529-M-Roland_Garros-R32-Goran_Prpic-Andre_Agassi,2
19920604-M-Roland_Garros-QF-Andre_Agassi-Pete_Sampras,1
19920606-M-Roland_Garros-SF-Jim_Courier-Andre_Agassi,1
19920606-M-Roland_Garros-SF-Petr_Korda-Henri_Leconte,1
19920607-M-Roland_Garros-F-Jim_Courier-Petr_Korda,1
19920612-M-Queens_Club-QF-Stefan_Edberg-Pat_Cash,1
19920623-M-Wimbledon-R128-Andre_Agassi-Andrei_Chesnokov,1
19920624-M-Wimbledon-R64-Gary_Muller-Stefan_Edberg,2
19920625-M-Wimbledon-R64-Andre_Agassi-Eduardo_Masso,1
19920625-M-Wimbledon-R64-John_Mcenroe-Pat_Cash,1
19920626-M-Wimbledon-R32-Andre_Agassi-Derrick_Rostagno,1
19920629-M-Wimbledon-R16-Andre_Agassi-Christian_Saceanu,1
19920701-M-Wimbledon-QF-Guy_Forget-John_Mcenroe,2
19920701-M-Wimbledon-QF-Pete_Sampras-Michael_Stich,1
19920704-M-Wimbledon-SF-John_Mcenroe-Andre_Agassi,2
19920704-M-Wimbledon-SF-Pete_Sampras-Goran_Ivanisevic,2
19920705-M-Wimbledon-F-Andre_Agassi-Goran_Ivanisevic,1
19920724-M-Canada_Masters-SF-Ivan_Lendl-Wally_Masur,1
19920725-M-Canada_Masters-SF-Andre_Agassi-Malivai_Washington,1
19920725-M-Kitzbuhel-SF-Pete_Sampras-Marcelo_Filippini,1
19920726-M-Canada_Masters-F-Andre_Agassi-Ivan_Lendl,1
19920808-M-Olympics-F-Marc_Rosset-Jordi_Arrese,1
19920815-M-Cincinnati_Masters-SF-Michael_Chang-Ivan_Lendl,2
19920815-M-Cincinnati_Masters-SF-Pete_Sampras-Stefan_Edberg,1
19920816-M-Cincinnati_Masters-F-Pete_Sampras-Ivan_Lendl,1
19920822-M-Indianapolis-SF-Pete_Sampras-Boris_Becker,1
19920823-M-Indianapolis-F-Jim_Courier-Pete_Sampras,2
19920823-M-New_Haven-F-Malivai_Washington-Stefan_Edberg,2
19920823-M-New_Haven-SF-Ivan_Lendl-Stefan_Edberg,2
19920901-M-US_Open-R128-Boris_Becker-Kevin_Curren,1
19920903-M-US_Open-QF-Ivan_Lendl-Stefan_Edberg,2
19920905-M-US_Open-R32-Pete_Sampras-Todd_Martin,1
19920905-M-US_Open-SF-Jim_Courier-Pete_Sampras,2
19920908-M-US_Open-R16-Ivan_Lendl-Boris_Becker,1
19920908-M-US_Open-R16-Richard_Krajicek-Stefan_Edberg,2
19920909-M-US_Open-QF-Jim_Courier-Andre_Agassi,1
19920912-M-US_Open-SF-Michael_Chang-Stefan_Edberg,2
19920913-M-US_Open-F-Pete_Sampras-Stefan_Edberg,2
19920925-M-Davis_Cup_World_Group_SF-RR-Andre_Agassi-Stefan_Edberg,1
19921021-M-Lyon-R32-Jeff_Tarango-Pete_Sampras,2
19921025-M-Lyon-F-Pete_Sampras-Cedric_Pioline,1
19921031-M-Stockholm_Masters-SF-Guy_Forget-Pete_Sampras,1
19921031-M-Stockholm_Masters-SF-Stefan_Edberg-Goran_Ivanisevic,2
19921101-M-Stockholm_Masters-F-Guy_Forget-Goran_Ivanisevic,2
19921103-M-Paris_Masters-R32-Stefan_Edberg-Andrei_Medvedev,1
19921108-M-Paris_Masters-F-Guy_Forget-Boris_Becker,2
19921116-M-Tour_Finals-RR-Stefan_Edberg-Boris_Becker,2
19921116-M-Tour_Finals-RR-Stefan_Edberg-Petr_Korda,1
19921118-M-Tour_Finals-RR-Pete_Sampras-Stefan_Edberg,1
19921121-M-Tour_Finals-SF-Boris_Becker-Goran_Ivanisevic,1
19921121-M-Tour_Finals-SF-Pete_Sampras-Jim_Courier,2
19921122-M-Tour_Finals-F-Jim_Courier-Boris_Becker,2
19921213-M-Grand_Slam_Cup-SF-Pete_Sampras-Michael_Stich,2
19930108-M-Doha-SF-Stefan_Edberg-Boris_Becker,2
19930117-M-Sydney-F-Thomas_Muster-Pete_Sampras,2
19930128-M-Australian_Open-SF-Pete_Sampras-Stefan_Edberg,2
19930131-M-Australian_Open-F-Jim_Courier-Stefan_Edberg,1
19930131-M-Australian_Open-SF-Jim_Courier-Michael_Stich,1
19930207-M-San_Francisco-F-Andre_Agassi-Brad_Gilbert,1
19930214-M-Milan-F-Sergi_Bruguera-Boris_Becker,2
19930303-M-Indian_Wells_Masters-R32-Andre_Agassi-Marc_Rosset,2
19930307-M-Indian_Wells_Masters-F-Jim_Courier-Wayne_Ferreira,1
19930321-M-Miami_Masters-F-Pete_Sampras-Malivai_Washington,1
19930411-M-Tokyo_Outdoor-F-Brad_Gilbert-Pete_Sampras,2
19930424-M-Monte_Carlo_Masters-SF-Cedric_Pioline-Stefan_Edberg,1
19930426-M-Monte_Carlo_Masters-F-Sergi_Bruguera-Cedric_Pioline,1
19930502-M-Madrid-F-Stefan_Edberg-Sergi_Bruguera,1
19930503-M-Munich-F-Ivan_Lendl-Michael_Stich,1
19930509-M-Hamburg_Masters-F-Michael_Stich-Andrei_Chesnokov,1
19930516-M-Rome_Masters-F-Jim_Courier-Goran_Ivanisevic,1
19930524-M-Roland_Garros-R128-Boris_Becker-Nicolas_Escude,1
19930531-M-Roland_Garros-R16-Jim_Courier-Thomas_Muster,1
19930603-M-Roland_Garros-QF-Andrei_Medvedev-Stefan_Edberg,1
19930605-M-Roland_Garros-SF-Jim_Courier-Richard_Krajicek,1
19930605-M-Roland_Garros-SF-Sergi_Bruguera-Andrei_Medvedev,1
19930606-M-Roland_Garros-F-Jim_Courier-Sergi_Bruguera,2
19930621-M-Wimbledon-R128-Stefan_Edberg-Greg_Rusedski,1
19930622-M-Wimbledon-R128-Neil_Borwick-Pete_Sampras,2
19930624-M-Wimbledon-R64-Pete_Sampras-Jamie_Morgan,1
19930626-M-Wimbledon-R32-Andre_Agassi-Patrick_Rafter,1
19930626-M-Wimbledon-R32-Byron_Black-Pete_Sampras,2
19930628-M-Wimbledon-R16-Andre_Agassi-Richard_Krajicek,1
19930628-M-Wimbledon-R16-Pete_Sampras-Andrew_Foster,1
19930701-M-Wimbledon-QF-Andre_Agassi-Pete_Sampras,2
19930701-M-Wimbledon-QF-Michael_Stich-Boris_Becker,2
19930701-M-Wimbledon-QF-Stefan_Edberg-Cedric_Pioline,1
19930702-M-Wimbledon-SF-Jim_Courier-Stefan_Edberg,1
19930703-M-Wimbledon-SF-Pete_Sampras-Boris_Becker,1
19930704-M-Wimbledon-F-Jim_Courier-Pete_Sampras,2
19930725-M-Stuttgart_Outdoor-F-Magnus_Gustafsson-Michael_Stich,1
19930731-M-Canada_Masters-SF-Petr_Korda-Mikael_Pernfors,2
19930731-M-Canada_Masters-SF-Todd_Martin-Richey_Reneberg,1
19930801-M-Canada_Masters-F-Todd_Martin-Mikael_Pernfors,2
19930814-M-Cincinnati_Masters-SF-Michael_Chang-Andre_Agassi,1
19930814-M-Cincinnati_Masters-SF-Stefan_Edberg-Pete_Sampras,1
19930815-M-Cincinnati_Masters-F-Stefan_Edberg-Michael_Chang,2
19930820-M-New_Haven-QF-Andre_Agassi-Ivan_Lendl,1
19930822-M-Indianapolis-F-Jim_Courier-Boris_Becker,1
19930831-M-US_Open-R128-Thomas_Enqvist-Andre_Agassi,1
19930903-M-US_Open-R64-Mats_Wilander-Mikael_Pernfors,1
19930904-M-US_Open-SF-Cedric_Pioline-Wally_Masur,1
19930905-M-US_Open-R32-Sergio_Cortes-Boris_Becker,2
19930909-M-US_Open-QF-Michael_Chang-Pete_Sampras,2
19930911-M-US_Open-SF-Pete_Sampras-Alexander_Volkov,1
19930912-M-US_Open-F-Cedric_Pioline-Pete_Sampras,2
19930924-M-Davis_Cup_World_Group_SF-RR-Mark_Kevin_Goellner-Stefan_Edberg,1
19930928-M-Basel-R32-Stefan_Edberg-Christian_Bergstrom,1
19931003-M-Basel-F-Stefan_Edberg-Michael_Stich,2
19931010-M-Sydney-F-Petr_Korda-Jaime_Yzaga,2
19931017-M-Tokyo_Indoor-F-Todd_Martin-Ivan_Lendl,2
19931024-M-Lyon-F-Pete_Sampras-Cedric_Pioline,1
19931025-M-Vienna-F-Thomas_Muster-Goran_Ivanisevic,2
19931030-M-Stockholm_Masters-SF-Malivai_Washington-Goran_Ivanisevic,2
19931030-M-Stockholm_Masters-SF-Michael_Stich-Marc_Rosset,1
19931031-M-Stockholm_Masters-F-Michael_Stich-Goran_Ivanisevic,1
19931106-M-Paris_Masters-SF-Arnaud_Boetsch-Andrei_Medvedev,2
19931107-M-Paris_Masters-F-Andrei_Medvedev-Goran_Ivanisevic,2
19931107-M-Paris_Masters-SF-Stefan_Edberg-Goran_Ivanisevic,2
19931114-M-Antwerp-F-Pete_Sampras-Magnus_Gustafsson,1
19931116-M-Tour_Finals-RR-Goran_Ivanisevic-Stefan_Edberg,1
19931118-M-Tour_Finals-RR-Pete_Sampras-Stefan_Edberg,1
19931119-M-Tour_Finals-RR-Sergi_Bruguera-Stefan_Edberg,2
19931120-M-Tour_Finals-SF-Michael_Stich-Goran_Ivanisevic,1
19931120-M-Tour_Finals-SF-Pete_Sampras-Andrei_Medvedev,1
19931121-M-Tour_Finals-F-Pete_Sampras-Michael_Stich,2
19931212-M-Grand_Slam_Cup-F-Michael_Stich-Petr_Korda,2
19931212-M-Grand_Slam_Cup-SF-Michael_Stich-Stefan_Edberg,1
19940108-M-Doha-F-Stefan_Edberg-Paul_Haarhuis,1
19940116-M-Sydney_Outdoor-F-Pete_Sampras-Ivan_Lendl,1
19940119-M-Australian_Open-R64-Pete_Sampras-Yevgeny_Kafelnikov,1
19940124-M-Australian_Open-R16-Pete_Sampras-Ivan_Lendl,1
19940127-M-Australian_Open-SF-Todd_Martin-Stefan_Edberg,1
19940128-M-Australian_Open-SF-Pete_Sampras-Jim_Courier,1
19940130-M-Australian_Open-F-Pete_Sampras-Todd_Martin,1
19940213-M-Memphis-F-Todd_Martin-Brad_Gilbert,1
19940213-M-Milan-F-Petr_Korda-Boris_Becker,2
19940220-M-Stuttgart_Indoor-F-Stefan_Edberg-Goran_Ivanisevic,1
19940305-M-Indian_Wells_Masters-SF-Aaron_Krickstein-Petr_Korda,2
19940305-M-Indian_Wells_Masters-SF-Pete_Sampras-Stefan_Edberg,1
19940306-M-Indian_Wells_Masters-F-Pete_Sampras-Petr_Korda,1
19940309-M-Miami_Masters-R64-Andre_Agassi-Mark_Petchey,1
19940311-M-Miami_Masters-QF-Andre_Agassi-Stefan_Edberg,1
19940313-M-Miami_Masters-F-Andre_Agassi-Pete_Sampras,2
19940316-M-Miami_Masters-QF-Petr_Korda-Pete_Sampras,2
19940410-M-Tokyo_Outdoor-F-Michael_Chang-Pete_Sampras,2
19940422-M-Monte_Carlo_Masters-QF-Thomas_Muster-Stefan_Edberg,2
19940423-M-Monte_Carlo_Masters-SF-Sergi_Bruguera-Stefan_Edberg,1
19940424-M-Monte_Carlo_Masters-F-Sergi_Bruguera-Andrei_Medvedev,2
19940508-M-Hamburg_Masters-F-Yevgeny_Kafelnikov-Andrei_Medvedev,2
19940515-M-Rome_Masters-F-Pete_Sampras-Boris_Becker,1
19940517-M-Dusseldorf-RR-Stefan_Edberg-Sergi_Bruguera,2
19940524-M-Roland_Garros-R128-Henrik_Holm-Stefan_Edberg,1
19940604-M-Roland_Garros-SF-Alberto_Berasategui-Magnus_Larsson,1
19940605-M-Roland_Garros-F-Sergi_Bruguera-Alberto_Berasategui,1
19940612-M-Queens_Club-F-Todd_Martin-Pete_Sampras,1
19940620-M-Wimbledon-R128-Jared_Palmer-Pete_Sampras,2
19940622-M-Wimbledon-R64-Pete_Sampras-Richey_Reneberg,1
19940623-M-Wimbledon-R64-Stefan_Edberg-Kenneth_Carlsen,2
19940627-M-Wimbledon-R16-Pete_Sampras-Daniel_Vacek,1
19940629-M-Wimbledon-QF-Goran_Ivanisevic-Guy_Forget,1
19940629-M-Wimbledon-QF-Michael_Chang-Pete_Sampras,2
19940702-M-Wimbledon-SF-Goran_Ivanisevic-Boris_Becker,1
19940702-M-Wimbledon-SF-Todd_Martin-Pete_Sampras,2
19940703-M-Wimbledon-F-Pete_Sampras-Goran_Ivanisevic,1
19940724-M-Washington-F-Stefan_Edberg-Jason_Stoltenberg,1
19940728-M-Canada_Masters-R16-David_Wheaton-Andre_Agassi,2
19940728-M-Canada_Masters-R32-Jakob_Hlasek-Andre_Agassi,2
19940730-M-Canada_Masters-SF-Wayne_Ferreira-Andre_Agassi,2
19940731-M-Canada_Masters-F-Jason_Stoltenberg-Andre_Agassi,2
19940813-M-Cincinnati_Masters-SF-Michael_Chang-David_Wheaton,1
19940813-M-Cincinnati_Masters-SF-Stefan_Edberg-Michael_Stich,1
19940818-M-Indianapolis-R16-Richard_Krajicek-Stefan_Edberg,2
19940820-M-New_Haven-SF-Michael_Stich-Boris_Becker,2
19940821-M-Indianapolis-F-Wayne_Ferreira-Olivier_Delaitre,1
19940821-M-New_Haven-F-Boris_Becker-Marc_Rosset,1
19940901-M-US_Open-R64-Guy_Forget-Andre_Agassi,2
19940905-M-US_Open-R16-Michael_Chang-Andre_Agassi,2
19940906-M-US_Open-R16-Pete_Sampras-Jaime_Yzaga,2
19940906-M-US_Open-R16-Yevgeny_Kafelnikov-Michael_Stich,2
19940907-M-US_Open-QF-Andre_Agassi-Thomas_Muster,1
19940910-M-US_Open-SF-Michael_Stich-Karel_Novacek,1
19940910-M-US_Open-SF-Todd_Martin-Andre_Agassi,2
19940911-M-US_Open-F-Michael_Stich-Andre_Agassi,2
19941009-M-Sydney-F-Richard_Krajicek-Boris_Becker,1
19941023-M-Vienna-F-Michael_Stich-Andre_Agassi,2
19941029-M-Stockholm_Masters-SF-Boris_Becker-Pete_Sampras,1
19941029-M-Stockholm_Masters-SF-Yevgeny_Kafelnikov-Goran_Ivanisevic,2
19941030-M-Stockholm-F-Boris_Becker-Goran_Ivanisevic,1
19941104-M-Paris_Masters-QF-Pete_Sampras-Andre_Agassi,2
19941105-M-Paris_Masters-SF-Sergi_Bruguera-Andre_Agassi,2
19941106-M-Paris_Masters-F-Andre_Agassi-Marc_Rosset,1
19941113-M-Antwerp-F-Pete_Sampras-Magnus_Larsson,1
19941116-M-Tour_Finals-RR-Michael_Chang-Andre_Agassi,2
19941116-M-Tour_Finals-RR-Pete_Sampras-Stefan_Edberg,1
19941117-M-Tour_Finals-RR-Boris_Becker-Stefan_Edberg,1
19941117-M-Tour_Finals-RR-Stefan_Edberg-Goran_Ivanisevic,1
19941119-M-Tour_Finals-SF-Pete_Sampras-Andre_Agassi,1
19941119-M-Tour_Finals-SF-Sergi_Bruguera-Boris_Becker,2
19941120-M-Tour_Finals-F-Pete_Sampras-Boris_Becker,1
19941206-M-Grand_Slam_Cup-R16-Andre_Agassi-Thomas_Muster,1
19941210-M-Grand_Slam_Cup-SF-Pete_Sampras-Goran_Ivanisevic,1
19941211-M-Grand_Slam_Cup-F-Pete_Sampras-Magnus_Larsson,2
19950107-M-Doha-F-Magnus_Larsson-Stefan_Edberg,2
19950113-M-Kooyong_Classic-RR-Pete_Sampras-Stefan_Edberg,1
19950116-M-Australian_Open-R128-Stefan_Edberg-Mark_Philippoussis,1
19950119-M-Australian_Open-R32-Hendrik_Dreekmann-Stefan_Edberg,2
19950121-M-Australian_Open-R32-Greg_Rusedski-Andre_Agassi,2
19950122-M-Australian_Open-R16-Aaron_Krickstein-Stefan_Edberg,1
19950123-M-Australian_Open-R16-Patrick_Rafter-Andre_Agassi,2
19950124-M-Australian_Open-QF-Jim_Courier-Pete_Sampras,2
19950127-M-Australian_Open-SF-Aaron_Krickstein-Andre_Agassi,2
19950127-M-Australian_Open-SF-Michael_Chang-Pete_Sampras,2
19950129-M-Australian_Open-F-Pete_Sampras-Andre_Agassi,2
19950213-M-Milan-F-Yevgeny_Kafelnikov-Boris_Becker,1
19950226-M-Stuttgart_Indoor-F-Michael_Stich-Richard_Krajicek,2
19950310-M-Indian_Wells_Masters-QF-Thomas_Muster-Stefan_Edberg,2
19950311-M-Indian_Wells_Masters-SF-Pete_Sampras-Stefan_Edberg,1
19950312-M-Indian_Wells_Masters-F-Pete_Sampras-Andre_Agassi,1
19950319-M-Miami_Masters-F-Pete_Sampras-Andre_Agassi,2
19950405-M-Estoril-R16-Fabrice_Santoro-Alex_Corretja,1
19950427-M-Monte_Carlo_Masters-R16-Yevgeny_Kafelnikov-Andrea_Gaudenzi,2
19950429-M-Monte_Carlo_Masters-SF-Thomas_Muster-Andrea_Gaudenzi,1
19950430-M-Monte_Carlo_Masters-F-Boris_Becker-Thomas_Muster,2
19950514-M-Hamburg_Masters-F-Andrei_Medvedev-Goran_Ivanisevic,1
19950517-M-Rome_Masters-R32-Marcelo_Rios-Stefan_Edberg,2
19950518-M-Rome_Masters-R16-Corrado_Borroni-Stefan_Edberg,2
19950522-M-Rome_Masters-F-Sergi_Bruguera-Thomas_Muster,2
19950526-M-Dusseldorf-RR-Patrick_Rafter-Stefan_Edberg,2
19950530-M-Roland_Garros-R128-Patrick_Rafter-Sergi_Bruguera,2
19950607-M-Roland_Garros-QF-Yevgeny_Kafelnikov-Andre_Agassi,1
19950610-M-Roland_Garros-SF-Yevgeny_Kafelnikov-Thomas_Muster,2
19950611-M-Roland_Garros-F-Michael_Chang-Thomas_Muster,2
19950618-M-Queens_Club-F-Pete_Sampras-Guy_Forget,1
19950618-M-Queens_Club-SF-Guy_Forget-Boris_Becker,1
19950626-M-Wimbledon-R128-Pete_Sampras-Karsten_Braasch,1
19950628-M-Wimbledon-R64-Tim_Henman-Pete_Sampras,2
19950629-M-Wimbledon-R64-Michael_Chang-Petr_Korda,2
19950630-M-Wimbledon-R32-Pete_Sampras-Jared_Palmer,1
19950703-M-Wimbledon-R16-Greg_Rusedski-Pete_Sampras,2
19950705-M-Wimbedon-QF-Boris_Becker-Cedric_Pioline,1
19950705-M-Wimbledon-QF-Yevgeny_Kafelnikov-Goran_Ivanisevic,2
19950707-M-Wimbledon-SF-Boris_Becker-Andre_Agassi,1
19950708-M-Wimbledon-SF-Pete_Sampras-Goran_Ivanisevic,1
19950709-M-Wimbledon-F-Pete_Sampras-Boris_Becker,1
19950716-M-Gstaad-F-Yevgeny_Kafelnikov-Jakob_Hlasek,1
19950722-M-Washington-SF-Patrick_Rafter-Stefan_Edberg,2
19950723-M-Washington-F-Andre_Agassi-Stefan_Edberg,1
19950728-M-Canada_Masters-QF-Andre_Agassi-Malivai_Washington,1
19950729-M-Canada_Masters-SF-Mats_Wilander-Andre_Agassi,2
19950729-M-Canada_Masters-SF-Thomas_Enqvist-Pete_Sampras,2
19950730-M-Amsterdam-F-Jan_Siemerink-Marcelo_Rios,2
19950730-M-Canada_Masters-F-Pete_Sampras-Andre_Agassi,2
19950812-M-Cincinnati_Masters-SF-Thomas_Enqvist-Andre_Agassi,2
19950813-M-Cincinnati_Masters-F-Michael_Chang-Andre_Agassi,2
19950818-M-New_Haven-QF-Richard_Krajicek-Boris_Becker,1
19950818-M-New_Haven-QF-Sergi_Bruguera-Andre_Agassi,2
19950820-M-New_Haven-F-Richard_Krajicek-Andre_Agassi,2
19950831-M-US_Open-R64-Alex_Corretja-Andre_Agassi,2
19950902-M-US_Open-R32-Stefan_Edberg-Andre_Agassi,2
19950909-M-US_Open-SF-Andre_Agassi-Boris_Becker,1
19950909-M-US_Open-SF-Pete_Sampras-Jim_Courier,1
19950910-M-US_Open-F-Pete_Sampras-Andre_Agassi,1
19950924-M-Davis_Cup_World_Group_SF-RR-Michael_Stich-Andrei_Chesnokov,2
19950929-M-Basel-QF-Stefan_Edberg-Boris_Becker,2
19951022-M-Lyon-F-Pete_Sampras-Wayne_Ferreira,2
19951024-M-Essen_Masters-R32-Pete_Sampras-Stefan_Edberg,1
19951025-M-Essen_Masters-R16-Boris_Becker-Richard_Krajicek,2
19951028-M-Essen_Masters-SF-Malivai_Washington-Arnaud_Boetsch,1
19951028-M-Essen_Masters-SF-Pete_Sampras-Thomas_Muster,2
19951104-M-Paris_Masters-SF-Jim_Courier-Pete_Sampras,2
19951104-M-Paris_Masters-SF-Wayne_Ferreira-Boris_Becker,2
19951105-M-Paris_Masters-F-Pete_Sampras-Boris_Becker,1
19951106-M-Stockholm_Masters-R16-Malivai_Washington-Stefan_Edberg,2
19951118-M-Tour_Finals-SF-Pete_Sampras-Michael_Chang,2
19951118-M-Tour_Finals-SF-Thomas_Enqvist-Boris_Becker,2
19951119-M-Tour_Finals-F-Michael_Chang-Boris_Becker,2
19951201-M-Davis_Cup_World_Group_F-RR-Pete_Sampras-Andrei_Chesnokov,1
19951203-M-Davis_Cup_World_Group_F-RR-Yevgeny_Kafelnikov-Pete_Sampras,2
19951209-M-Grand_Slam_Cup-SF-Todd_Martin-Boris_Becker,1
19951209-M-Grand_Slam_Cup-SF-Yevgeny_Kafelnikov-Goran_Ivanisevic,2
19951210-M-Grand_Slam_Cup-F-Todd_Martin-Goran_Ivanisevic,2
19960102-M-Doha-R32-Stefan_Edberg-Boris_Becker,2
19960115-M-Australian_Open-R128-Gaston_Etlis-Andre_Agassi,2
19960119-M-Australian_Open-R32-Mark_Philippoussis-Pete_Sampras,1
19960123-M-Australian_Open-QF-Jim_Courier-Andre_Agassi,2
19960124-M-Australian_Open-QF-Yevgeny_Kafelnikov-Boris_Becker,2
19960126-M-Australian_Open-SF-Mark_Woodforde-Boris_Becker,2
19960127-M-Australian_Open-SF-Michael_Chang-Andre_Agassi,1
19960128-M-Australian_Open-F-Michael_Chang-Boris_Becker,2
19960218-M-Marseille-F-Cedric_Pioline-Guy_Forget,2
19960218-M-San_Jose-F-Pete_Sampras-Andre_Agassi,1
19960225-M-Antwerp-F-Michael_Stich-Goran_Ivanisevic,1
19960225-M-Memphis-F-Todd_Martin-Pete_Sampras,2
19960303-M-Philadelphia-F-Jim_Courier-Chris_Woodruff,1
19960312-M-Indian_Wells_Masters-R64-Jiri_Novak-Stefan_Edberg,2
19960327-M-Miami_Masters-R16-Arnaud_Boetsch-Stefan_Edberg,1
19960421-M-Barcelona-F-Thomas_Muster-Marcelo_Rios,1
19960421-M-Tokyo_Outdoor-F-Richey_Reneberg-Pete_Sampras,2
19960423-M-Monte_Carlo_Masters-R64-Alex_Corretja-Stefan_Edberg,2
19960428-M-Monte_Carlo_Masters-F-Albert_Costa-Thomas_Muster,2
19960512-M-Hamburg_Masters-SF-Alex_Corretja-Marcelo_Rios,1
19960514-M-Rome_Masters-R64-Jakob_Hlasek-Andrea_Gaudenzi,2
19960519-M-Rome_Masters-F-Richard_Krajicek-Thomas_Muster,2
19960527-M-Roland_Garros-R128-Henri_Leconte-Thomas_Johansson,2
19960528-M-Roland_Garros-R128-Karim_Alami-Stefan_Edberg,2
19960529-M-Roland_Garros-R64-Pete_Sampras-Sergi_Bruguera,1
19960530-M-Roland_Garros-R64-Greg_Rusedski-Michael_Stich,2
19960601-M-Roland_Garros-R32-Michael_Chang-Stefan_Edberg,2
19960605-M-Roland_Garros-QF-Marc_Rosset-Bernd_Karbacher,1
19960605-M-Roland_Garros-QF-Pete_Sampras-Jim_Courier,1
19960606-M-Roland_Garros-QF-Yevgeny_Kafelnikov-Richard_Krajicek,1
19960608-M-Roland_Garros-SF-Michael_Stich-Marc_Rosset,1
19960609-M-Roland_Garros-F-Michael_Stich-Yevgeny_Kafelnikov,2
19960614-M-Queens_Club-QF-Patrick_Rafter-Boris_Becker,2
19960616-M-Queens_Club-F-Stefan_Edberg-Boris_Becker,2
19960624-M-Wimbledon-R128-Stefan_Edberg-Guy_Forget,1
19960626-M-Wimbledon-R128-Yevgeny_Kafelnikov-Tim_Henman,2
19960626-M-Wimbledon-R64-Pete_Sampras-Mark_Philippoussis,1
19960628-M-Wimbedon-R32-Patrick_Rafter-Marc_Rosset,1
19960701-M-Wimbledon-R16-Richard_Krajicek-Michael_Stich,1
19960703-M-Wimbledon-QF-Richard_Krajicek-Pete_Sampras,1
19960703-M-Wimbledon-QF-Tim_Henman-Todd_Martin,2
19960704-M-Wimbledon-QF-Alex_Radulescu-Malivai_Washington,2
19960706-M-Wimbledon-SF-Richard_Krajicek-Jason_Stoltenberg,1
19960706-M-Wimbledon-SF-Todd_Martin-Malivai_Washington,2
19960707-M-Wimbledon-F-Richard_Krajicek-Malivai_Washington,1
19960718-M-Stuttgart_Outdoor-R16-Stefan_Edberg-Alexander_Volkov,2
19960721-M-Stuttgart-F-Yevgeny_Kafelnikov-Thomas_Muster,2
19960803-M-Olympics-BR-Leander_Paes-Fernando_Meligeni,1
19960804-M-Olympics-F-Sergi_Bruguera-Andre_Agassi,2
19960805-M-Cincinnati_Masters-R64-Stefano_Pescosolido-Stefan_Edberg,2
19960809-M-Cincinnati_Masters-QF-Yevgeny_Kafelnikov-Andre_Agassi,2
19960810-M-Cincinnati_Masters-SF-Thomas_Muster-Andre_Agassi,2
19960811-M-Cincinnati_Masters-F-Michael_Chang-Andre_Agassi,2
19960817-M-Indianapolis-SF-Pete_Sampras-Bohdan_Ulihrach,1
19960818-M-Indianapolis-F-Pete_Sampras-Goran_Ivanisevic,1
19960824-M-Canada_Masters-SF-Todd_Woodbridge-Marcelo_Rios,1
19960824-M-Canada_Masters-SF-Wayne_Ferreira-Todd_Martin,1
19960825-M-Canada_Masters-F-Todd_Woodbridge-Wayne_Ferreira,2
19960826-M-US_Open-R128-Michael_Stich-Tommy_Haas,1
19960827-M-US_Open-R128-Richard_Krajicek-Stefan_Edberg,2
19960828-M-US_Open-R64-Leander_Paes-Andre_Agassi,2
19960831-M-US_Open-R32-Paul_Haarhuis-Stefan_Edberg,2
19960903-M-US_Open-R16-Tim_Henman-Stefan_Edberg,2
19960904-M-US_Open-QF-Goran_Ivanisevic-Stefan_Edberg,1
19960905-M-US_Open-QF-Pete_Sampras-Alex_Corretja,1
19960907-M-US_Open-SF-Michael_Chang-Andre_Agassi,1
19960907-M-US_Open-SF-Pete_Sampras-Goran_Ivanisevic,1
19960908-M-US_Open-F-Pete_Sampras-Michael_Chang,1
19960929-M-Basel-F-Pete_Sampras-Hendrik_Dreekmann,1
19961009-M-Vienna-R16-Thomas_Muster-Stefan_Edberg,2
19961013-M-Vienna-F-Jan_Siemerink-Boris_Becker,2
19961022-M-Stuttgart_Masters-R64-Tim_Henman-Stefan_Edberg,2
19961025-M-Stuttgart_Masters-QF-Pete_Sampras-Andre_Agassi,1
19961026-M-Stuttgart_Masters-SF-Michael_Chang-Boris_Becker,2
19961026-M-Stuttgart_Masters-SF-Pete_Sampras-Jan_Siemerink,1
19961027-M-Stuttgart_Masters-F-Pete_Sampras-Boris_Becker,2
19961030-M-Paris_Masters-R16-Stefan_Edberg-Fernon_Wibier,1
19961102-M-Paris_Masters-SF-Petr_Korda-Yevgeny_Kafelnikov,2
19961102-M-Paris_Masters-SF-Thomas_Enqvist-Magnus_Gustafsson,1
19961105-M-Paris_Masters-F-Yevgeny_Kafelnikov-Thomas_Enqvist,2
19961110-M-Moscow-F-Yevgeny_Kafelnikov-Goran_Ivanisevic,2
19961119-M-Tour_Finals-RR-Pete_Sampras-Andre_Agassi,1
19961123-M-Tour_Finals-SF-Boris_Becker-Richard_Krajicek,1
19961123-M-Tour_Finals-SF-Pete_Sampras-Goran_Ivanisevic,1
19961124-M-Tour_Finals-F-Boris_Becker-Pete_Sampras,2
19961208-M-Grand_Slam_Cup-F-Boris_Becker-Goran_Ivanisevic,1
19970113-M-Australian_Open-R128-Carlos_Moya-Boris_Becker,1
19970120-M-Australian_Open-R16-Dominik_Hrbaty-Pete_Sampras,2
19970124-M-Australian_Open-SF-Michael_Chang-Carlos_Moya,2
19970125-M-Australian_Open-SF-Pete_Sampras-Thomas_Muster,1
19970126-M-Australian_Open-F-Pete_Sampras-Carlos_Moya,1
19970302-M-Philadelphia-F-Pete_Sampras-Patrick_Rafter,1
19970311-M-Indian_Wells_Masters-R64-Mark_Philippoussis-Andre_Agassi,1
19970323-M-Miami_Masters-F-Sergi_Bruguera-Thomas_Muster,2
19970330-M-Casablanca-F-Franco_Squillari-Hicham_Arazi,2
19970404-M-Davis_Cup_World_Group_QF-RR-Albert_Costa-Renzo_Furlan,2
19970404-M-Davis_Cup_World_Group_QF-RR-Omar_Camporese-Carlos_Moya,1
19970426-M-Monte_Carlo_Masters-SF-Carlos_Moya-Marcelo_Rios,2
19970518-M-Rome_Masters-F-Alex_Corretja-Marcelo_Rios,1
19970529-M-Roland_Garros-R32-Thomas_Muster-Gustavo_Kuerten,2
19970604-M-Roland_Garros-QF-Patrick_Rafter-Galo_Blanco,1
19970605-M-Roland_Garros-QF-Yevgeny_Kafelnikov-Gustavo_Kuerten,2
19970606-M-Roland_Garros-SF-Gustavo_Kuerten-Filip_Dewulf,1
19970606-M-Roland_Garros-SF-Patrick_Rafter-Sergi_Bruguera,2
19970608-M-Roland_Garros-F-Sergi_Bruguera-Gustavo_Kuerten,2
19970613-M-Halle-QF-Yevgeny_Kafelnikov-Michael_Stich,1
19970624-M-Wimbledon-R128-Mikael_Tillstrom-Pete_Sampras,2
19970626-M-Wimbledon-R64-Pete_Sampras-Hendrik_Dreekmann,1
19970628-M-Wimbledon-R32-Pete_Sampras-Byron_Black,1
19970628-M-Wimbledon-R32-Tim_Henman-Paul_Haarhuis,1
19970630-M-Wimbledon-R16-Tim_Henman-Richard_Krajicek,1
19970702-M-Wimbledon-QF-Michael_Stich-Tim_Henman,1
19970702-M-Wimbledon-R16-Pete_Sampras-Petr_Korda,1
19970703-M-Wimbledon-QF-Pete_Sampras-Boris_Becker,1
19970704-M-Wimbledon-SF-Michael_Stich-Cedric_Pioline,2
19970704-M-Wimbledon-SF-Pete_Sampras-Todd_Woodbridge,1
19970706-M-Wimbledon-F-Cedric_Pioline-Pete_Sampras,2
19970802-M-Canada_Masters-SF-Chris_Woodruff-Yevgeny_Kafelnikov,1
19970803-M-Canada_Masters-F-Chris_Woodruff-Gustavo_Kuerten,1
19970809-M-Cincinnati_Masters-SF-Pete_Sampras-Albert_Costa,1
19970810-M-Cincinnati_Masters-F-Pete_Sampras-Thomas_Muster,1
19970901-M-US_Open-R16-Petr_Korda-Pete_Sampras,1
19970903-M-US_Open-QF-Patrick_Rafter-Magnus_Larsson,1
19970903-M-US_Open-R16-Patrick_Rafter-Andre_Agassi,1
19970905-M-US_Open-SF-Michael_Chang-Patrick_Rafter,2
19970906-M-US_Open-SF-Greg_Rusedski-Jonas_Bjorkman,1
19970907-M-US_Open-F-Patrick_Rafter-Greg_Rusedski,1
19970919-M-Davis_Cup_World_Group_SF-SF-Pete_Sampras-Mark_Philippoussis,1
19970921-M-Davis_Cup_World_Group_SF-RR-Pete_Sampras-Patrick_Rafter,1
19970923-M-Grand_Slam_Cup-QF-Pete_Sampras-Jonas_Bjorkman,1
19970927-M-Grand_Slam_Cup-SF-Petr_Korda-Patrick_Rafter,2
19970928-M-Grand_Slam_Cup-F-Patrick_Rafter-Pete_Sampras,2
19971002-M-Basel-QF-Mark_Philippoussis-Yevgeny_Kafelnikov,1
19971005-M-Basel-F-Greg_Rusedski-Mark_Philippoussis,1
19971012-M-Vienna-F-Greg_Rusedski-Goran_Ivanisevic,2
19971020-M-Stuttgart_Masters-R32-Pete_Sampras-Magnus_Gustafsson,1
19971025-M-Stuttgart_Masters-SF-Jonas_Bjorkman-Richard_Krajicek,2
19971025-M-Stuttgart_Masters-SF-Petr_Korda-Patrick_Rafter,1
19971026-M-Stuttgart_Masters-F-Petr_Korda-Richard_Krajicek,1
19971027-M-Paris_Masters-R32-Pete_Sampras-Boris_Becker,1
19971027-M-Paris_Masters-SF-Pete_Sampras-Yevgeny_Kafelnikov,1
19971101-M-Paris_Masters-SF-Thomas_Enqvist-Jonas_Bjorkman,2
19971102-M-Moscow-F-Yevgeny_Kafelnikov-Petr_Korda,1
19971102-M-Paris_Masters-F-Pete_Sampras-Jonas_Bjorkman,1
19971110-M-Tour_Finals-RR-Patrick_Rafter-Pete_Sampras,2
19971110-M-Tour_Finals-SF-Pete_Sampras-Jonas_Bjorkman,1
19971115-M-Tour_Finals-SF-Yevgeny_Kafelnikov-Carlos_Moya,1
19971116-M-Tour_Finals-F-Pete_Sampras-Yevgeny_Kafelnikov,1
19980128-M-Australian_Open-QF-Marcelo_Rios-Alberto_Berasategui,1
19980131-M-Australian_Open-SF-Marcelo_Rios-Nicolas_Escude,1
19980131-M-Australian_Open-SF-Petr_Korda-Karol_Kucera,1
19980201-M-Australian_Open-F-Petr_Korda-Marcelo_Rios,1
19980209-M-San_Jose-F-Pete_Sampras-Andre_Agassi,2
19980222-M-Memphis-F-Mark_Philippoussis-Michael_Chang,1
19980223-M-Philadelphia-F-Pete_Sampras-Thomas_Enqvist,1
19980308-M-Scottsdale-F-Jason_Stoltenberg-Andre_Agassi,2
19980309-M-Indian_Wells_Masters-R64-Todd_Woodbridge-Andre_Agassi,2
19980312-M-Indian_Wells_Masters-R16-Patrick_Rafter-Andre_Agassi,2
19980314-M-Indian_Wells_Masters-SF-Jan_Michael_Gambill-Marcelo_Rios,2
19980315-M-Indian_Wells_Masters-F-Marcelo_Rios-Greg_Rusedski,1
19980329-M-Miami_Masters-F-Marcelo_Rios-Andre_Agassi,1
19980406-M-Davis_Cup_World_Group_R1-RR-Yevgeny_Kafelnikov-Andre_Agassi,1
19980421-M-Monte_Carlo_Masters-R32-Andre_Agassi-Pete_Sampras,2
19980510-M-Hamburg_Masters-F-Albert_Costa-Alex_Corretja,1
19980526-M-Roland_Garros-R128-Marat_Safin-Andre_Agassi,1
19980528-M-Roland_Garros-R64-Gustavo_Kuerten-Marat_Safin,2
19980601-M-Roland_Garros-R16-Cedric_Pioline-Marat_Safin,1
19980602-M-Roland_Garros-QF-Carlos_Moya-Marcelo_Rios,1
19980606-M-Roland_Garros-SF-Cedric_Pioline-Alex_Corretja,2
19980607-M-Roland_Garros-F-Alex_Corretja-Carlos_Moya,2
19980615-M-Halle-F-Magnus_Larsson-Yevgeny_Kafelnikov,2
19980621-M-s_Hertogenbosch-F-Patrick_Rafter-Martin_Damm_Sr,1
19980622-M-Wimbledon-SF-Tim_Henman-Pete_Sampras,2
19980629-M-Wimbledon-R16-Tim_Henman-Patrick_Rafter,1
19980701-M-Wimbledon-QF-Goran_Ivanisevic-Jan_Siemerink,1
19980701-M-Wimbledon-QF-Richard_Krajicek-Davide_Sanguinetti,1
19980704-M-Wimbledon-SF-Goran_Ivanisevic-Richard_Krajicek,1
19980704-M-Wimbledon_Juniors-F-Irakli_Labadze-Roger_Federer,2
19980705-M-Wimbledon-F-Goran_Ivanisevic-Pete_Sampras,2
19980727-M-Washington-F-Scott_Draper-Andre_Agassi,2
19980802-M-Kitzbuhel-SF-Andrea_Gaudenzi-Francisco_Clavet,1
19980807-M-Canada_Masters-QF-Pete_Sampras-Andre_Agassi,2
19980808-M-Canada_Masters-SF-Andre_Agassi-Richard_Krajicek,2
19980808-M-Canada_Masters-SF-Tim_Henman-Patrick_Rafter,2
19980809-M-Canada_Masters-F-Patrick_Rafter-Richard_Krajicek,1
19980810-M-Cincinnati_Masters-SF-Yevgeny_Kafelnikov-Patrick_Rafter,2
19980815-M-Cincinnati_Masters-SF-Pete_Sampras-Magnus_Larsson,1
19980816-M-Cincinnati_Masters-F-Pete_Sampras-Patrick_Rafter,2
19980817-M-New_Haven-R32-Pete_Sampras-Lleyton_Hewitt,1
19980823-M-Indianapolis-F-Alex_Corretja-Andre_Agassi,1
19980823-M-Washington-SF-Andre_Agassi-Wayne_Ferreira,1
19980831-M-Long_Island-F-Patrick_Rafter-Felix_Mantilla,1
19980901-M-US_Open-R128-Todd_Martin-Jeff_Tarango,1
19980909-M-US_Open-QF-Patrick_Rafter-Jonas_Bjorkman,1
19980910-M-US_Open-QF-Mark_Philippoussis-Thomas_Johansson,1
19980912-M-US_Open-SF-Mark_Philippoussis-Carlos_Moya,1
19980912-M-US_Open-SF-Patrick_Rafter-Pete_Sampras,1
19980913-M-US_Open-F-Patrick_Rafter-Mark_Philippoussis,1
19981003-M-Grand_Slam_Cup-SF-Andre_Agassi-Karol_Kucera,1
19981004-M-Grand_Slam_Cup-F-Marcelo_Rios-Andre_Agassi,1
19981005-M-Basel-R32-Andre_Agassi-Roger_Federer,1
19981018-M-Vienna-F-Pete_Sampras-Karol_Kucera,1
19981025-M-Ostrava-F-Jan_Kroslak-Andre_Agassi,2
19981031-M-Stuttgart_Masters-SF-Pete_Sampras-Richard_Krajicek,2
19981031-M-Stuttgart_Masters-SF-Yevgeny_Kafelnikov-Jonas_Bjorkman,1
19981101-M-Stuttgart_Masters-F-Yevgeny_Kafelnikov-Richard_Krajicek,2
19981102-M-Paris_Masters-R32-Todd_Woodbridge-Marcelo_Rios,2
19981107-M-Paris_Masters-SF-Greg_Rusedski-Yevgeny_Kafelnikov,1
19981107-M-Paris_Masters-SF-Pete_Sampras-Todd_Martin,1
19981108-M-Paris_Masters-F-Pete_Sampras-Greg_Rusedski,2
19981115-M-Moscow-F-Goran_Ivanisevic-Yevgeny_Kafelnikov,2
19981115-M-Stockholm-F-Todd_Martin-Thomas_Johansson,1
19981123-M-Tour_Finals-RR-Pete_Sampras-Carlos_Moya,1
19981123-M-Tour_Finals-RR-Pete_Sampras-Karol_Kucera,1
19981123-M-Tour_Finals-RR-Yevgeny_Kafelnikov-Pete_Sampras,2
19981128-M-Tour_Finals-SF-Alex_Corretja-Pete_Sampras,1
19981128-M-Tour_Finals-SF-Tim_Henman-Carlos_Moya,2
19981129-M-Tour_Finals-F-Alex_Corretja-Carlos_Moya,1
19990122-M-Australian_Open-R32-Todd_Martin-Petr_Korda,1
19990129-M-Australian_Open-SF-Nicolas_Lapentti-Thomas_Enqvist,2
19990129-M-Australian_Open-SF-Yevgeny_Kafelnikov-Tommy_Haas,1
19990131-M-Australian_Open-F-Yevgeny_Kafelnikov-Thomas_Enqvist,1
19990215-M-Rotterdam-QF-Yevgeny_Kafelnikov-Roger_Federer,1
19990221-M-Memphis-F-Tommy_Haas-Jim_Courier,1
19990314-M-Indian_Wells_Masters-F-Carlos_Moya-Mark_Philippoussis,2
19990425-M-Monte_Carlo_Masters-F-Marcelo_Rios-Gustavo_Kuerten,2
19990508-M-Hamburg_Masters-SF-Marcelo_Rios-Carlos_Moya,1
19990509-M-Hamburg_Masters-F-Marcelo_Rios-Mariano_Zabaleta,1
19990516-M-Rome_Masters-F-Patrick_Rafter-Gustavo_Kuerten,2
19990525-M-Roland_Garros-R128-Pete_Sampras-Juan_Antonio_Marin,1
19990526-M-Roland_Garros-R64-Arnaud_Clement-Andre_Agassi,2
19990602-M-Wimbledon-SF-Patrick_Rafter-Andre_Agassi,2
19990604-M-Roland_Garros-SF-Dominik_Hrbaty-Andre_Agassi,2
19990606-M-Roland_Garros-F-Andrei_Medvedev-Andre_Agassi,2
19990613-M-Queens_Club-SF-Pete_Sampras-Lleyton_Hewitt,1
19990620-M-s_Hertogenbosch-F-Andrei_Pavel-Patrick_Rafter,2
19990621-M-Wimbledon-R128-Pete_Sampras-Scott_Draper,1
19990623-M-Wimbledon-R64-Pete_Sampras-Sebastien_Lareau,1
19990625-M-Wimbledon-R32-Pete_Sampras-Danny_Sapsford,1
19990626-M-Wimbledon-R32-Boris_Becker-Lleyton_Hewitt,1
19990629-M-Wimbledon-R16-Tim_Henman-Jim_Courier,1
19990701-M-Wimbledon-QF-Andre_Agassi-Gustavo_Kuerten,1
19990701-M-Wimbledon-QF-Patrick_Rafter-Todd_Martin,1
19990703-M-Wimbledon-SF-Tim_Henman-Pete_Sampras,2
19990704-M-Wimbledon-F-Pete_Sampras-Andre_Agassi,1
19990713-M-Queens_Club-F-Pete_Sampras-Tim_Henman,1
19990716-M-Davis_Cup_World_Group_QF-RR-Roger_Federer-Xavier_Malisse,2
19990716-M-Davis_Cup_World_Group_QF-RR-Sebastien_Grosjean-Gustavo_Kuerten,2
19990801-M-Los_Angeles-F-Pete_Sampras-Andre_Agassi,1
19990807-M-Canada_Masters-SF-Nicolas_Kiefer-Thomas_Johansson,2
19990807-M-Canada_Masters-SF-Yevgeny_Kafelnikov-Andre_Agassi,1
19990808-M-Canada_Masters-F-Yevgeny_Kafelnikov-Thomas_Johansson,2
19990814-M-Cincinnati_Masters-SF-Patrick_Rafter-Yevgeny_Kafelnikov,1
19990815-M-Cincinnati_Masters-SF-Pete_Sampras-Andre_Agassi,1
19990816-M-Cincinnati_Masters-F-Patrick_Rafter-Pete_Sampras,2
19990822-M-Washington-F-Yevgeny_Kafelnikov-Andre_Agassi,2
19990904-M-US_Open-SF-Todd_Martin-Cedric_Pioline,1
19990904-M-US_Open-SF-Yevgeny_Kafelnikov-Andre_Agassi,2
19990908-M-US_Open-QF-Cedric_Pioline-Gustavo_Kuerten,1
19990908-M-US_Open-QF-Yevgeny_Kafelnikov-Richard_Krajicek,1
19990912-M-US_Open-F-Todd_Martin-Andre_Agassi,2
19990924-M-Davis_Cup_World_Group_SF-RR-Marat_Safin-Lleyton_Hewitt,2
19990926-M-Davis_Cup_World_Group_SF-RR-Yevgeny_Kafelnikov-Lleyton_Hewitt,2
19991003-M-Grand_Slam_Cup-F-Greg_Rusedski-Tommy_Haas,1
19991017-M-Singapore-F-Marcelo_Rios-Mikael_Tillstrom,1
19991030-M-Stuttgart_Masters-SF-Greg_Rusedski-Richard_Krajicek,2
19991030-M-Stuttgart_Masters-SF-Thomas_Enqvist-Andre_Agassi,1
19991031-M-Stuttgart_Masters-F-Thomas_Enqvist-Richard_Krajicek,1
19991106-M-Paris_Masters-SF-Nicolas_Lapentti-Andre_Agassi,2
19991107-M-Paris_Masters-F-Andre_Agassi-Marat_Safin,1
19991122-M-Tour_Finals-RR-Pete_Sampras-Andre_Agassi,2
19991124-M-Tour_Finals-RR-Gustavo_Kuerten-Andre_Agassi,2
19991124-M-Tour_Finals-RR-Pete_Sampras-Gustavo_Kuerten,1
19991127-M-Tour_Finals-SF-Pete_Sampras-Nicolas_Kiefer,1
19991127-M-Tour_Finals-SF-Yevgeny_Kafelnikov-Andre_Agassi,2
19991128-M-Tour_Finals-F-Pete_Sampras-Andre_Agassi,1
20000119-M-Australian_Open-R64-Jan_Kroslak-Roger_Federer,2
20000119-M-Australian_Open-R64-Pete_Sampras-Mikael_Tillstrom,1
20000125-M-Australian_Open-QF-Hicham_Arazi-Andre_Agassi,2
20000125-M-Australian_Open-QF-Pete_Sampras-Chris_Woodruff,1
20000128-M-Australian_Open-SF-Pete_Sampras-Andre_Agassi,2
20000128-M-Australian_Open-SF-Yevgeny_Kafelnikov-Magnus_Norman,1
20000130-M-Australian_Open-F-Yevgeny_Kafelnikov-Andre_Agassi,2
20000205-M-Davis_Cup_World_Group_R1-RR-Roger_Federer-Lleyton_Hewitt,2
20000212-M-Rotterdam-F-Cedric_Pioline-Tim_Henman,1
20000213-M-Marseille-F-Marc_Rosset-Roger_Federer,1
20000227-M-Mexico_City-F-Mariano_Puerta-Juan_Ignacio_Chela,2
20000306-M-Scottsdale-SF-Lleyton_Hewitt-Juan_Carlos_Ferrero,1
20000312-M-Scottsdale-F-Tim_Henman-Lleyton_Hewitt,2
20000314-M-Indian_Wells_Masters-R64-Pete_Sampras-Andrei_Medvedev,1
20000326-M-Miami_Masters-F-Pete_Sampras-Gustavo_Kuerten,1
20000326-M-Miami_Masters-R64-Pete_Sampras-Carlos_Moya,1
20000330-M-Miami_Masters-R16-Greg_Rusedski-Pete_Sampras,2
20000331-M-Miami_Masters-QF-Nicolas_Lapentti-Pete_Sampras,2
20000405-M-Miami_Masters-SF-Pete_Sampras-Lleyton_Hewitt,1
20000424-M-Barcelona-R64-Marat_Safin-Mariano_Zabaleta,1
20000508-M-Orlando-F-Nicolas_Massu-Fernando_Gonzalez,2
20000508-M-Rome_Masters-R64-Jerome_Golmard-Gustavo_Kuerten,2
20000512-M-Rome_Masters-QF-Gustavo_Kuerten-Albert_Costa,1
20000513-M-Rome_Masters-SF-Magnus_Norman-Lleyton_Hewitt,1
20000514-M-Rome_Masters-F-Magnus_Norman-Gustavo_Kuerten,1
20000520-M-Hamburg_Masters-QF-Gustavo_Kuerten-Magnus_Norman,1
20000604-M-Roland_Garros-R16-Alex_Corretja-Roger_Federer,1
20000604-M-Roland_Garros-R16-Gustavo_Kuerten-Nicolas_Lapentti,1
20000607-M-Roland_Garros-QF-Marat_Safin-Magnus_Norman,2
20000607-M-Wimbledon-R128-Roger_Federer-Yevgeny_Kafelnikov,2
20000609-M-Roland_Garros-SF-Gustavo_Kuerten-Juan_Carlos_Ferrero,1
20000611-M-Roland_Garros-F-Magnus_Norman-Gustavo_Kuerten,2
20000612-M-Queens_Club-QF-Bob_Bryan-Pete_Sampras,2
20000619-M-Queens_Club-F-Pete_Sampras-Lleyton_Hewitt,2
20000626-M-Wimbedon-R128-Jiri_Vanek-Pete_Sampras,2
20000628-M-Wimbledon-R64-Pete_Sampras-Karol_Kucera,1
20000703-M-Wimbledon-R16-Pete_Sampras-Jonas_Bjorkman,1
20000708-M-Wimbledon-SF-Patrick_Rafter-Andre_Agassi,1
20000708-M-Wimbledon-SF-Pete_Sampras-Vladimir_Voltchkov,1
20000709-M-Wimbledon-F-Patrick_Rafter-Pete_Sampras,2
20000714-M-Davis_Cup_World_Group_SF-RR-Patrick_Rafter-Gustavo_Kuerten,1
20000804-M-Canada_Masters-QF-Pete_Sampras-Marat_Safin,2
20000805-M-Canada_Masters-SF-Jiri_Novak-Harel_Levy,2
20000805-M-Canada_Masters-SF-Wayne_Ferreira-Marat_Safin,2
20000806-M-Canada_Masters-F-Marat_Safin-Harel_Levy,1
20000812-M-Cincinnati_Masters-SF-Arnaud_Clement-Thomas_Enqvist,2
20000812-M-Cincinnati_Masters-SF-Tim_Henman-Gustavo_Kuerten,1
20000820-M-Indianapolis-F-Marat_Safin-Gustavo_Kuerten,2
20000820-M-Washington-F-Alex_Corretja-Andre_Agassi,1
20000828-M-US_Open-R128-Marcelo_Rios-Nicolas_Massu,1
20000901-M-US_Open-R64-Marat_Safin-Gianluca_Pozzi,1
20000901-M-US_Open-R64-Roger_Federer-Daniel_Nestor,1
20000902-M-US_Open-R32-Roger_Federer-Juan_Carlos_Ferrero,2
20000906-M-US_Open-QF-Pete_Sampras-Richard_Krajicek,1
20000909-M-US_Open-SF-Marat_Safin-Todd_Martin,1
20000909-M-US_Open-SF-Pete_Sampras-Lleyton_Hewitt,1
20000910-M-US_Open-F-Pete_Sampras-Marat_Safin,2
20000922-M-Olympics-SF-Tommy_Haas-Roger_Federer,1
20000923-M-Olympics-BR-Arnaud_Di_Pasquale-Roger_Federer,1
20000928-M-Olympics-F-Yevgeny_Kafelnikov-Tommy_Haas,1
20001023-M-Basel-R32-Roger_Federer-Tommy_Haas,1
20001024-M-Basel-R16-Roger_Federer-Andrei_Pavel,1
20001028-M-Basel-SF-Lleyton_Hewitt-Roger_Federer,2
20001029-M-Basel-F-Thomas_Enqvist-Roger_Federer,1
20001104-M-Stuttgart_Masters-SF-Sebastien_Grosjean-Wayne_Ferreira,2
20001104-M-Stuttgart_Masters-SF-Yevgeny_Kafelnikov-Lleyton_Hewitt,2
20001105-M-Stuttgart_Masters-F-Lleyton_Hewitt-Wayne_Ferreira,2
20001113-M-Lyon-F-Patrick_Rafter-Arnaud_Clement,2
20001118-M-Paris_Masters-SF-Juan_Carlos_Ferrero-Marat_Safin,2
20001118-M-Paris_Masters-SF-Mark_Philippoussis-Gustavo_Kuerten,1
20001119-M-Paris_Masters-F-Mark_Philippoussis-Marat_Safin,2
20001127-M-Tour_Finals-RR-Pete_Sampras-Lleyton_Hewitt,2
20001127-M-Tour_Finals-SF-Marat_Safin-Andre_Agassi,2
20001128-M-Tour_Finals-RR-Pete_Sampras-Marat_Safin,1
20001130-M-Tour_Finals-RR-Andre_Agassi-Yevgeny_Kafelnikov,1
20001130-M-Tour_Finals-RR-Gustavo_Kuerten-Magnus_Norman,1
20001201-M-Tour_Finals-RR-Yevgeny_Kafelnikov-Gustavo_Kuerten,2
20001202-M-Tour_Finals-SF-Pete_Sampras-Gustavo_Kuerten,2
20001203-M-Tour_Finals-F-Andre_Agassi-Gustavo_Kuerten,2
20001208-M-Davis_Cup_World_Group_F-RR-Albert_Costa-Lleyton_Hewitt,2
20010114-M-Sydney-F-Lleyton_Hewitt-Magnus_Norman,1
20010117-M-Australian_Open-R64-Greg_Rusedski-Gustavo_Kuerten,1
20010120-M-Australian_Open-R32-Carlos_Moya-Lleyton_Hewitt,1
20010123-M-Australian_Open-QF-Todd_Martin-Andre_Agassi,2
20010124-M-Australian_Open-QF-Patrick_Rafter-Dominik_Hrbaty,1
20010126-M-Australian_Open-SF-Arnaud_Clement-Sebastien_Grosjean,1
20010126-M-Australian_Open-SF-Patrick_Rafter-Andre_Agassi,2
20010128-M-Australian_Open-F-Arnaud_Clement-Andre_Agassi,2
20010204-M-Milan-F-Julien_Boutter-Roger_Federer,2
20010225-M-Rotterdam-F-Roger_Federer-Nicolas_Escude,2
20010304-M-Acapulco-F-Galo_Blanco-Gustavo_Kuerten,2
20010304-M-San_Jose-F-Greg_Rusedski-Andre_Agassi,1
20010312-M-Indian_Wells-QF-Nicolas_Lapentti-Andre_Agassi,2
20010317-M-Indian_Wells_Masters-SF-Lleyton_Hewitt-Andre_Agassi,2
20010318-M-Indian_Wells_Masters-F-Pete_Sampras-Andre_Agassi,2
20010319-M-Miami_Masters-R32-Pete_Sampras-Andy_Roddick,2
20010328-M-Miami_Masters-R16-Alex_Corretja-Patrick_Rafter,2
20010402-M-Miami_Masters-F-Jan_Michael_Gambill-Andre_Agassi,2
20010408-M-Davis_Cup_World_Group_QF-RR-Gustavo_Kuerten-Lleyton_Hewitt,2
20010507-M-Rome_Masters-R64-Alex_Corretja-Carlos_Moya,1
20010507-M-Rome_Masters-R64-Magnus_Norman-Vincenzo_Santopadre,2
20010508-M-Rome_Masters-R32-Roger_Federer-Marat_Safin,1
20010508-M-Rome_Masters-R64-Arnaud_Clement-Federico_Luzzi,2
20010508-M-Rome_Masters-R64-Marcelo_Rios-Davide_Sanguinetti,1
20010511-M-Rome_Masters-QF-Alex_Corretja-Gustavo_Kuerten,2
20010511-M-Rome_Masters-R16-Alex_Corretja-Lleyton_Hewitt,1
20010516-M-Hamburg-R32-Fabrice_Santoro-Andre_Agassi,1
20010602-M-Roland_Garros-R32-Fabrice_Santoro-Marat_Safin,1
20010603-M-Roland_Garros-R16-Gustavo_Kuerten-Michael_Russell,1
20010604-M-Roland_Garros-R16-Wayne_Arthurs-Roger_Federer,2
20010605-M-Roland_Garros-QF-Gustavo_Kuerten-Yevgeny_Kafelnikov,1
20010607-M-Roland_Garros-QF-Roger_Federer-Alex_Corretja,2
20010610-M-Roland_Garros-F-Alex_Corretja-Gustavo_Kuerten,2
20010613-M-Halle-R16-David_Prinosil-Roger_Federer,2
20010614-M-Halle-QF-Patrick_Rafter-Roger_Federer,1
20010617-M-Queens_Club-F-Tim_Henman-Lleyton_Hewitt,2
20010622-M-s_Hertogenbosch-SF-Roger_Federer-Lleyton_Hewitt,2
20010629-M-Wimbledon-R64-Carlos_Moya-Goran_Ivanisevic,2
20010702-M-Wimbledon-R16-Roger_Federer-Pete_Sampras,1
20010705-M-Wimbledon-QF-Patrick_Rafter-Thomas_Enqvist,1
20010705-M-Wimbledon-QF-Roger_Federer-Tim_Henman,2
20010707-M-Wimbledon-SF-Goran_Ivanisevic-Tim_Henman,1
20010707-M-Wimbledon-SF-Patrick_Rafter-Andre_Agassi,1
20010709-M-Wimbledon-F-Goran_Ivanisevic-Patrick_Rafter,1
20010728-M-Los_Angeles-SF-Gustavo_Kuerten-Andre_Agassi,2
20010729-M-Los_Angeles-F-Pete_Sampras-Andre_Agassi,2
20010729-M-Stuttgart-F-Gustavo_Kuerten-Guillermo_Canas,1
20010804-M-Canada_Masters-SF-Patrick_Rafter-Fabrice_Santoro,1
20010804-M-Canada_Masters-SF-Tommy_Haas-Andrei_Pavel,2
20010805-M-Canada_Masters-F-Patrick_Rafter-Andrei_Pavel,2
20010809-M-Cincinnati_Masters-R16-Goran_Ivanisevic-Gustavo_Kuerten,2
20010810-M-Cincinnati_Masters-QF-Yevgeny_Kafelnikov-Gustavo_Kuerten,2
20010811-M-Cincinnati_Masters-SF-Patrick_Rafter-Lleyton_Hewitt,1
20010811-M-Cincinnati_Masters-SF-Tim_Henman-Gustavo_Kuerten,2
20010818-M-Indianapolis-SF-Patrick_Rafter-Marat_Safin,1
20010826-M-Long_Island-F-Tommy_Haas-Pete_Sampras,1
20010827-M-US_Open-R128-Mike_Bryan-Andre_Agassi,2
20010827-M-US_Open-R32-Max_Mirnyi-Gustavo_Kuerten,2
20010829-M-US_Open-R128-Daniel_Vacek-Gustavo_Kuerten,2
20010829-M-US_Open-R64-Jack_Brasington-Andy_Roddick,2
20010830-M-US_Open-R64-Robby_Ginepri-Roger_Federer,2
20010904-M-US_Open-R16-Andre_Agassi-Roger_Federer,1
20010905-M-US_Open-R16-Tommy_Haas-Lleyton_Hewitt,2
20010906-M-US_Open-QF-Andy_Roddick-Lleyton_Hewitt,2
20010906-M-US_Open-QF-Pete_Sampras-Andre_Agassi,1
20010907-M-US_Open-SF-Yevgeny_Kafelnikov-Lleyton_Hewitt,2
20010908-M-US_Open-SF-Pete_Sampras-Marat_Safin,1
20010909-M-US_Open-F-Pete_Sampras-Lleyton_Hewitt,2
20010921-M-Davis_Cup_World_Group_PO-RR-Goran_Ivanisevic-Filippo_Volandri,2
20011007-M-Tokyo-F-Michel_Kratochvil-Lleyton_Hewitt,2
20011014-M-Vienna-F-Tommy_Haas-Guillermo_Canas,1
20011019-M-Stuttgart_Masters-QF-Max_Mirnyi-Pete_Sampras,1
20011020-M-Stuttgart_Masters-SF-Lleyton_Hewitt-Tommy_Haas,2
20011020-M-Stuttgart_Masters-SF-Yevgeny_Kafelnikov-Max_Mirnyi,2
20011026-M-Basel-QF-Andy_Roddick-Roger_Federer,2
20011028-M-Basel-F-Tim_Henman-Roger_Federer,1
20011103-M-Paris_Masters-SF-Tommy_Haas-Sebastien_Grosjean,2
20011103-M-Paris_Masters-SF-Yevgeny_Kafelnikov-Andreas_Vinciguerra,1
20011112-M-Masters_Cup-RR-Patrick_Rafter-Andre_Agassi,2
20011114-M-Masters_Cup-RR-Lleyton_Hewitt-Andre_Agassi,1
20011116-M-Masters_Cup-RR-Goran_Ivanisevic-Gustavo_Kuerten,1
20011116-M-Masters_Cup-RR-Patrick_Rafter-Lleyton_Hewitt,2
20011117-M-Masters_Cup-SF-Juan_Carlos_Ferrero-Lleyton_Hewitt,2
20011117-M-Masters_Cup-SF-Yevgeny_Kafelnikov-Sebastien_Grosjean,2
20011118-M-Masters_Cup-F-Sebastien_Grosjean-Lleyton_Hewitt,2
20011202-M-Davis_Cup_World_Group_F-RR-Sebastien_Grosjean-Lleyton_Hewitt,2
20011214-M-St_Anton_EXH-RR-Roger_Federer-Markus_Hipfl,1
20020112-M-Sydney-SF-Roger_Federer-Andy_Roddick,1
20020113-M-Sydney-F-Roger_Federer-Juan_Ignacio_Chela,1
20020121-M-Australian_Open-R16-Pete_Sampras-Marat_Safin,2
20020122-M-Australian_Open-R16-Roger_Federer-Tommy_Haas,2
20020126-M-Australian_Open-SF-Thomas_Johansson-Jiri_Novak,1
20020126-M-Australian_Open-SF-Tommy_Haas-Marat_Safin,2
20020127-M-Australian_Open-F-Thomas_Johansson-Marat_Safin,1
20020130-M-Milan-R16-Roger_Federer-Nikolay_Davydenko,1
20020203-M-Milan-F-Roger_Federer-Davide_Sanguinetti,1
20020208-M-Davis_Cup_World_Group_R1-RR-Marat_Safin-Roger_Federer,2
20020210-M-Davis_Cup_World_Group_R1-RR-Yevgeny_Kafelnikov-Roger_Federer,2
20020224-M-Memphis-F-James_Blake-Andy_Roddick,2
20020226-M-Dubai-R32-Roger_Federer-Adrian_Voinea,1
20020303-M-San_Jose-F-Lleyton_Hewitt-Andre_Agassi,1
20020316-M-Indian_Wells_Masters-SF-Pete_Sampras-Lleyton_Hewitt,2
20020317-M-Indian_Wells_Masters-F-Tim_Henman-Lleyton_Hewitt,2
20020325-M-Miami_Masters-R32-Pete_Sampras-Fernando_Gonzalez,2
20020328-M-Miami_Masters-QF-Marat_Safin-Lleyton_Hewitt,2
20020328-M-Miami_Masters-QF-Roger_Federer-Andrei_Pavel,1
20020329-M-Miami_Masters-SF-Roger_Federer-Lleyton_Hewitt,1
20020401-M-Miami_Masters-F-Roger_Federer-Andre_Agassi,2
20020415-M-Monte_Carlo_Masters-R64-Richard_Gasquet-Franco_Squillari,1
20020420-M-Monte_Carlo_Masters-SF-Carlos_Moya-Tim_Henman,1
20020425-M-Barcelona-R32-David_Nalbandian-Lleyton_Hewitt,2
20020428-M-Houston-F-Pete_Sampras-Andy_Roddick,2
20020428-M-Houston-SF-Pete_Sampras-Andre_Agassi,1
20020507-M-Rome_Masters-R64-Alex_Corretja-Giorgio_Galimberti,2
20020507-M-Rome_Masters-R64-Pete_Sampras-Felix_Mantilla,2
20020510-M-Rome_Masters-QF-Albert_Costa-Andre_Agassi,2
20020512-M-Rome_Masters-F-Tommy_Haas-Andre_Agassi,2
20020515-M-Hamburg_Masters-R32-Gustavo_Kuerten-Andrei_Pavel,1
20020516-M-Hamburg_Masters-R16-Gustavo_Kuerten-Guillermo_Canas,1
20020517-M-Hamburg_Masters-QF-Gustavo_Kuerten-Roger_Federer,2
20020518-M-Hamburg_Masters-SF-Max_Mirnyi-Roger_Federer,2
20020519-M-Hamburg_Masters-F-Roger_Federer-Marat_Safin,1
20020531-M-Roland_Garros-R32-Fernando_Gonzalez-Gustavo_Kuerten,2
20020605-M-Roland_Garros-QF-Marat_Safin-Sebastien_Grosjean,1
20020609-M-Roland_Garros-F-Albert_Costa-Juan_Carlos_Ferrero,1
20020616-M-Queens_Club-F-Lleyton_Hewitt-Tim_Henman,1
20020624-M-Wimbledon-R128-Mario_Ancic-Roger_Federer,1
20020703-M-Wimbledon-QF-Lleyton_Hewitt-Sjeng_Schalken,1
20020705-M-Wimbledon-SF-David_Nalbandian-Xavier_Malisse,1
20020705-M-Wimbledon-SF-Lleyton_Hewitt-Tim_Henman,1
20020707-M-Wimbledon-F-David_Nalbandian-Lleyton_Hewitt,2
20020714-M-Newport-F-Taylor_Dent-James_Blake,1
20020731-M-Canada_Masters-R32-Yevgeny_Kafelnikov-Younes_El_Aynaoui,1
20020803-M-Canada_Masters-SF-Andy_Roddick-Jiri_Novak,1
20020804-M-Canada_Masters-F-Andy_Roddick-Guillermo_Canas,2
20020809-M-Cincinnati_Masters-QF-Andy_Roddick-Fernando_Gonzalez,2
20020810-M-Cincinnati_Masters-QF-Andre_Agassi-Lleyton_Hewitt,2
20020810-M-Cincinnati_Masters-SF-Carlos_Moya-Juan_Carlos_Ferrero,1
20020811-M-Cincinnati_Masters-F-Carlos_Moya-Lleyton_Hewitt,1
20020811-M-Cincinnati_Masters-SF-Lleyton_Hewitt-Fernando_Gonzalez,1
20020817-M-Washington-SF-James_Blake-Andre_Agassi,1
20020818-M-Washington-F-Paradorn_Srichaphan-James_Blake,2
20020826-M-US_Open-R128-Jiri_Vanek-Roger_Federer,2
20020829-M-US_Open-R64-James_Blake-Nikolay_Davydenko,1
20020830-M-US_Open-R64-Marat_Safin-Gustavo_Kuerten,2
20020902-M-US_Open-R32-Greg_Rusedski-Pete_Sampras,2
20020905-M-US_Open-QF-Pete_Sampras-Andy_Roddick,1
20020905-M-US_Open-QF-Sjeng_Schalken-Fernando_Gonzalez,1
20020907-M-US_Open-SF-Lleyton_Hewitt-Andre_Agassi,2
20020907-M-US_Open-SF-Pete_Sampras-Sjeng_Schalken,1
20020908-M-US_Open-F-Pete_Sampras-Andre_Agassi,1
20020915-M-Costa_Do_Sauipe-F-Gustavo_Kuerten-Guillermo_Coria,1
20020920-M-Davis_Cup_World_Group_SF-RR-Marat_Safin-David_Nalbandian,1
20020920-M-Davis_Cup_World_Group_SF-RR-Yevgeny_Kafelnikov-Gaston_Gaudio,1
20021008-M-Vienna-R32-Roger_Federer-Zeljko_Krajan,1
20021011-M-Lyon-QF-Gustavo_Kuerten-Marat_Safin,1
20021013-M-Vienna-F-Roger_Federer-Jiri_Novak,1
20021019-M-Madrid_Masters-SF-Fabrice_Santoro-Jiri_Novak,2
20021019-M-Madrid_Masters-SF-Sebastien_Grosjean-Andre_Agassi,2
20021024-M-Basel-R16-Roger_Federer-Alexander_Waske,1
20021025-M-Basel-QF-Roger_Federer-Andy_Roddick,1
20021026-M-Basel-SF-Roger_Federer-David_Nalbandian,2
20021101-M-Paris_Masters-QF-Roger_Federer-Lleyton_Hewitt,2
20021102-M-Paris_Masters-SF-Lleyton_Hewitt-Paradorn_Srichaphan,1
20021102-M-Paris_Masters-SF-Marat_Safin-Carlos_Moya,1
20021110-M-Paris_Masters-F-Marat_Safin-Lleyton_Hewitt,1
20021111-M-Masters_Cup-RR-Andre_Agassi-Jiri_Novak,2
20021111-M-Masters_Cup-RR-Roger_Federer-Juan_Carlos_Ferrero,1
20021112-M-Masters_Cup-RR-Juan_Carlos_Ferrero-Andre_Agassi,1
20021113-M-Masters_Cup-RR-Roger_Federer-Jiri_Novak,1
20021115-M-Masters_Cup-RR-Roger_Federer-Thomas_Johansson,1
20021116-M-Masters_Cup-SF-Juan_Carlos_Ferrero-Carlos_Moya,1
20021116-M-Masters_Cup-SF-Roger_Federer-Lleyton_Hewitt,2
20021117-M-Masters_Cup-F-Lleyton_Hewitt-Juan_Carlos_Ferrero,1
20021129-M-Davis_Cup_World_Group_F-RR-Paul_Henri_Mathieu-Marat_Safin,2
20021201-M-Davis_Cup_World_Group_F-RR-Paul_Henri_Mathieu-Mikhail_Youzhny,2
20021201-M-Davis_Cup_World_Group_F-RR-Sebastien_Grosjean-Marat_Safin,2
20030101-M-Doha-R32-Roger_Federer-Andrei_Stoliarov,1
20030114-M-Australian_Open-R128-Roger_Federer-Flavio_Saretta,1
20030115-M-Australian_Open-R128-Paradorn_Srichaphan-Mark_Philippoussis,2
20030120-M-Australian_Open-R16-Roger_Federer-David_Nalbandian,2
20030122-M-Australian_Open-QF-Andy_Roddick-Younes_El_Aynaoui,1
20030125-M-Australian_Open-SF-Rainer_Schuettler-Andy_Roddick,1
20030125-M-Australian_Open-SF-Wayne_Ferreira-Andre_Agassi,2
20030126-M-Australian_Open-F-Rainer_Schuettler-Andre_Agassi,2
20030216-M-Marseille-F-Jonas_Bjorkman-Roger_Federer,2
20030301-M-Dubai-F-Roger_Federer-Jiri_Novak,1
20030314-M-Indian_Wells_Masters-R16-Guillermo_Coria-Lleyton_Hewitt,2
20030316-M-Indian_Wells_Masters-F-Lleyton_Hewitt-Gustavo_Kuerten,1
20030316-M-Indian_Wells_Masters-SF-Vincent_Spadea-Lleyton_Hewitt,2
20030325-M-Miami_Masters-R16-Andre_Agassi-Mark_Philippoussis,1
20030330-M-Miami_Masters-F-Andre_Agassi-Carlos_Moya,1
20030414-M-Monte_Carlo_Masters-R64-Arnaud_Clement-Fernando_Gonzalez,1
20030427-M-Houston-F-Andy_Roddick-Andre_Agassi,2
20030503-M-Munich-SF-Roger_Federer-Stefan_Koubek,1
20030504-M-Munich-F-Roger_Federer-Jarkko_Nieminen,1
20030505-M-Rome_Masters-R64-David_Ferrer-Andre_Agassi,1
20030508-M-Rome_Masters-R16-Roger_Federer-Tommy_Robredo,1
20030510-M-Rome_Masters-SF-Roger_Federer-Juan_Carlos_Ferrero,1
20030511-M-Rome_Masters-F-Felix_Mantilla-Roger_Federer,1
20030515-M-Hamburg_Masters-R16-Rafael_Nadal-Gaston_Gaudio,2
20030518-M-Hamburg_Masters-F-Guillermo_Coria-Agustin_Calleri,1
20030524-M-Roland_Garros-R64-Nikolay_Davydenko-Lleyton_Hewitt,2
20030601-M-Roland_Garros-R32-Gaston_Gaudio-Gustavo_Kuerten,2
20030603-M-Roland_Garros-QF-Guillermo_Coria-Andre_Agassi,1
20030608-M-Roland_Garros-F-Martin_Verkerk-Juan_Carlos_Ferrero,2
20030615-M-Halle-F-Roger_Federer-Nicolas_Kiefer,1
20030615-M-Queens_Club-SF-Andy_Roddick-Andre_Agassi,1
20030623-M-Wimbledon-R128-Ivo_Karlovic-Lleyton_Hewitt,1
20030627-M-Wimbledon-R32-Rafael_Nadal-Paradorn_Srichaphan,2
20030627-M-Wimbledon-R32-Roger_Federer-Mardy_Fish,1
20030628-M-Wimbledon-R32-Andre_Agassi-Younes_El_Aynaoui,1
20030629-M-Wimbledon-QF-Mark_Philippoussis-Alexander_Popp,1
20030630-M-Wimbledon-QF-Roger_Federer-Sjeng_Schalken,1
20030630-M-Wimbledon-R16-Mark_Philippoussis-Andre_Agassi,1
20030701-M-Wimbledon-SF-Andy_Roddick-Roger_Federer,2
20030701-M-Wimbledon-SF-Mark_Philippoussis-Sebastien_Grosjean,1
20030706-M-Wimbledon-F-Roger_Federer-Mark_Philippoussis,1
20030708-M-Gstaad-R32-Roger_Federer-Marc_Lopez,1
20030713-M-Gstaad-F-Roger_Federer-Jiri_Novak,2
20030727-M-Kitzbuhel-F-Guillermo_Coria-Nicolas_Massu,1
20030802-M-Washington-SF-Andre_Agassi-Fernando_Gonzalez,2
20030804-M-Canada_Masters-R16-Roger_Federer-Tommy_Robredo,1
20030807-M-Canada_Masters-R32-Roger_Federer-Greg_Rusedski,1
20030809-M-Canada_Masters-SF-Rainer_Schuettler-David_Nalbandian,2
20030809-M-Canada_Masters-SF-Roger_Federer-Andy_Roddick,2
20030810-M-Canada_Masters-F-Andy_Roddick-David_Nalbandian,1
20030811-M-Cincinnati_Masters-SF-Andy_Roddick-Max_Mirnyi,1
20030817-M-Cincinnati_Masters-F-Andy_Roddick-Mardy_Fish,1
20030829-M-US_Open-R64-Andy_Roddick-Ivan_Ljubicic,1
20030829-M-US_Open-R64-Roger_Federer-Jean_Rene_Lisnard,1
20030901-M-US_Open-R32-Roger_Federer-James_Blake,1
20030902-M-US_Open-R16-Roger_Federer-David_Nalbandian,2
20030905-M-US_Open-QF-Juan_Carlos_Ferrero-Lleyton_Hewitt,1
20030906-M-US_Open-SF-Andre_Agassi-Juan_Carlos_Ferrero,2
20030906-M-US_Open-SF-Andy_Roddick-David_Nalbandian,1
20030907-M-US_Open-F-Andy_Roddick-Juan_Carlos_Ferrero,1
20030919-M-Davis_Cup_World_Group_SF-RR-Roger_Federer-Mark_Philippoussis,1
20030921-M-Davis_Cup_World_Group_SF-RR-Roger_Federer-Lleyton_Hewitt,2
20031006-M-Vienna-R32-David_Ferrer-Roger_Federer,2
20031010-M-Vienna-QF-Roger_Federer-Jarkko_Nieminen,1
20031012-M-Vienna-F-Roger_Federer-Carlos_Moya,1
20031017-M-Madrid_Masters-QF-Roger_Federer-Feliciano_Lopez,1
20031018-M-Madrid_Masters-SF-Roger_Federer-Juan_Carlos_Ferrero,2
20031019-M-Madrid_Masters-F-Juan_Carlos_Ferrero-Nicolas_Massu,1
20031030-M-Paris_Masters-R16-Roger_Federer-Martin_Verkerk,1
20031031-M-Paris_Masters-QF-Roger_Federer-Tim_Henman,2
20031101-M-Paris_Masters-SF-Andy_Roddick-Tim_Henman,2
20031101-M-Paris_Masters-SF-Jiri_Novak-Andrei_Pavel,2
20031110-M-Masters_Cup-RR-Roger_Federer-Andre_Agassi,1
20031110-M-Masters_Cup-RR-Roger_Federer-Juan_Carlos_Ferrero,1
20031113-M-Masters_Cup-RR-Andre_Agassi-Juan_Carlos_Ferrero,1
20031114-M-Masters_Cup-RR-Andre_Agassi-David_Nalbandian,1
20031115-M-Masters_Cup-SF-Rainer_Schuettler-Andre_Agassi,2
20031115-M-Masters_Cup-SF-Roger_Federer-Andy_Roddick,1
20031116-M-Masters_Cup-F-Roger_Federer-Andre_Agassi,1
20031128-M-Davis_Cup_World_Group_F-RR-Juan_Carlos_Ferrero-Lleyton_Hewitt,2
20040120-M-Australian_Open-R128-Roger_Federer-Alex_Bogomolov_Jr,1
20040124-M-Australian_Open-R16-Andy_Roddick-Sjeng_Schalken,1
20040124-M-Australian_Open-R32-Roger_Federer-Todd_Reid,1
20040126-M-Australian_Open-R16-Roger_Federer-Lleyton_Hewitt,1
20040127-M-Australian_Open-QF-Andy_Roddick-Marat_Safin,2
20040128-M-Australian_Open-QF-Roger_Federer-David_Nalbandian,1
20040129-M-Australian_Open-SF-Andre_Agassi-Marat_Safin,2
20040130-M-Australian_Open-SF-Roger_Federer-Juan_Carlos_Ferrero,1
20040201-M-Australian_Open-F-Roger_Federer-Marat_Safin,1
20040215-M-San_Jose-F-Andy_Roddick-Mardy_Fish,1
20040216-M-Dubai-R32-Roger_Federer-Marat_Safin,1
20040221-M-Rotterdam-SF-Tim_Henman-Lleyton_Hewitt,2
20040222-M-Rotterdam-F-Juan_Carlos_Ferrero-Lleyton_Hewitt,2
20040303-M-Dubai-R16-Roger_Federer-Tommy_Robredo,1
20040306-M-Dubai-F-Roger_Federer-Feliciano_Lopez,1
20040310-M-Indian_Wells_Masters-R64-Roger_Federer-Andrei_Pavel,1
20040311-M-Indian_Wells_Masters-QF-Roger_Federer-Juan_Ignacio_Chela,1
20040311-M-Indian_Wells_Masters-R16-Roger_Federer-Mardy_Fish,1
20040312-M-Indian_Wells_Masters-R32-Roger_Federer-Fernando_Gonzalez,1
20040313-M-Indian_Wells_Masters-SF-Roger_Federer-Andre_Agassi,1
20040314-M-Indian_Wells_Masters-F-Roger_Federer-Tim_Henman,1
20040326-M-Miami_Masters-R64-Roger_Federer-Nikolay_Davydenko,1
20040328-M-Miami_Masters-F-Andy_Roddick-Guillermo_Coria,1
20040328-M-Miami_Masters-R32-Roger_Federer-Rafael_Nadal,2
20040402-M-Miami_Masters-SF-Guillermo_Coria-Fernando_Gonzalez,1
20040409-M-Davis_Cup_World_Group_QF-RR-Arnaud_Clement-Roger_Federer,2
20040409-M-Davis_Cup_World_Group_QF-RR-Nicolas_Escude-Roger_Federer,2
20040423-M-Monte_Carlo_Masters-QF-Marat_Safin-Alberto_Martin,1
20040424-M-Monte_Carlo_Masters-SF-Marat_Safin-Guillermo_Coria,2
20040503-M-Rome_Masters-R64-Jonas_Bjorkman-Roger_Federer,2
20040506-M-Rome_Masters-R32-Paradorn_Srichaphan-Marat_Safin,2
20040509-M-Rome_Masters-F-Carlos_Moya-David_Nalbandian,1
20040514-M-Hamburg_Masters-QF-Roger_Federer-Carlos_Moya,1
20040515-M-Hamburg_Masters-SF-Roger_Federer-Lleyton_Hewitt,1
20040516-M-Hamburg_Masters-F-Roger_Federer-Guillermo_Coria,1
20040524-M-Roland_Garros-R128-Fabrice_Santoro-Arnaud_Clement,1
20040528-M-Roland_Garros-R64-Felix_Mantilla-Marat_Safin,2
20040529-M-Roland_Garros-R32-Roger_Federer-Gustavo_Kuerten,2
20040530-M-Roland_Garros-R32-Martin_Verkerk-Lleyton_Hewitt,2
20040602-M-Roland_Garros-QF-Gustavo_Kuerten-David_Nalbandian,2
20040606-M-Roland_Garros-F-Gaston_Gaudio-Guillermo_Coria,1
20040612-M-Queens_Club-SF-Andy_Roddick-Lleyton_Hewitt,1
20040613-M-Halle-F-Roger_Federer-Mardy_Fish,1
20040613-M-Halle-SF-Roger_Federer-Jiri_Novak,1
20040613-M-Queens_Club-F-Sebastien_Grosjean-Andy_Roddick,2
20040621-M-Wimbledon-R128-Roger_Federer-Alex_Bogdanovic,1
20040621-M-Wimbledon-R64-Roger_Federer-Alejandro_Falla,1
20040627-M-Wimbledon-R32-Roger_Federer-Thomas_Johansson,1
20040628-M-Wimbledon-R16-Lleyton_Hewitt-Carlos_Moya,1
20040630-M-Wimbledon-QF-Roger_Federer-Lleyton_Hewitt,1
20040630-M-Wimbledon-R16-Roger_Federer-Ivo_Karlovic,1
20040701-M-Wimbledon-QF-Andy_Roddick-Sjeng_Schalken,1
20040703-M-Wimbledon-SF-Mario_Ancic-Andy_Roddick,2
20040703-M-Wimbledon-SF-Sebastien_Grosjean-Roger_Federer,2
20040704-M-Wimbledon-F-Roger_Federer-Andy_Roddick,1
20040706-M-Gstaad-R32-Roger_Federer-Tomas_Behrend,1
20040709-M-Gstaad-QF-Roger_Federer-Radek_Stepanek,1
20040710-M-Gstaad-SF-Roger_Federer-Potito_Starace,1
20040711-M-Gstaad-F-Roger_Federer-Igor_Andreev,1
20040725-M-Kitzbuhel-F-Nicolas_Massu-Gaston_Gaudio,1
20040726-M-Canada_Masters-R32-Andy_Roddick-Feliciano_Lopez,1
20040726-M-Canada_Masters-R64-Rafael_Nadal-Lleyton_Hewitt,2
20040729-M-Canada_Masters-R16-Max_Mirnyi-Roger_Federer,2
20040731-M-Canada_Masters-SF-Nicolas_Kiefer-Andy_Roddick,1
20040731-M-Canada_Masters-SF-Roger_Federer-Thomas_Johansson,1
20040801-M-Canada_Masters-F-Roger_Federer-Andy_Roddick,1
20040806-M-Cincinnati_Masters-QF-Carlos_Moya-Andre_Agassi,2
20040806-M-Cincinnati_Masters-QF-Marat_Safin-Lleyton_Hewitt,2
20040807-M-Cincinnati_Masters-SF-Andy_Roddick-Andre_Agassi,2
20040807-M-Cincinnati_Masters-SF-Lleyton_Hewitt-Tommy_Robredo,1
20040808-M-Cincinnati_Masters-F-Andre_Agassi-Lleyton_Hewitt,1
20040821-M-Olympics-BR-Taylor_Dent-Fernando_Gonzalez,2
20040822-M-Olympics-F-Nicolas_Massu-Mardy_Fish,1
20040902-M-US_Open-R64-Marcos_Baghdatis-Roger_Federer,2
20040902-M-US_Open-R64-Rafael_Nadal-Andy_Roddick,2
20040904-M-US_Open-R32-Andy_Roddick-Guillermo_Canas,1
20040909-M-US_Open-QF-Andy_Roddick-Joachim_Johansson,2
20040909-M-US_Open-QF-Lleyton_Hewitt-Tommy_Haas,1
20040909-M-US_Open-QF-Roger_Federer-Andre_Agassi,1
20040911-M-US_Open-SF-Lleyton_Hewitt-Joachim_Johansson,1
20040911-M-US_Open-SF-Roger_Federer-Tim_Henman,1
20040912-M-US_Open-F-Lleyton_Hewitt-Roger_Federer,2
20040929-M-Bangkok-R32-Nicolas_Thomann-Roger_Federer,2
20040930-M-Bangkok-R16-Ivo_Heuberger-Roger_Federer,2
20041001-M-Bangkok-QF-Roger_Federer-Robin_Soderling,1
20041002-M-Bangkok-SF-Andy_Roddick-Marat_Safin,1
20041003-M-Bangkok-F-Andy_Roddick-Roger_Federer,2
20041017-M-Moscow-F-Greg_Rusedski-Nikolay_Davydenko,2
20041023-M-Madrid_Masters-SF-Ivan_Ljubicic-David_Nalbandian,2
20041023-M-Madrid_Masters-SF-Marat_Safin-Andre_Agassi,1
20041025-M-St_Petersburg-F-Karol_Beck-Mikhail_Youzhny,2
20041026-M-St_Petersburg-R32-Sargis_Sargsian-Irakli_Labadze,1
20041027-M-Basel-R32-Rainer_Schuettler-Rafael_Nadal,1
20041030-M-Basel-F-Jiri_Novak-David_Nalbandian,1
20041101-M-Paris_Masters-QF-Lleyton_Hewitt-Marat_Safin,2
20041106-M-Paris_Masters-SF-Marat_Safin-Guillermo_Canas,1
20041106-M-Paris_Masters-SF-Max_Mirnyi-Radek_Stepanek,2
20041115-M-Masters_Cup-RR-Andy_Roddick-Tim_Henman,1
20041115-M-Masters_Cup-RR-Marat_Safin-Guillermo_Coria,1
20041116-M-Masters_Cup-RR-Lleyton_Hewitt-Carlos_Moya,1
20041117-M-Masters_Cup-RR-Roger_Federer-Lleyton_Hewitt,1
20041118-M-Masters_Cup-RR-Andy_Roddick-Marat_Safin,1
20041118-M-Masters_Cup-RR-Roger_Federer-Carlos_Moya,1
20041119-M-Masters_Cup-RR-Lleyton_Hewitt-Gaston_Gaudio,1
20041120-M-Masters_Cup-SF-Lleyton_Hewitt-Andy_Roddick,1
20041121-M-Masters_Cup-F-Roger_Federer-Lleyton_Hewitt,1
20041121-M-Masters_Cup-SF-Roger_Federer-Marat_Safin,1
20041203-M-Davis_Cup_World_Group_F-RR-Andy_Roddick-Rafael_Nadal,2
20050108-M-Doha-F-Roger_Federer-Ivan_Ljubicic,1
20050114-M-Australian_Open-R16-Lleyton_Hewitt-Rafael_Nadal,1
20050117-M-Australian_Open-R128-Novak_Djokovic-Marat_Safin,2
20050117-M-Australian_Open-R128-Roger_Federer-Fabrice_Santoro,1
20050119-M-Australian_Open-R64-Bohdan_Ulihrach-Marat_Safin,2
20050119-M-Australian_Open-R64-Roger_Federer-Takao_Suzuki,1
20050120-M-Australian_Open-R64-Lleyton_Hewitt-James_Blake,1
20050126-M-Australian_Open-QF-Lleyton_Hewitt-David_Nalbandian,1
20050126-M-Australian_Open-QF-Roger_Federer-Andre_Agassi,1
20050127-M-Australian_Open-SF-Roger_Federer-Marat_Safin,2
20050128-M-Australian_Open-SF-Andy_Roddick-Lleyton_Hewitt,2
20050130-M-Australian_Open-F-Lleyton_Hewitt-Marat_Safin,2
20050206-M-Vina_del_Mar-F-Gaston_Gaudio-Fernando_Gonzalez,1
20050220-M-Rotterdam-F-Roger_Federer-Ivan_Ljubicic,1
20050221-M-Dubai-SF-Roger_Federer-Andre_Agassi,1
20050226-M-Acapulco-F-Rafael_Nadal-Albert_Montanes,1
20050226-M-Dubai-F-Roger_Federer-Ivan_Ljubicic,1
20050304-M-Davis_Cup_World_Group_R1-RR-Marat_Safin-Adrian_Garcia,1
20050309-M-Indian_Wells_Masters-R64-Mardy_Fish-Roger_Federer,2
20050313-M-Indian_Wells_Masters-R32-Roger_Federer-Gilles_Muller,1
20050314-M-Indian_Wells_Masters-R32-Fernando_Gonzalez-James_Blake,1
20050315-M-Indian_Wells_Masters-R16-Ivan_Ljubicic-Roger_Federer,2
20050316-M-Indian_Wells_Masters-QF-Roger_Federer-Nicolas_Kiefer,1
20050318-M-Indian_Wells_Masters-SF-Roger_Federer-Guillermo_Canas,1
20050319-M-Indian_Wells_Masters-SF-Lleyton_Hewitt-Andy_Roddick,1
20050320-M-Indian_Wells_Masters-F-Lleyton_Hewitt-Roger_Federer,2
20050326-M-Miami_Masters-SF-Roger_Federer-Andre_Agassi,1
20050328-M-Miami_Masters-R64-Olivier_Rochus-Roger_Federer,2
20050329-M-Miami_Masters-R16-Roger_Federer-Mario_Ancic,1
20050331-M-Miami_Masters-QF-Tim_Henman-Roger_Federer,2
20050403-M-Miami_Masters-F-Roger_Federer-Rafael_Nadal,1
20050411-M-Monte_Carlo_Masters-R64-Roger_Federer-Greg_Rusedski,1
20050415-M-Monte_Carlo_Masters-QF-Roger_Federer-Richard_Gasquet,2
20050416-M-Monte_Carlo_Masters-SF-Juan_Carlos_Ferrero-Guillermo_Coria,2
20050417-M-Monte_Carlo_Masters-F-Rafael_Nadal-Guillermo_Coria,1
20050503-M-Rome_Masters-R64-Guillermo_Coria-Fernando_Gonzalez,1
20050505-M-Rome_Masters-R16-Andy_Roddick-Fernando_Verdasco,2
20050507-M-Rome_Masters-SF-Andre_Agassi-Guillermo_Coria,2
20050508-M-Rome_Masters-F-Rafael_Nadal-Guillermo_Coria,1
20050511-M-Hamburg_Masters-R32-Tomas_Berdych-Roger_Federer,2
20050513-M-Hamburg_Masters-QF-Roger_Federer-Guillermo_Coria,1
20050514-M-Hamburg_Masters-SF-Richard_Gasquet-Christophe_Rochus,1
20050514-M-Hamburg_Masters-SF-Roger_Federer-Nikolay_Davydenko,1
20050515-M-Hamburg_Masters-F-Roger_Federer-Richard_Gasquet,1
20050527-M-Roland_Garros-R32-Roger_Federer-Fernando_Gonzalez,1
20050528-M-Roland_Garros-R32-Marat_Safin-Juan_Carlos_Ferrero,1
20050530-M-Roland_Garros-R16-Marat_Safin-Tommy_Robredo,2
20050601-M-Roland_Garros-QF-Victor_Hanescu-Roger_Federer,2
20050601-M-Roland_Garros-SF-Roger_Federer-Rafael_Nadal,2
20050610-M-Queens_Club-QF-Lleyton_Hewitt-Ivo_Karlovic,2
20050612-M-Halle-F-Roger_Federer-Marat_Safin,1
20050613-M-s_Hertogenbosch-R32-Gilles_Muller-Tommy_Robredo,2
20050620-M-Wimbledon-R128-Paul_Henri_Mathieu-Roger_Federer,2
20050621-M-Wimbledon-R128-George_Bastl-Andy_Murray,2
20050622-M-Wimbledon-R64-Roger_Federer-Ivo_Minar,1
20050623-M-Wimbledon-R64-Gilles_Muller-Rafael_Nadal,1
20050629-M-Wimbledon-QF-Lleyton_Hewitt-Feliciano_Lopez,1
20050629-M-Wimbledon-QF-Roger_Federer-Fernando_Gonzalez,1
20050629-M-Wimbledon-QF-Sebastien_Grosjean-Andy_Roddick,2
20050701-M-Wimbledon-SF-Andy_Roddick-Thomas_Johansson,1
20050701-M-Wimbledon-SF-Roger_Federer-Lleyton_Hewitt,1
20050703-M-Wimbledon-F-Roger_Federer-Andy_Roddick,1
20050715-M-Davis_Cup_World_Group_QF-RR-Lleyton_Hewitt-Guillermo_Coria,1
20050731-M-Los_Angeles-F-Gilles_Muller-Andre_Agassi,2
20050812-M-Canada_Masters-QF-Rafael_Nadal-Mariano_Puerta,1
20050813-M-Canada_Masters-SF-Greg_Rusedski-Andre_Agassi,2
20050813-M-Canada_Masters-SF-Paul_Henri_Mathieu-Rafael_Nadal,2
20050815-M-Canada_Masters-F-Rafael_Nadal-Andre_Agassi,1
20050815-M-Cincinnati_Masters-R64-Roger_Federer-James_Blake,1
20050817-M-Cincinnati_Masters-R16-Lleyton_Hewitt-Mario_Ancic,1
20050819-M-Cincinnati_Masters-QF-Lleyton_Hewitt-Nikolay_Davydenko,1
20050820-M-Cincinnati_Masters-SF-Roger_Federer-Robby_Ginepri,1
20050821-M-Cincinnati_Masters-F-Andy_Roddick-Roger_Federer,2
20050821-M-Cincinnati_Masters-SF-Lleyton_Hewitt-Andy_Roddick,2
20050830-M-US_Open-R128-Novak_Djokovic-Gael_Monfils,1
20050831-M-US_Open-R64-Arnaud_Clement-Andy_Murray,1
20050831-M-US_Open-R64-Roger_Federer-Fabrice_Santoro,1
20050831-M-US_Open-R64-Scoville_Jenkins-Rafael_Nadal,2
20050905-M-US_Open-R32-Roger_Federer-Olivier_Rochus,1
20050908-M-US_Open-QF-Andre_Agassi-James_Blake,1
20050908-M-US_Open-QF-Lleyton_Hewitt-Jarkko_Nieminen,1
20050910-M-US_Open-SF-Robby_Ginepri-Andre_Agassi,2
20050910-M-US_Open-SF-Roger_Federer-Lleyton_Hewitt,1
20050911-M-US_Open-F-Roger_Federer-Andre_Agassi,1
20050923-M-Davis_Cup_World_Group_PO-RR-Roger_Federer-Alan_Mackin,1
20050927-M-Bangkok-R32-Marcos_Daniel-Roger_Federer,2
20051001-M-Bangkok-SF-Roger_Federer-Jarkko_Nieminen,1
20051002-M-Bangkok-F-Roger_Federer-Andy_Murray,1
20051002-M-Palermo-F-Filippo_Volandri-Igor_Andreev,2
20051009-M-Tokyo-F-Mario_Ancic-Wesley_Moodie,2
20051016-M-Moscow-F-Nicolas_Kiefer-Igor_Andreev,2
20051022-M-Madrid_Masters-SF-Ivan_Ljubicic-David_Nalbandian,1
20051022-M-Madrid_Masters-SF-Robby_Ginepri-Rafael_Nadal,2
20051023-M-Madrid_Masters-F-Ivan_Ljubicic-Rafael_Nadal,2
20051105-M-Paris_Masters-SF-Ivan_Ljubicic-Andy_Roddick,1
20051105-M-Paris_Masters-SF-Tomas_Berdych-Radek_Stepanek,1
20051106-M-Paris_Masters-F-Tomas_Berdych-Ivan_Ljubicic,1
20051114-M-Masters_Cup-RR-Roger_Federer-Ivan_Ljubicic,1
20051117-M-Masters_Cup-RR-Guillermo_Coria-Roger_Federer,2
20051118-M-Masters_Cup-RR-Gaston_Gaudio-Fernando_Gonzalez,1
20051119-M-Masters_Cup-SF-Roger_Federer-Gaston_Gaudio,1
20051119-M-Tour_Finals-SF-Nikolay_Davydenko-David_Nalbandian,2
20060106-M-Doha-SF-Tommy_Haas-Roger_Federer,2
20060107-M-Doha-F-Roger_Federer-Gael_Monfils,1
20060117-M-Australian_Open-R128-Roger_Federer-Denis_Istomin,1
20060117-M-Sydney-F-Igor_Andreev-James_Blake,2
20060121-M-Australian_Open-R32-Roger_Federer-Max_Mirnyi,1
20060122-M-Australian_Open-R16-Andy_Roddick-Marcos_Baghdatis,2
20060123-M-Australian_Open-QF-David_Nalbandian-Fabrice_Santoro,1
20060123-M-Australian_Open-R16-Tommy_Haas-Roger_Federer,2
20060124-M-Australian_Open-QF-Ivan_Ljubicic-Marcos_Baghdatis,2
20060125-M-Australian_Open-QF-Roger_Federer-Nikolay_Davydenko,1
20060126-M-Australian_Open-SF-David_Nalbandian-Marcos_Baghdatis,2
20060126-M-Australian_Open-SF-Roger_Federer-Nicolas_Kiefer,1
20060217-M-San_Jose-SF-Andy_Roddick-Andy_Murray,2
20060219-M-San_Jose-F-Lleyton_Hewitt-Andy_Murray,2
20060220-M-Dubai-R32-Stan_Wawrinka-Roger_Federer,2
20060302-M-Dubai-QF-Roger_Federer-Robin_Vik,1
20060305-M-Dubai-F-Roger_Federer-Rafael_Nadal,2
20060305-M-Las_Vegas-F-Lleyton_Hewitt-James_Blake,2
20060311-M-Indian_Wells_Masters-SF-Roger_Federer-Paradorn_Srichaphan,1
20060314-M-Indian_Wells_Masters-R64-Roger_Federer-Nicolas_Massu,1
20060318-M-Indian_Wells_Masters-SF-James_Blake-Rafael_Nadal,1
20060319-M-Indian_Wells_Masters-F-Roger_Federer-James_Blake,1
20060320-M-Miami_Masters-R64-Roger_Federer-Arnaud_Clement,1
20060324-M-Miami_Masters-QF-Roger_Federer-James_Blake,1
20060325-M-Miami_Masters-SF-Roger_Federer-David_Ferrer,1
20060326-M-Miami_Masters-F-Roger_Federer-Ivan_Ljubicic,1
20060407-M-Davis_Cup_World_Group_QF-RR-James_Blake-Fernando_Gonzalez,2
20060407-M-Davis_Cup_World_Group_QF-RR-Richard_Gasquet-Marat_Safin,2
20060419-M-Monte_Carlo_Masters-R64-Novak_Djokovic-Roger_Federer,2
20060420-M-Monte_Carlo_Masters-R16-Roger_Federer-Benjamin_Balleret,1
20060421-M-Monte_Carlo_Masters-QF-Roger_Federer-David_Ferrer,1
20060422-M-Monte_Carlo_Masters-SF-Fernando_Gonzalez-Roger_Federer,2
20060423-M-Monte_Carlo_Masters-F-Roger_Federer-Rafael_Nadal,2
20060508-M-Rome_Masters-R64-Roger_Federer-Juan_Ignacio_Chela,1
20060509-M-Rome_Masters-R64-Andy_Murray-Filippo_Volandri,2
20060509-M-Rome_Masters-R64-Carlos_Moya-Rafael_Nadal,2
20060512-M-Rome_Masters-QF-Mario_Ancic-David_Nalbandian,2
20060513-M-Rome_Masters-SF-Rafael_Nadal-Gael_Monfils,1
20060513-M-Rome_Masters-SF-Roger_Federer-David_Nalbandian,1
20060514-M-Rome_Masters-F-Roger_Federer-Rafael_Nadal,2
20060521-M-Hamburg_Masters-F-Tommy_Robredo-Radek_Stepanek,1
20060528-M-Roland_Garros-R128-Roger_Federer-Diego_Hartfield,1
20060530-M-Roland_Garros-R128-Fernando_Gonzalez-Marat_Safin,1
20060531-M-Roland_Garros-R64-Roger_Federer-Alejandro_Falla,1
20060602-M-Roland_Garros-R32-Dmitry_Tursunov-David_Nalbandian,2
20060602-M-Roland_Garros-R32-Roger_Federer-Nicolas_Massu,1
20060602-M-Roland_Garros-R64-James_Blake-Nicolas_Almagro,1
20060604-M-Roland_Garros-R16-Roger_Federer-Tomas_Berdych,1
20060605-M-Roland_Garros-R16-Lleyton_Hewitt-Rafael_Nadal,2
20060607-M-Roland_Garros-QF-Novak_Djokovic-Rafael_Nadal,2
20060607-M-Roland_Garros-QF-Roger_Federer-Mario_Ancic,1
20060609-M-Roland_Garros-SF-Roger_Federer-David_Nalbandian,1
20060611-M-Roland_Garros-F-Roger_Federer-Rafael_Nadal,2
20060612-M-Halle-R32-Rohan_Bopanna-Roger_Federer,2
20060615-M-Queens_Club-R16-Fernando_Verdasco-Rafael_Nadal,2
20060616-M-Queens_Club-QF-Rafael_Nadal-Lleyton_Hewitt,2
20060617-M-Halle-SF-Tommy_Haas-Roger_Federer,2
20060617-M-Queens_Club-SF-Lleyton_Hewitt-Tim_Henman,1
20060618-M-Halle-F-Roger_Federer-Tomas_Berdych,1
20060618-M-Queens_Club-F-James_Blake-Lleyton_Hewitt,2
20060627-M-Wimbledon-R128-Roger_Federer-Richard_Gasquet,1
20060628-M-Wimbledon-R64-Fernando_Gonzalez-Marat_Safin,1
20060701-M-Wimbledon-R32-Andy_Roddick-Andy_Murray,2
20060701-M-Wimbledon-R32-Rafael_Nadal-Andre_Agassi,1
20060703-M-Wimbledon-R16-Marcos_Baghdatis-Andy_Murray,1
20060705-M-Wimbledon-QF-Jonas_Bjorkman-Radek_Stepanek,1
20060705-M-Wimbledon-QF-Mario_Ancic-Roger_Federer,2
20060707-M-Wimbledon-SF-Jonas_Bjorkman-Roger_Federer,2
20060707-M-Wimbledon-SF-Marcos_Baghdatis-Rafael_Nadal,2
20060709-M-Wimbledon-F-Roger_Federer-Rafael_Nadal,1
20060723-M-Amersfoort-F-Novak_Djokovic-Nicolas_Massu,1
20060724-M-Indianapolis-F-James_Blake-Andy_Roddick,1
20060806-M-Washington-F-Arnaud_Clement-Andy_Murray,1
20060810-M-Canada_Masters-R32-Hyung_Taik_Lee-Rafael_Nadal,2
20060811-M-Canada_Masters-QF-Roger_Federer-Xavier_Malisse,1
20060812-M-Canada_Masters-SF-Richard_Gasquet-Andy_Murray,1
20060812-M-Canada_Masters-SF-Roger_Federer-Fernando_Gonzalez,1
20060813-M-Canada_Masters-F-Roger_Federer-Richard_Gasquet,1
20060815-M-Cincinnati_Masters-R32-Kristof_Vliegen-Andy_Roddick,2
20060816-M-Cincinnati_Masters-R32-Roger_Federer-Andy_Murray,2
20060818-M-Cincinnati_Masters-QF-Andy_Roddick-Andy_Murray,1
20060818-M-Cincinnati_Masters-QF-David_Ferrer-Fernando_Gonzalez,2
20060819-M-Cincinnati_Masters-SF-Fernando_Gonzalez-Andy_Roddick,2
20060819-M-Cincinnati_Masters-SF-Juan_Carlos_Ferrero-Tommy_Robredo,1
20060828-M-US_Open-R128-Andre_Agassi-Andrei_Pavel,1
20060830-M-US_Open-R128-Jimmy_Wang-Roger_Federer,2
20060830-M-US_Open-R64-Andy_Roddick-Kristian_Pless,1
20060831-M-US_Open-R64-Marat_Safin-David_Nalbandian,1
20060831-M-US_Open-R64-Marcos_Baghdatis-Andre_Agassi,2
20060901-M-US_Open-R32-Vincent_Spadea-Roger_Federer,2
20060904-M-US_Open-R16-Richard_Gasquet-Lleyton_Hewitt,2
20060906-M-US_Open-QF-Andy_Roddick-Lleyton_Hewitt,1
20060906-M-US_Open-QF-Mikhail_Youzhny-Rafael_Nadal,1
20060906-M-US_Open-QF-Tommy_Haas-Nikolay_Davydenko,2
20060907-M-US_Open-QF-James_Blake-Roger_Federer,2
20060909-M-US_Open-SF-Andy_Roddick-Mikhail_Youzhny,1
20060909-M-US_Open-SF-Roger_Federer-Nikolay_Davydenko,1
20060910-M-US_Open-F-Roger_Federer-Andy_Roddick,1
20060922-M-Davis_Cup_World_Group_PO-RR-Roger_Federer-Novak_Djokovic,1
20060924-M-Davis_Cup_World_Group_SF-RR-Dmitry_Tursunov-Andy_Roddick,1
20061003-M-Tokyo-R16-Roger_Federer-Wesley_Moodie,1
20061004-M-Tokyo-QF-Roger_Federer-Takao_Suzuki,1
20061007-M-Tokyo-SF-Roger_Federer-Benjamin_Becker,1
20061008-M-Metz-F-Novak_Djokovic-Jurgen_Melzer,1
20061008-M-Tokyo-F-Roger_Federer-Tim_Henman,1
20061015-M-Moscow-F-Marat_Safin-Nikolay_Davydenko,2
20061021-M-Madrid_Masters-SF-Roger_Federer-David_Nalbandian,1
20061021-M-Madrid_Masters-SF-Tomas_Berdych-Fernando_Gonzalez,2
20061022-M-Madrid_Masters-F-Roger_Federer-Fernando_Gonzalez,1
20061025-M-Basel-R32-Roger_Federer-Tomas_Zib,1
20061027-M-Basel-QF-Roger_Federer-David_Ferrer,1
20061028-M-Basel-SF-Paradorn_Srichaphan-Roger_Federer,2
20061029-M-Basel-F-Roger_Federer-Fernando_Gonzalez,1
20061104-M-Paris_Masters-SF-Tommy_Haas-Dominik_Hrbaty,2
20061104-M-Paris_Masters-SF-Tommy_Robredo-Nikolay_Davydenko,2
20061105-M-Paris_Masters-F-Nikolay_Davydenko-Dominik_Hrbaty,1
20061113-M-Masters_Cup-RR-Roger_Federer-David_Nalbandian,1
20061113-M-Masters_Cup-SF-Roger_Federer-Rafael_Nadal,1
20061114-M-Masters_Cup-RR-Roger_Federer-Andy_Roddick,1
20061116-M-Masters_Cup-RR-Roger_Federer-Ivan_Ljubicic,1
20061117-M-Masters_Cup-RR-Nikolay_Davydenko-Rafael_Nadal,2
20061118-M-Masters_Cup-SF-James_Blake-David_Nalbandian,1
20061119-M-Masters_Cup-F-Roger_Federer-James_Blake,1
20061201-M-Davis_Cup_World_Group_F-RR-Marat_Safin-David_Nalbandian,2
20061203-M-Davis_Cup_World_Group_F-RR-David_Nalbandian-Nikolay_Davydenko,1
20061203-M-Davis_Cup_World_Group_F-RR-Marat_Safin-Jose_Acasuso,1
20070107-M-Adelaide-F-Chris_Guccione-Novak_Djokovic,2
20070115-M-Australian_Open-R128-Novak_Djokovic-Nicolas_Massu,1
20070116-M-Australian_Open-R128-Robert_Kendrick-Rafael_Nadal,2
20070118-M-Australian_Open-R64-Juan_Martin_Del_Potro-Fernando_Gonzalez,2
20070119-M-Australian_Open-R32-Andy_Roddick-Marat_Safin,1
20070119-M-Australian_Open-R32-Roger_Federer-Mikhail_Youzhny,1
20070122-M-Australian_Open-R16-James_Blake-Fernando_Gonzalez,2
20070122-M-Australian_Open-R16-Rafael_Nadal-Andy_Murray,1
20070122-M-Australian_Open-R16-Roger_Federer-Novak_Djokovic,1
20070123-M-Australian_Open-QF-Rafael_Nadal-Fernando_Gonzalez,2
20070124-M-Australian_Open-QF-Roger_Federer-Tommy_Robredo,1
20070125-M-Australian_Open-SF-Andy_Roddick-Roger_Federer,2
20070126-M-Australian_Open-SF-Tommy_Haas-Fernando_Gonzalez,2
20070209-M-Davis_Cup_World_Group_R1-RR-Marat_Safin-Nicolas_Massu,1
20070218-M-San_Jose-F-Ivo_Karlovic-Andy_Murray,2
20070224-M-Memphis-SF-Andy_Roddick-Andy_Murray,1
20070225-M-Memphis-F-Tommy_Haas-Andy_Roddick,1
20070228-M-Las_Vegas-RR-Benjamin_Becker-Gustavo_Kuerten,1
20070301-M-Dubai-QF-Roger_Federer-Novak_Djokovic,1
20070303-M-Dubai-F-Roger_Federer-Mikhail_Youzhny,1
20070304-M-Acapulco-F-Juan_Ignacio_Chela-Carlos_Moya,1
20070305-M-Indian_Wells-SF-Andy_Murray-Novak_Djokovic,2
20070310-M-Indian_Wells_Masters-R64-Richard_Gasquet-Juan_Martin_Del_Potro,1
20070318-M-Indian_Wells_Masters-F-Novak_Djokovic-Rafael_Nadal,2
20070325-M-Miami_Masters-F-Novak_Djokovic-Guillermo_Canas,1
20070329-M-Miami_Masters-QF-Novak_Djokovic-Rafael_Nadal,1
20070330-M-Miami_Masters-SF-Novak_Djokovic-Andy_Murray,1
20070415-M-Monte_Carlo_Masters-F-Roger_Federer-Rafael_Nadal,2
20070421-M-Monte_Carlo_Masters-SF-Roger_Federer-Juan_Carlos_Ferrero,1
20070421-M-Monte_Carlo_Masters-SF-Tomas_Berdych-Rafael_Nadal,2
20070506-M-Estoril-F-Richard_Gasquet-Novak_Djokovic,2
20070509-M-Rome_Masters-R32-Marat_Safin-Nikolay_Davydenko,2
20070510-M-Rome_Masters-R16-Roger_Federer-Filippo_Volandri,2
20070511-M-Rome_Masters-QF-Novak_Djokovic-Rafael_Nadal,2
20070512-M-Rome_Masters-SF-Fernando_Gonzalez-Filippo_Volandri,1
20070512-M-Rome_Masters-SF-Nikolay_Davydenko-Rafael_Nadal,2
20070513-M-Rome_Masters-F-Fernando_Gonzalez-Rafael_Nadal,2
20070516-M-Hamburg_Masters-R16-Nikolay_Davydenko-Lleyton_Hewitt,2
20070517-M-Hamburg_Masters-R64-Nicolas_Massu-Marat_Safin,2
20070519-M-Hamburg_Masters-SF-Roger_Federer-Carlos_Moya,1
20070520-M-Hamburg_Masters-F-Roger_Federer-Rafael_Nadal,1
20070521-M-Hamburg_Masters-SF-Rafael_Nadal-Lleyton_Hewitt,1
20070529-M-Roland_Garros-R128-Juan_Martin_Del_Potro-Rafael_Nadal,2
20070606-M-Roland_Garros-QF-Carlos_Moya-Rafael_Nadal,2
20070606-M-Roland_Garros-QF-Tommy_Robredo-Roger_Federer,2
20070608-M-Roland_Garros-SF-Novak_Djokovic-Rafael_Nadal,2
20070608-M-Roland_Garros-SF-Roger_Federer-Nikolay_Davydenko,1
20070610-M-Roland_Garros-F-Roger_Federer-Rafael_Nadal,2
20070613-M-Queens_Club-R32-Jo_Wilfried_Tsonga-Lleyton_Hewitt,1
20070615-M-Queens_Club-QF-Nicolas_Mahut-Rafael_Nadal,1
20070617-M-Queens_Club-F-Nicolas_Mahut-Andy_Roddick,2
20070628-M-Wimbledon-R64-Aisam_Ul_Haq_Qureshi-Marat_Safin,2
20070628-M-Wimbledon-R64-Werner_Eschauer-Rafael_Nadal,2
20070629-M-Wimbledon-R32-Janko_Tipsarevic-Fernando_Gonzalez,1
20070629-M-Wimbledon-R32-Roger_Federer-Marat_Safin,1
20070705-M-Wimbledon-R16-Novak_Djokovic-Lleyton_Hewitt,1
20070706-M-Wimbledon-QF-Richard_Gasquet-Andy_Roddick,1
20070707-M-Wimbledon-SF-Novak_Djokovic-Rafael_Nadal,2
20070707-M-Wimbledon-SF-Roger_Federer-Richard_Gasquet,1
20070708-M-Wimbledon-F-Roger_Federer-Rafael_Nadal,1
20070806-M-Canada_Masters-R64-Lleyton_Hewitt-Juan_Carlos_Ferrero,1
20070810-M-Canada_Masters-SF-Roger_Federer-Radek_Stepanek,1
20070812-M-Canada_Masters-F-Novak_Djokovic-Roger_Federer,1
20070812-M-Canada_Masters-SF-Novak_Djokovic-Rafael_Nadal,1
20070818-M-Cincinnati_Masters-SF-James_Blake-Nikolay_Davydenko,1
20070818-M-Cincinnati_Masters-SF-Roger_Federer-Lleyton_Hewitt,1
20070819-M-Cincinnati_Masters-F-Roger_Federer-James_Blake,1
20070830-M-US_Open-R64-Roger_Federer-Paul_Capdeville,1
20070904-M-US_Open-R16-David_Ferrer-Rafael_Nadal,1
20070904-M-US_Open-R16-Tommy_Haas-James_Blake,1
20070905-M-US_Open-QF-Roger_Federer-Andy_Roddick,1
20070905-M-US_Open-QF-Tommy_Haas-Nikolay_Davydenko,2
20070908-M-US_Open-SF-David_Ferrer-Novak_Djokovic,2
20070908-M-US_Open-SF-Roger_Federer-Nikolay_Davydenko,1
20070909-M-US_Open-F-Roger_Federer-Novak_Djokovic,1
20071007-M-Metz-F-Andy_Murray-Tommy_Robredo,2
20071014-M-Vienna-F-Stan_Wawrinka-Novak_Djokovic,2
20071018-M-Madrid_Masters-R16-Andy_Murray-Rafael_Nadal,2
20071020-M-Madrid_Masters-SF-Nicolas_Kiefer-Roger_Federer,2
20071020-M-Madrid_Masters-SF-Novak_Djokovic-David_Nalbandian,2
20071021-M-Madrid_Masters-F-Roger_Federer-David_Nalbandian,2
20071022-M-Basel-R16-Roger_Federer-Juan_Martin_Del_Potro,1
20071028-M-Basel-F-Roger_Federer-Jarkko_Nieminen,1
20071028-M-Paris_Masters-F-Rafael_Nadal-David_Nalbandian,2
20071028-M-St_Petersburg-F-Fernando_Verdasco-Andy_Murray,2
20071031-M-Paris_Masters-R16-Roger_Federer-David_Nalbandian,2
20071103-M-Paris_Masters-SF-Rafael_Nadal-Marcos_Baghdatis,1
20071103-M-Paris_Masters-SF-Richard_Gasquet-David_Nalbandian,2
20071112-M-Masters_Cup-RR-Novak_Djokovic-Richard_Gasquet,2
20071112-M-Masters_Cup-RR-Roger_Federer-Fernando_Gonzalez,2
20071112-M-Masters_Cup-SF-Roger_Federer-Rafael_Nadal,1
20071114-M-Masters_Cup-RR-Roger_Federer-Nikolay_Davydenko,1
20071115-M-Tour_Finals-RR-Novak_Djokovic-Rafael_Nadal,2
20071116-M-Masters_Cup-RR-Andy_Roddick-Roger_Federer,2
20071118-M-Masters_Cup-F-David_Ferrer-Roger_Federer,2
20071130-M-Davis_Cup_World_Group_F-RR-James_Blake-Mikhail_Youzhny,1
20080105-M-Doha-F-Stan_Wawrinka-Andy_Murray,2
20080106-M-Chennai-F-Mikhail_Youzhny-Rafael_Nadal,1
20080114-M-Australian_Open-R128-Novak_Djokovic-Benjamin_Becker,1
20080115-M-Australian_Open-R128-Roger_Federer-Diego_Hartfield,1
20080117-M-Australian_Open-R64-Marat_Safin-Marcos_Baghdatis,2
20080117-M-Australian_Open-R64-Roger_Federer-Fabrice_Santoro,1
20080119-M-Australian_Open-R32-Lleyton_Hewitt-Marcos_Baghdatis,1
20080119-M-Australian_Open-R32-Roger_Federer-Janko_Tipsarevic,1
20080120-M-Australian_Open-R16-Richard_Gasquet-Jo_Wilfried_Tsonga,2
20080121-M-Australian_Open-R16-Tomas_Berdych-Roger_Federer,2
20080122-M-Australian_Open-QF-Jarkko_Nieminen-Rafael_Nadal,2
20080122-M-Australian_Open-QF-Jo_Wilfried_Tsonga-Mikhail_Youzhny,1
20080123-M-Australian_Open-QF-Roger_Federer-James_Blake,1
20080125-M-Australian_Open-SF-Jo_Wilfried_Tsonga-Rafael_Nadal,1
20080127-M-Australian_Open-SF-Novak_Djokovic-Roger_Federer,1
20080304-M-Dubai-R32-Roger_Federer-Andy_Murray,2
20080307-M-Dubai-QF-Igor_Andreev-Novak_Djokovic,2
20080308-M-Dubai-F-Andy_Roddick-Feliciano_Lopez,1
20080322-M-Indian_Wells_Masters-SF-Mardy_Fish-Roger_Federer,1
20080322-M-Indian_Wells_Masters-SF-Novak_Djokovic-Rafael_Nadal,1
20080419-M-Estoril-SF-Roger_Federer-Denis_Gremelmayr,1
20080419-M-Monte_Carlo_Masters-SF-Roger_Federer-Novak_Djokovic,1
20080420-M-Estoril-F-Nikolay_Davydenko-Roger_Federer,2
20080420-M-Monte_Carlo_Masters-F-Rafael_Nadal-Roger_Federer,1
20080423-M-Monte_Carlo_Masters-R32-Roger_Federer-Ruben_Ramirez_Hidalgo,1
20080425-M-Monte_Carlo_Masters-QF-Roger_Federer-David_Nalbandian,1
20080426-M-Monte_Carlo_Masters-SF-Nikolay_Davydenko-Rafael_Nadal,2
20080507-M-Rome_Masters-R32-Juan_Carlos_Ferrero-Rafael_Nadal,1
20080510-M-Rome_Masters-SF-Novak_Djokovic-Radek_Stepanek,1
20080511-M-Hamburg_Masters-F-Roger_Federer-Rafael_Nadal,2
20080511-M-Rome_Masters-F-Novak_Djokovic-Stan_Wawrinka,1
20080517-M-Hamburg_Masters-SF-Novak_Djokovic-Rafael_Nadal,2
20080517-M-Hamburg_Masters-SF-Roger_Federer-Andreas_Seppi,1
20080529-M-Roland_Garros-R64-Marat_Safin-Nikolay_Davydenko,2
20080529-M-Roland_Garros-R64-Rafael_Nadal-Nicolas_Devilder,1
20080530-M-Roland_Garros-R32-Roger_Federer-Mario_Ancic,1
20080603-M-Roland_Garros-QF-Novak_Djokovic-Ernests_Gulbis,1
20080604-M-Roland_Garros-QF-Roger_Federer-Fernando_Gonzalez,1
20080606-M-Roland_Garros-SF-Gael_Monfils-Roger_Federer,2
20080606-M-Roland_Garros-SF-Novak_Djokovic-Rafael_Nadal,2
20080608-M-Roland_Garros-F-Roger_Federer-Rafael_Nadal,2
20080614-M-Queens_Club-SF-Andy_Roddick-Rafael_Nadal,2
20080615-M-Halle-F-Roger_Federer-Philipp_Kohlschreiber,1
20080615-M-Queens_Club-F-Novak_Djokovic-Rafael_Nadal,2
20080627-M-Wimbledon-R64-Novak_Djokovic-Marat_Safin,2
20080628-M-Wimbledon-R32-Roger_Federer-Marc_Gicquel,1
20080630-M-Wimbledon-R16-Richard_Gasquet-Andy_Murray,2
20080630-M-Wimbledon-R16-Roger_Federer-Lleyton_Hewitt,1
20080630-M-Wimbledon-R16-Stan_Wawrinka-Marat_Safin,2
20080702-M-Wimbledon-QF-Rafael_Nadal-Andy_Murray,1
20080702-M-Wimbledon-QF-Roger_Federer-Mario_Ancic,1
20080704-M-Wimbledon-SF-Rainer_Schuettler-Rafael_Nadal,2
20080704-M-Wimbledon-SF-Roger_Federer-Marat_Safin,1
20080706-M-Wimbledon-F-Roger_Federer-Rafael_Nadal,2
20080713-M-Stuttgart-F-Richard_Gasquet-Juan_Martin_Del_Potro,2
20080720-M-Kitzbuhel-F-Jurgen_Melzer-Juan_Martin_Del_Potro,2
20080721-M-Canada_Masters-R64-Frank_Dancevic-Mario_Ancic,1
20080726-M-Canada_Masters-SF-Andy_Murray-Rafael_Nadal,2
20080726-M-Canada_Masters-SF-Gilles_Simon-Nicolas_Kiefer,2
20080727-M-Canada_Masters-F-Nicolas_Kiefer-Rafael_Nadal,2
20080802-M-Cincinnati_Masters-SF-Ivo_Karlovic-Andy_Murray,2
20080802-M-Cincinnati_Masters-SF-Novak_Djokovic-Rafael_Nadal,1
20080803-M-Cincinnati_Masters-F-Novak_Djokovic-Andy_Murray,2
20080811-M-Los_Angeles-F-Andy_Roddick-Juan_Martin_Del_Potro,2
20080812-M-Olympics-R32-Rafael_Arevalo-Roger_Federer,2
20080814-M-Olympics-QF-Novak_Djokovic-Gael_Monfils,1
20080815-M-Olympics-SF-James_Blake-Fernando_Gonzalez,2
20080815-M-Olympics-SF-Novak_Djokovic-Rafael_Nadal,2
20080816-M-Olympics-BR-Novak_Djokovic-James_Blake,1
20080817-M-Olympics-F-Rafael_Nadal-Fernando_Gonzalez,1
20080827-M-US_Open-R128-Roger_Federer-Maximo_Gonzalez,1
20080830-M-US_Open-R32-Gilles_Simon-Juan_Martin_Del_Potro,2
20080830-M-US_Open-R32-James_Blake-Mardy_Fish,2
20080831-M-US_Open-R32-Roger_Federer-Radek_Stepanek,1
20080903-M-US_Open-R16-Roger_Federer-Igor_Andreev,1
20080904-M-US_Open-QF-Roger_Federer-Gilles_Muller,1
20080905-M-US_Open-SF-Rafael_Nadal-Andy_Murray,2
20080908-M-US_Open-F-Roger_Federer-Andy_Murray,1
20080928-M-Bangkok-F-Jo_Wilfried_Tsonga-Novak_Djokovic,1
20081005-M-Tokyo-F-Tomas_Berdych-Juan_Martin_Del_Potro,1
20081012-M-Stockholm-F-Robin_Soderling-David_Nalbandian,2
20081017-M-Madrid_Masters-QF-Roger_Federer-Juan_Martin_Del_Potro,1
20081018-M-Madrid_Masters-SF-Gilles_Simon-Rafael_Nadal,1
20081018-M-Madrid_Masters-SF-Roger_Federer-Andy_Murray,2
20081019-M-Madrid_Masters-F-Gilles_Simon-Andy_Murray,2
20081022-M-Basel-R32-Roger_Federer-Bobby_Reynolds,1
20081025-M-Basel-SF-Roger_Federer-Feliciano_Lopez,1
20081026-M-Basel-F-Roger_Federer-David_Nalbandian,1
20081026-M-St_Petersburg-F-Andy_Murray-Andrey_Golubev,1
20081031-M-Moscow-QF-Marat_Safin-Nikolay_Davydenko,1
20081031-M-Paris_Masters-QF-Jo_Wilfried_Tsonga-Andy_Roddick,1
20081101-M-Paris_Masters-SF-David_Nalbandian-Nikolay_Davydenko,1
20081101-M-Paris_Masters-SF-James_Blake-Jo_Wilfried_Tsonga,2
20081102-M-Paris_Masters-F-Jo_Wilfried_Tsonga-David_Nalbandian,1
20081108-M-Tour_Finals-RR-Jo_Wilfried_Tsonga-Nikolay_Davydenko,2
20081111-M-Tour_Finals-RR-Andy_Roddick-Andy_Murray,2
20081111-M-Tour_Finals-RR-Novak_Djokovic-Nikolay_Davydenko,1
20081113-M-Tour_Finals-RR-Nikolay_Davydenko-Juan_Martin_Del_Potro,1
20081114-M-Masters_Cup-RR-Roger_Federer-Andy_Murray,2
20081115-M-Tour_Finals-SF-Andy_Murray-Nikolay_Davydenko,2
20081115-M-Tour_Finals-SF-Novak_Djokovic-Gilles_Simon,1
20081116-M-Tour_Finals-F-Novak_Djokovic-Nikolay_Davydenko,1
20090109-M-Doha-SF-Roger_Federer-Andy_Murray,2
20090110-M-Doha-F-Andy_Roddick-Andy_Murray,2
20090123-M-Australian_Open-R32-Roger_Federer-Marat_Safin,1
20090124-M-Australian_Open-R32-Richard_Gasquet-Fernando_Gonzalez,2
20090124-M-Australian_Open-R32-Tommy_Haas-Rafael_Nadal,2
20090125-M-Australian_Open-R16-Fernando_Verdasco-Andy_Murray,1
20090126-M-Australian_Open-R16-Roger_Federer-Tomas_Berdych,1
20090127-M-Australian_Open-QF-Andy_Roddick-Novak_Djokovic,1
20090128-M-Australian_Open-QF-Fernando_Verdasco-Jo_Wilfried_Tsonga,1
20090128-M-Australian_Open-QF-Gilles_Simon-Rafael_Nadal,2
20090128-M-Australian_Open-QF-Roger_Federer-Juan_Martin_Del_Potro,1
20090129-M-Australian_Open-SF-Andy_Roddick-Roger_Federer,2
20090130-M-Australian_Open-SF-Fernando_Verdasco-Rafael_Nadal,2
20090201-M-Australian_Open-F-Roger_Federer-Rafael_Nadal,2
20090212-M-Rotterdam-R16-Grigor_Dimitrov-Rafael_Nadal,2
20090221-M-Memphis-SF-Andy_Roddick-Lleyton_Hewitt,1
20090222-M-Memphis-F-Andy_Roddick-Radek_Stepanek,1
20090228-M-Dubai-F-Novak_Djokovic-David_Ferrer,1
20090321-M-Indian_Wells_Masters-SF-Andy_Roddick-Rafael_Nadal,2
20090321-M-Indian_Wells_Masters-SF-Roger_Federer-Andy_Murray,2
20090323-M-Indian_Wells_Masters-F-Rafael_Nadal-Andy_Murray,1
20090403-M-Miami_Masters-QF-Rafael_Nadal-Juan_Martin_Del_Potro,2
20090404-M-Miami_Masters-SF-Andy_Murray-Juan_Martin_Del_Potro,1
20090404-M-Miami_Masters-SF-Roger_Federer-Novak_Djokovic,2
20090405-M-Miami_Masters-F-Novak_Djokovic-Andy_Murray,2
20090412-M-Casablanca-F-Florent_Serra-Juan_Carlos_Ferrero,2
20090412-M-Houston-F-Wayne_Odesnik-Lleyton_Hewitt,2
20090412-M-Monte_Carlo_Masters-F-Novak_Djokovic-Rafael_Nadal,2
20090416-M-Monte_Carlo_Masters-R16-Roger_Federer-Stan_Wawrinka,2
20090501-M-Rome_Masters-QF-Novak_Djokovic-Juan_Martin_Del_Potro,1
20090502-M-Rome_Masters-SF-Fernando_Gonzalez-Rafael_Nadal,2
20090503-M-Rome_Masters-SF-Novak_Djokovic-Roger_Federer,1
20090504-M-Rome_Masters-F-Novak_Djokovic-Rafael_Nadal,2
20090510-M-Belgrade-F-Novak_Djokovic-Lukasz_Kubot,1
20090515-M-Madrid_Masters-SF-Novak_Djokovic-Rafael_Nadal,2
20090516-M-Madrid_Masters-SF-Roger_Federer-Juan_Martin_Del_Potro,1
20090517-M-Madrid_Masters-F-Rafael_Nadal-Roger_Federer,2
20090531-M-Roland_Garros-R16-Robin_Soderling-Rafael_Nadal,1
20090531-M-Roland_Garros-R16-Victor_Hanescu-Fernando_Gonzalez,2
20090601-M-Roland_Garros-R16-Andy_Roddick-Gael_Monfils,2
20090601-M-Roland_Garros-R16-Juan_Martin_Del_Potro-Jo_Wilfried_Tsonga,1
20090601-M-Roland_Garros-R16-Roger_Federer-Tommy_Haas,1
20090602-M-Roland_Garros-QF-Fernando_Gonzalez-Andy_Murray,1
20090603-M-Roland_Garros-QF-Roger_Federer-Gael_Monfils,1
20090605-M-Roland_Garros-SF-Roger_Federer-Juan_Martin_Del_Potro,1
20090607-M-Roland_Garros-F-Robin_Soderling-Roger_Federer,2
20090629-M-Wimbledon-R16-Robin_Soderling-Roger_Federer,2
20090701-M-Wimbledon-QF-Andy_Roddick-Lleyton_Hewitt,1
20090701-M-Wimbledon-QF-Novak_Djokovic-Tommy_Haas,2
20090701-M-Wimbledon-QF-Roger_Federer-Ivo_Karlovic,1
20090703-M-Wimbledon-SF-Andy_Roddick-Andy_Murray,1
20090703-M-Wimbledon-SF-Tommy_Haas-Roger_Federer,2
20090705-M-Wimbledon-F-Andy_Roddick-Roger_Federer,2
20090726-M-Hamburg-F-Paul_Henri_Mathieu-Nikolay_Davydenko,2
20090808-M-Washington-SF-Fernando_Gonzalez-Juan_Martin_Del_Potro,2
20090809-M-Washington-F-Andy_Roddick-Juan_Martin_Del_Potro,2
20090815-M-Canada_Masters-SF-Andy_Murray-Jo_Wilfried_Tsonga,1
20090815-M-Canada_Masters-SF-Andy_Roddick-Juan_Martin_Del_Potro,2
20090816-M-Cincinnati_Masters-F-Roger_Federer-Novak_Djokovic,1
20090821-M-Cincinnati_Masters-QF-Roger_Federer-Lleyton_Hewitt,1
20090822-M-Cincinnati_Masters-SF-Novak_Djokovic-Rafael_Nadal,1
20090823-M-Cincinnati_Masters-SF-Roger_Federer-Andy_Murray,1
20090831-M-US_Open-R128-Andy_Roddick-Bjorn_Phau,1
20090901-M-US_Open-R128-Fernando_Gonzalez-Nicolas_Massu,1
20090901-M-US_Open-R128-Roger_Federer-Devin_Britton,1
20090905-M-US_Open-R32-Andy_Roddick-John_Isner,2
20090905-M-US_Open-R32-Roger_Federer-Lleyton_Hewitt,1
20090908-M-US_Open-R16-Jo_Wilfried_Tsonga-Fernando_Gonzalez,2
20090909-M-US_Open-QF-Fernando_Verdasco-Novak_Djokovic,2
20090909-M-US_Open-QF-Roger_Federer-Robin_Soderling,1
20090910-M-US_Open-QF-Juan_Martin_Del_Potro-Marin_Cilic,1
20090913-M-US_Open-SF-Juan_Martin_Del_Potro-Rafael_Nadal,1
20090913-M-US_Open-SF-Novak_Djokovic-Roger_Federer,2
20090914-M-US_Open-F-Roger_Federer-Juan_Martin_Del_Potro,2
20091004-M-Bangkok-F-Gilles_Simon-Viktor_Troicki,1
20091008-M-Beijing-R32-Marat_Safin-Fernando_Gonzalez,1
20091011-M-Beijing-F-Novak_Djokovic-Marin_Cilic,1
20091011-M-Shanghai_Masters-R16-Fernando_Gonzalez-Nikolay_Davydenko,2
20091011-M-Tokyo-F-Jo_Wilfried_Tsonga-Mikhail_Youzhny,1
20091016-M-Shanghai_Masters-QF-Radek_Stepanek-Nikolay_Davydenko,2
20091017-M-Shanghai_Masters-SF-Feliciano_Lopez-Rafael_Nadal,2
20091017-M-Shanghai_Masters-SF-Novak_Djokovic-Nikolay_Davydenko,2
20091025-M-Moscow-F-Mikhail_Youzhny-Janko_Tipsarevic,1
20091105-M-Basel-QF-Roger_Federer-Evgeny_Korolev,1
20091107-M-Valencia-SF-Nikolay_Davydenko-Mikhail_Youzhny,2
20091108-M-Basel-F-Roger_Federer-Novak_Djokovic,2
20091108-M-Valencia-F-Andy_Murray-Mikhail_Youzhny,1
20091110-M-Paris_Masters-R32-Benjamin_Becker-Nikolay_Davydenko,2
20091110-M-Paris_Masters-R32-Marat_Safin-Juan_Martin_Del_Potro,2
20091113-M-Paris_Masters-R16-Juan_Martin_Del_Potro-Fernando_Gonzalez,1
20091114-M-Paris_Masters-SF-Novak_Djokovic-Rafael_Nadal,1
20091114-M-Paris_Masters-SF-Radek_Stepanek-Gael_Monfils,2
20091115-M-Paris_Masters-F-Novak_Djokovic-Gael_Monfils,1
20091122-M-Tour_Finals-RR-Andy_Murray-Juan_Martin_Del_Potro,1
20091122-M-Tour_Finals-RR-Andy_Murray-Roger_Federer,2
20091122-M-Tour_Finals-RR-Robin_Soderling-Nikolay_Davydenko,2
20091122-M-Tour_Finals-RR-Robin_Soderling-Novak_Djokovic,1
20091123-M-Tour_Finals-RR-Robin_Soderling-Rafael_Nadal,1
20091124-M-Tour_Finals-RR-Fernando_Verdasco-Juan_Martin_Del_Potro,2
20091125-M-Tour_Finals-RR-Nikolay_Davydenko-Rafael_Nadal,1
20091126-M-Tour_Finals-RR-Roger_Federer-Juan_Martin_Del_Potro,2
20091127-M-Tour_Finals-RR-Rafael_Nadal-Novak_Djokovic,2
20091127-M-Tour_Finals-SF-Robin_Soderling-Juan_Martin_Del_Potro,2
20091128-M-Tour_Finals-SF-Roger_Federer-Nikolay_Davydenko,2
20091129-M-Tour_Finals-F-Nikolay_Davydenko-Juan_Martin_Del_Potro,1
20100108-M-Doha-SF-Roger_Federer-Nikolay_Davydenko,2
20100110-M-Doha-F-Rafael_Nadal-Nikolay_Davydenko,2
20100118-M-Australian_Open-R128-Roger_Federer-Igor_Andreev,1
20100120-M-Australian_Open-R64-Bernard_Tomic-Marin_Cilic,2
20100121-M-Australian_Open-R64-David_Ferrer-Marcos_Baghdatis,2
20100121-M-Australian_Open-R64-Roger_Federer-Victor_Hanescu,1
20100124-M-Australian_Open-R16-Andy_Roddick-Fernando_Gonzalez,1
20100124-M-Australian_Open-R16-Fernando_Verdasco-Nikolay_Davydenko,2
20100124-M-Australian_Open-R16-Roger_Federer-Lleyton_Hewitt,1
20100126-M-Australian_Open-QF-Andy_Murray-Rafael_Nadal,1
20100126-M-Australian_Open-QF-Andy_Roddick-Marin_Cilic,2
20100126-M-Australian_Open-QF-Novak_Djokovic-Jo_Wilfried_Tsonga,2
20100126-M-Australian_Open-QF-Roger_Federer-Nikolay_Davydenko,1
20100126-M-Australian_Open-R16-John_Isner-Andy_Murray,2
20100128-M-Australian_Open-SF-Andy_Murray-Marin_Cilic,1
20100128-M-Australian_Open-SF-Roger_Federer-Jo_Wilfried_Tsonga,1
20100131-M-Australian_Open-F-Roger_Federer-Andy_Murray,1
20100211-M-Rotterdam-R16-Marcos_Baghdatis-Nikolay_Davydenko,2
20100214-M-Rotterdam-F-Robin_Soderling-Mikhail_Youzhny,1
20100227-M-Dubai-F-Novak_Djokovic-Mikhail_Youzhny,1
20100228-M-Delray_Beach-F-Ivo_Karlovic-Ernests_Gulbis,2
20100403-M-Miami_Masters-SF-Andy_Roddick-Rafael_Nadal,1
20100404-M-Miami_Masters-F-Tomas_Berdych-Andy_Roddick,2
20100414-M-Monte_Carlo_Masters-R32-Novak_Djokovic-Florent_Serra,1
20100415-M-Monte_Carlo_Masters-R16-Rafael_Nadal-Michael_Berrer,1
20100417-M-Monte_Carlo_Masters-SF-Novak_Djokovic-Fernando_Verdasco,2
20100418-M-Monte_Carlo_Masters-F-Fernando_Verdasco-Rafael_Nadal,2
20100430-M-Rome_Masters-QF-Rafael_Nadal-Stan_Wawrinka,1
20100501-M-Rome_Masters-SF-Ernests_Gulbis-Rafael_Nadal,2
20100502-M-Rome_Masters-F-David_Ferrer-Rafael_Nadal,2
20100509-M-Madrid_Masters-F-Roger_Federer-Rafael_Nadal,2
20100509-M-Munich-F-Mikhail_Youzhny-Marin_Cilic,1
20100512-M-Madrid_Masters-R16-John_Isner-Rafael_Nadal,2
20100515-M-Madrid_Masters-SF-David_Ferrer-Roger_Federer,2
20100515-M-Madrid_Masters-SF-Rafael_Nadal-Nicolas_Almagro,1
20100601-M-Roland_Garros-R16-Stan_Wawrinka-Roger_Federer,2
20100603-M-Roland_Garros-QF-Roger_Federer-Robin_Soderling,2
20100606-M-Roland_Garros-F-Robin_Soderling-Rafael_Nadal,2
20100613-M-Halle-F-Roger_Federer-Lleyton_Hewitt,2
20100621-M-Wimbledon-R128-Roger_Federer-Alejandro_Falla,1
20100622-M-Wimbledon-R128-Nicolas_Mahut-John_Isner,2
20100626-M-Wimbledon-R32-Philipp_Petzschner-Rafael_Nadal,2
20100630-M-Wimbledon-QF-Roger_Federer-Tomas_Berdych,2
20100702-M-Wimbledon-SF-Andy_Murray-Rafael_Nadal,2
20100702-M-Wimbledon-SF-Tomas_Berdych-Novak_Djokovic,1
20100704-M-Wimbledon-F-Tomas_Berdych-Rafael_Nadal,2
20100711-M-Davis_Cup_World_Group_QF-RR-David_Nalbandian-Mikhail_Youzhny,1
20100712-M-Halle-SF-Roger_Federer-Philipp_Petzschner,1
20100725-M-Hamburg-F-Andrey_Golubev-Jurgen_Melzer,1
20100801-M-Los_Angeles-F-Andy_Murray-Sam_Querrey,2
20100807-M-Washington-F-Marcos_Baghdatis-David_Nalbandian,2
20100813-M-Canada_Masters-QF-David_Nalbandian-Andy_Murray,2
20100813-M-Canada_Masters-QF-Roger_Federer-Tomas_Berdych,1
20100815-M-Canada_Masters-F-Roger_Federer-Andy_Murray,2
20100815-M-Canada_Masters-SF-Roger_Federer-Novak_Djokovic,1
20100820-M-Cincinnati_Masters-QF-Roger_Federer-Nikolay_Davydenko,1
20100820-M-Cincinnati_Masters-SF-Roger_Federer-Marcos_Baghdatis,1
20100821-M-Cincinnati_Masters-F-Mardy_Fish-Roger_Federer,2
20100821-M-Cincinnati_Masters-SF-Andy_Roddick-Mardy_Fish,2
20100831-M-US_Open-R128-Roger_Federer-Brian_Dabul,1
20100831-M-US_Open-R128-Teymuraz_Gabashvili-Rafael_Nadal,2
20100901-M-US_Open-QF-Robin_Soderling-Roger_Federer,2
20100903-M-US_Open-SF-Novak_Djokovic-Roger_Federer,1
20100904-M-US_Open-R32-Novak_Djokovic-James_Blake,1
20100905-M-US_Open-R32-Stan_Wawrinka-Andy_Murray,1
20100907-M-US_Open-R16-Rafael_Nadal-Feliciano_Lopez,1
20100908-M-US_Open-QF-Novak_Djokovic-Gael_Monfils,1
20100911-M-US_Open-SF-Rafael_Nadal-Mikhail_Youzhny,1
20100912-M-US_Open-F-Novak_Djokovic-Rafael_Nadal,2
20101003-M-Kuala_Lumpur-F-Andrey_Golubev-Mikhail_Youzhny,2
20101010-M-Beijing-F-Novak_Djokovic-David_Ferrer,1
20101010-M-Shanghai_Masters-QF-Robin_Soderling-Roger_Federer,2
20101010-M-Tokyo-F-Rafael_Nadal-Gael_Monfils,1
20101013-M-Shanghai_Masters-R32-Stan_Wawrinka-Rafael_Nadal,2
20101015-M-Shanghai_Masters-SF-Novak_Djokovic-Roger_Federer,2
20101016-M-Shanghai_Masters-SF-Andy_Murray-Juan_Monaco,1
20101017-M-Shanghai_Masters-F-Roger_Federer-Andy_Murray,2
20101024-M-Stockholm-F-Roger_Federer-Florian_Mayer,1
20101107-M-Basel-F-Novak_Djokovic-Roger_Federer,2
20101111-M-Paris_Masters-R16-Michael_Llodra-Novak_Djokovic,1
20101111-M-Paris_Masters-R16-Tomas_Berdych-Nikolay_Davydenko,2
20101111-M-Paris_Masters-SF-Roger_Federer-Gael_Monfils,2
20101112-M-Paris_Masters-F-Robin_Soderling-Gael_Monfils,1
20101112-M-Paris_Masters-QF-Andy_Murray-Gael_Monfils,2
20101113-M-Paris_Masters-SF-Robin_Soderling-Michael_Llodra,1
20101121-M-Tour_Finals-RR-Andy_Murray-Roger_Federer,2
20101121-M-Tour_Finals-RR-Andy_Roddick-Rafael_Nadal,2
20101121-M-Tour_Finals-RR-Novak_Djokovic-Andy_Roddick,1
20101121-M-Tour_Finals-RR-Tomas_Berdych-Novak_Djokovic,2
20101122-M-Tour_Finals-RR-Robin_Soderling-Andy_Murray,2
20101124-M-Tour_Finals-RR-Novak_Djokovic-Rafael_Nadal,2
20101125-M-Tour_Finals-RR-Robin_Soderling-Roger_Federer,2
20101126-M-Tour_Finals-SF-Roger_Federer-Novak_Djokovic,1
20101128-M-Tour_Finals-F-Roger_Federer-Rafael_Nadal,1
20110102-M-Brisbane-R16-Robin_Soderling-Michael_Berrer,1
20110105-M-Doha-R16-Nikolay_Davydenko-Jarkko_Nieminen,1
20110106-M-Doha-QF-Nikolay_Davydenko-Ivo_Karlovic,1
20110107-M-Doha-SF-Nikolay_Davydenko-Rafael_Nadal,1
20110108-M-Brisbane-F-Robin_Soderling-Andy_Roddick,1
20110108-M-Doha-F-Roger_Federer-Nikolay_Davydenko,1
20110115-M-Sydney-F-Gilles_Simon-Viktor_Troicki,1
20110117-M-Australian_Open-R128-Novak_Djokovic-Marcel_Granollers,1
20110117-M-Australian_Open-R128-Roger_Federer-Lukas_Lacko,1
20110118-M-Australian_Open-R128-David_Nalbandian-Lleyton_Hewitt,1
20110120-M-Australian_Open-R64-Andy_Murray-Illya_Marchenko,1
20110120-M-Australian_Open-R64-Gilles_Simon-Roger_Federer,2
20110120-M-Australian_Open-R64-Mikhail_Youzhny-Blaz_Kavcic,1
20110122-M-Australian_Open-R32-Roger_Federer-Xavier_Malisse,1
20110123-M-Australian_Open-R16-Robin_Soderling-Alexandr_Dolgopolov,2
20110124-M-Australian_Open-R16-Andy_Murray-Jurgen_Melzer,1
20110125-M-Australian_Open-QF-Novak_Djokovic-Tomas_Berdych,1
20110126-M-Australian_Open-QF-David_Ferrer-Rafael_Nadal,1
20110126-M-Australian_Open-QF-Roger_Federer-Stan_Wawrinka,1
20110127-M-Australian_Open-SF-Novak_Djokovic-Roger_Federer,1
20110128-M-Australian_Open-SF-David_Ferrer-Andy_Murray,2
20110130-M-Australian_Open-F-Novak_Djokovic-Andy_Murray,1
20110213-M-San_Jose-F-Fernando_Verdasco-Milos_Raonic,2
20110218-M-Marseille-QF-Jo_Wilfried_Tsonga-Mikhail_Youzhny,2
20110219-M-Marseille-SF-Mikhail_Youzhny-Marin_Cilic,2
20110220-M-Marseille-F-Robin_Soderling-Marin_Cilic,1
20110220-M-Memphis-F-Andy_Roddick-Milos_Raonic,1
20110221-M-Dubai-F-Roger_Federer-Novak_Djokovic,2
20110227-M-Acapulco-F-Nicolas_Almagro-David_Ferrer,2
20110227-M-Delray_Beach-F-Janko_Tipsarevic-Juan_Martin_Del_Potro,2
20110310-M-Indian_Wells_Masters-QF-Richard_Gasquet-Novak_Djokovic,2
20110316-M-Indian_Wells_Masters-QF-Roger_Federer-Stan_Wawrinka,1
20110319-M-Indian_Wells_Masters-F-Novak_Djokovic-Rafael_Nadal,1
20110319-M-Indian_Wells_Masters-SF-Roger_Federer-Novak_Djokovic,2
20110401-M-Miami_Masters-SF-Roger_Federer-Rafael_Nadal,2
20110403-M-Miami_Masters-F-Novak_Djokovic-Rafael_Nadal,1
20110417-M-Monte_Carlo-F-David_Ferrer-Rafael_Nadal,2
20110424-M-Barcelona-F-David_Ferrer-Rafael_Nadal,2
20110429-M-Munich-QF-Nikolay_Davydenko-Marin_Cilic,1
20110430-M-Munich-SF-Nikolay_Davydenko-Radek_Stepanek,1
20110501-M-Belgrade-F-Novak_Djokovic-Feliciano_Lopez,1
20110501-M-Munich-F-Nikolay_Davydenko-Florian_Mayer,1
20110503-M-Madrid_Masters-R32-Roger_Federer-Feliciano_Lopez,1
20110503-M-Madrid_Masters-R64-Juan_Martin_Del_Potro-Mikhail_Youzhny,1
20110504-M-Madrid_Masters-R32-Novak_Djokovic-Kevin_Anderson,1
20110507-M-Madrid_Masters-SF-Novak_Djokovic-Thomaz_Bellucci,1
20110507-M-Madrid_Masters-SF-Roger_Federer-Rafael_Nadal,2
20110508-M-Madrid_Masters-F-Novak_Djokovic-Rafael_Nadal,1
20110508-M-Rome_Masters-F-Novak_Djokovic-Rafael_Nadal,1
20110511-M-Rome_Masters-R32-Jo_Wilfried_Tsonga-Roger_Federer,2
20110512-M-Rome_Masters-R16-Richard_Gasquet-Roger_Federer,1
20110513-M-Rome_Masters-SF-Novak_Djokovic-Andy_Murray,1
20110514-M-Rome_Masters-SF-Richard_Gasquet-Rafael_Nadal,2
20110523-M-Roland_Garros-R128-John_Isner-Rafael_Nadal,2
20110529-M-Roland_Garros-R16-Roger_Federer-Stan_Wawrinka,1
20110601-M-Roland_Garros-QF-Roger_Federer-Gael_Monfils,1
20110603-M-Roland_Garros-SF-Andy_Murray-Rafael_Nadal,2
20110603-M-Roland_Garros-SF-Novak_Djokovic-Roger_Federer,2
20110605-M-Roland_Garros-F-Roger_Federer-Rafael_Nadal,2
20110606-M-Queens_Club-SF-Andy_Murray-Andy_Roddick,1
20110610-M-Queens_Club-QF-Jo_Wilfried_Tsonga-Rafael_Nadal,1
20110627-M-Wimbledon-R16-Rafael_Nadal-Juan_Martin_Del_Potro,1
20110627-M-Wimbledon-R16-Roger_Federer-Mikhail_Youzhny,1
20110629-M-Wimbledon-QF-Roger_Federer-Jo_Wilfried_Tsonga,2
20110701-M-Wimbledon-SF-Andy_Murray-Rafael_Nadal,2
20110701-M-Wimbledon-SF-Novak_Djokovic-Jo_Wilfried_Tsonga,1
20110703-M-Wimbledon-F-Novak_Djokovic-Rafael_Nadal,1
20110717-M-Bastad-F-David_Ferrer-Robin_Soderling,2
20110724-M-Hamburg-F-Nicolas_Almagro-Gilles_Simon,2
20110813-M-Canada_Masters-SF-Mardy_Fish-Janko_Tipsarevic,1
20110813-M-Canada_Masters-SF-Novak_Djokovic-Jo_Wilfried_Tsonga,1
20110815-M-Cincinnati_Masters-R32-Roger_Federer-Juan_Martin_Del_Potro,1
20110818-M-Cincinnati_Masters-R16-James_Blake-Roger_Federer,2
20110820-M-Cincinnati_Masters-SF-Andy_Murray-Mardy_Fish,1
20110820-M-Cincinnati_Masters-SF-Novak_Djokovic-Tomas_Berdych,1
20110821-M-Cincinnati_Masters-F-Novak_Djokovic-Andy_Murray,2
20110901-M-US_Open-R64-Novak_Djokovic-Carlos_Berlocq,1
20110903-M-US_Open-R32-Roger_Federer-Marin_Cilic,1
20110904-M-US_Open-R32-Rafael_Nadal-David_Nalbandian,1
20110906-M-US_Open-R16-Roger_Federer-Juan_Monaco,1
20110909-M-US_Open-QF-Andy_Roddick-Rafael_Nadal,2
20110909-M-US_Open-QF-Jo_Wilfried_Tsonga-Roger_Federer,2
20110909-M-US_Open-SF-Roger_Federer-Novak_Djokovic,2
20110911-M-US_Open-F-Rafael_Nadal-Novak_Djokovic,2
20110911-M-US_Open-SF-Andy_Murray-Rafael_Nadal,2
20110916-M-Davis_Cup_World_Group_SF-RR-Richard_Gasquet-Rafael_Nadal,2
20110917-M-Davis_Cup_World_Group_PO-RR-Roger_Federer-Lleyton_Hewitt,1
20110918-M-Davis_Cup_World_Group_SF-RR-Jo_Wilfried_Tsonga-Rafael_Nadal,2
20110925-M-Metz-F-Ivan_Ljubicic-Jo_Wilfried_Tsonga,2
20111002-M-Bangkok-F-Donald_Young-Andy_Murray,2
20111008-M-Tokyo-SF-David_Ferrer-Andy_Murray,2
20111009-M-Shanghai_Masters-R32-David_Ferrer-Milos_Raonic,1
20111009-M-Tokyo-F-Rafael_Nadal-Andy_Murray,2
20111011-M-Shanghai_Masters-R32-Grigor_Dimitrov-Andy_Roddick,2
20111016-M-Shanghai_Masters-F-David_Ferrer-Andy_Murray,2
20111021-M-Stockholm-QF-Grigor_Dimitrov-Milos_Raonic,2
20111025-M-Vienna-R32-Thomas_Muster-Dominic_Thiem,2
20111030-M-Vienna-F-Juan_Martin_Del_Potro-Jo_Wilfried_Tsonga,2
20111104-M-Basel-QF-Roger_Federer-Andy_Roddick,1
20111106-M-Basel-F-Kei_Nishikori-Roger_Federer,2
20111110-M-Paris_Masters-R16-Richard_Gasquet-Roger_Federer,2
20111111-M-Paris_Masters-QF-Roger_Federer-Juan_Monaco,1
20111111-M-Paris_Masters-QF-Tomas_Berdych-Andy_Murray,1
20111112-M-Paris_Masters-SF-John_Isner-Jo_Wilfried_Tsonga,2
20111112-M-Paris_Masters-SF-Tomas_Berdych-Roger_Federer,2
20111113-M-Paris_Masters-F-Roger_Federer-Jo_Wilfried_Tsonga,1
20111122-M-Tour_Finals-RR-Roger_Federer-Rafael_Nadal,1
20111123-M-Tour_Finals-RR-Tomas_Berdych-Janko_Tipsarevic,1
20111125-M-Tour_Finals-RR-Novak_Djokovic-Janko_Tipsarevic,2
20111125-M-Tour_Finals-SF-David_Ferrer-Roger_Federer,2
20111126-M-Tour_Finals-SF-Jo_Wilfried_Tsonga-Tomas_Berdych,1
20111127-M-Tour_Finals-F-Roger_Federer-Jo_Wilfried_Tsonga,1
20111202-M-Davis_Cup_World_Group_F-RR-David_Ferrer-Juan_Martin_Del_Potro,1
20111204-M-Davis_Cup_World_Group_F-RR-Juan_Martin_Del_Potro-Rafael_Nadal,2
20120106-M-Doha_EXH-RR-Jo_Wilfried_Tsonga-Stefan_Edberg,1
20120107-M-Brisbane-SF-Gilles_Simon-Alexandr_Dolgopolov,2
20120108-M-Brisbane-F-Andy_Murray-Alexandr_Dolgopolov,1
20120108-M-Chennai-F-Milos_Raonic-Janko_Tipsarevic,1
20120115-M-Australian_Open-R128-Juan_Martin_Del_Potro-Adrian_Mannarino,1
20120118-M-Australian_Open-R64-Tommy_Haas-Rafael_Nadal,2
20120120-M-Australian_Open-R32-Ivo_Karlovic-Roger_Federer,2
20120121-M-Australian_Open-R32-Michael_Llodra-Andy_Murray,2
20120122-M-Australian_Open-R16-Bernard_Tomic-Roger_Federer,2
20120122-M-Australian_Open-R16-Novak_Djokovic-Lleyton_Hewitt,1
20120122-M-Australian_Open-R16-Tomas_Berdych-Nicolas_Almagro,1
20120123-M-Australian_Open-QF-Tomas_Berdych-Rafael_Nadal,2
20120123-M-Australian_Open-R16-Kei_Nishikori-Jo_Wilfried_Tsonga,1
20120124-M-Australian_Open-QF-David_Ferrer-Novak_Djokovic,2
20120125-M-Australian_Open-QF-Andy_Murray-Kei_Nishikori,1
20120125-M-Australian_Open-QF-Roger_Federer-Juan_Martin_Del_Potro,1
20120127-M-Australian_Open-SF-Novak_Djokovic-Andy_Murray,1
20120127-M-Australian_Open-SF-Roger_Federer-Rafael_Nadal,2
20120129-M-Australian_Open-F-Novak_Djokovic-Rafael_Nadal,1
20120205-M-Zagreb-F-Mikhail_Youzhny-Lukas_Lacko,1
20120210-M-Davis_Cup_World_Group_R1-RR-Julien_Benneteau-Milos_Raonic,2
20120217-M-Rotterdam-QF-Richard_Gasquet-Nikolay_Davydenko,2
20120218-M-Rotterdam-SF-Roger_Federer-Nikolay_Davydenko,1
20120219-M-Rotterdam-F-Roger_Federer-Juan_Martin_Del_Potro,1
20120221-M-Buenos_Aires-R32-Nicolas_Almagro-Potito_Starace,1
20120223-M-Marseille-R16-Juan_Martin_Del_Potro-Nikolay_Davydenko,1
20120225-M-Buenos_Aires-SF-David_Ferrer-David_Nalbandian,1
20120226-M-Memphis-F-Milos_Raonic-Jurgen_Melzer,2
20120227-M-Dubai-SF-Andy_Murray-Novak_Djokovic,1
20120301-M-Dubai-QF-Andy_Murray-Tomas_Berdych,1
20120301-M-Dubai-QF-Juan_Martin_Del_Potro-Jo_Wilfried_Tsonga,1
20120301-M-Dubai-QF-Roger_Federer-Mikhail_Youzhny,1
20120302-M-Dubai-SF-Roger_Federer-Juan_Martin_Del_Potro,1
20120303-M-Dubai-F-Andy_Murray-Roger_Federer,2
20120304-M-Acapulco-F-David_Ferrer-Fernando_Verdasco,1
20120315-M-Indian_Wells_Masters-QF-Novak_Djokovic-Nicolas_Almagro,1
20120316-M-Indian_Wells_Masters-SF-Roger_Federer-Rafael_Nadal,1
20120317-M-Indian_Wells_Masters-QF-Roger_Federer-Juan_Martin_Del_Potro,1
20120319-M-Indian_Wells_Masters-F-Roger_Federer-John_Isner,1
20120324-M-Miami_Masters-R64-Marcos_Baghdatis-Novak_Djokovic,2
20120325-M-Miami_Masters-R32-Grigor_Dimitrov-Tomas_Berdych,1
20120327-M-Miami_Masters-QF-David_Ferrer-Novak_Djokovic,2
20120401-M-Miami_Masters-F-Novak_Djokovic-Andy_Murray,1
20120406-M-Davis_Cup_World_Group_QF-RR-Ivo_Karlovic-Juan_Martin_Del_Potro,2
20120418-M-Monte_Carlo_Masters-R32-Novak_Djokovic-Andreas_Seppi,1
20120419-M-Monte_Carlo_Masters-R16-Novak_Djokovic-Alexandr_Dolgopolov,1
20120421-M-Monte_Carlo_Masters-SF-Novak_Djokovic-Tomas_Berdych,1
20120421-M-Monte_Carlo_Masters-SF-Rafael_Nadal-Gilles_Simon,1
20120422-M-Monte_Carlo_Masters-F-Novak_Djokovic-Rafael_Nadal,2
20120429-M-Bucharest-F-Fabio_Fognini-Gilles_Simon,2
20120506-M-Belgrade-F-Benoit_Paire-Andreas_Seppi,2
20120508-M-Madrid_Masters-R32-Novak_Djokovic-Daniel_Gimeno_Traver,1
20120509-M-Madrid_Masters-R32-Mikhail_Youzhny-Juan_Martin_Del_Potro,2
20120510-M-Madrid_Masters-QF-David_Ferrer-Roger_Federer,2
20120510-M-Madrid_Masters-R16-Roger_Federer-Richard_Gasquet,1
20120512-M-Madrid_Masters-F-Tomas_Berdych-Roger_Federer,2
20120512-M-Madrid_Masters-SF-Roger_Federer-Janko_Tipsarevic,1
20120512-M-Madrid_Masters-SF-Tomas_Berdych-Juan_Martin_Del_Potro,1
20120516-M-Rome_Masters-R32-Roger_Federer-Carlos_Berlocq,1
20120518-M-Rome_Masters-QF-Novak_Djokovic-Jo_Wilfried_Tsonga,1
20120519-M-Rome_Masters-F-Novak_Djokovic-Rafael_Nadal,2
20120519-M-Rome_Masters-SF-Roger_Federer-Novak_Djokovic,2
20120605-M-Roland_Garros-QF-Novak_Djokovic-Jo_Wilfried_Tsonga,1
20120606-M-Roland_Garros-QF-David_Ferrer-Andy_Murray,1
20120606-M-Roland_Garros-QF-Roger_Federer-Juan_Martin_Del_Potro,1
20120608-M-Roland_Garros-F-Novak_Djokovic-Rafael_Nadal,2
20120608-M-Roland_Garros-SF-Novak_Djokovic-Roger_Federer,1
20120615-M-Halle-QF-Roger_Federer-Milos_Raonic,1
20120617-M-Halle-F-Tommy_Haas-Roger_Federer,1
20120624-M-Eastbourne-F-Andy_Roddick-Andreas_Seppi,1
20120627-M-Wimbledon-R64-Roger_Federer-Fabio_Fognini,1
20120628-M-Wimbledon-R64-Lukas_Rosol-Rafael_Nadal,1
20120629-M-Wimbledon-R32-Mikhail_Youzhny-Janko_Tipsarevic,1
20120629-M-Wimbledon-R32-Roger_Federer-Julien_Benneteau,1
20120705-M-Wimbledon-QF-Roger_Federer-Mikhail_Youzhny,1
20120706-M-Wimbledon-SF-Andy_Murray-Jo_Wilfried_Tsonga,1
20120706-M-Wimbledon-SF-Roger_Federer-Novak_Djokovic,1
20120708-M-Wimbledon-F-Roger_Federer-Andy_Murray,1
20120722-M-Atlanta-F-Gilles_Muller-Andy_Roddick,2
20120722-M-Gstaad-F-Janko_Tipsarevic-Thomaz_Bellucci,2
20120722-M-Hamburg-F-Tommy_Haas-Juan_Monaco,2
20120725-M-Olympics-R32-Roger_Federer-Julien_Benneteau,1
20120728-M-Kitzbuhel-F-Robin_Haase-Philipp_Kohlschreiber,1
20120728-M-Olympics-R64-Roger_Federer-Alejandro_Falla,1
20120729-M-Olympics-R64-Andy_Murray-Stan_Wawrinka,1
20120729-M-Olympics-R64-Jo_Wilfried_Tsonga-Thomaz_Bellucci,1
20120729-M-Olympics-R64-Novak_Djokovic-Fabio_Fognini,1
20120730-M-Olympics-R32-Juan_Martin_Del_Potro-Andreas_Seppi,1
20120731-M-Olympics-R32-Jarkko_Nieminen-Andy_Murray,2
20120731-M-Olympics-R32-Novak_Djokovic-Andy_Roddick,1
20120801-M-Olympics-R16-Andy_Murray-Marcos_Baghdatis,1
20120801-M-Olympics-R16-Novak_Djokovic-Lleyton_Hewitt,1
20120801-M-Olympics-R16-Roger_Federer-Denis_Istomin,1
20120802-M-Olympics-QF-John_Isner-Roger_Federer,2
20120802-M-Olympics-QF-Nicolas_Almagro-Andy_Murray,2
20120802-M-Olympics-QF-Novak_Djokovic-Jo_Wilfried_Tsonga,1
20120803-M-Olympics-SF-Andy_Murray-Novak_Djokovic,1
20120804-M-Olympics-F-Andy_Murray-Roger_Federer,1
20120805-M-Olympics-BR-Novak_Djokovic-Juan_Martin_Del_Potro,2
20120805-M-Washington-F-Tommy_Haas-Alexandr_Dolgopolov,2
20120806-M-Finland_F1-SF-Andres_Artunedo-Vladimir_Ivanov,2
20120811-M-Canada_Masters-SF-John_Isner-Richard_Gasquet,2
20120812-M-Canada_Masters-F-Novak_Djokovic-Richard_Gasquet,1
20120812-M-Canada_Masters-SF-Novak_Djokovic-Janko_Tipsarevic,1
20120812-M-Finland_F1-F-Milos_Sekulic-Vladimir_Ivanov,2
20120813-M-Cincinnati_Masters-R64-Alexandr_Dolgopolov-Nikolay_Davydenko,2
20120818-M-Cincinnati_Masters-F-Novak_Djokovic-Roger_Federer,2
20120818-M-Cincinnati_Masters-QF-Mardy_Fish-Roger_Federer,2
20120818-M-Cincinnati_Masters-SF-Novak_Djokovic-Juan_Martin_Del_Potro,1
20120820-M-Finland_F3-SF-Markus_Eriksson-Alexandre_Penaud,1
20120820-M-Finland_F3-SF-Vladimir_Ivanov-Alexander_Vasilenko,1
20120829-M-US_Open-R64-Ivan_Dodig-Andy_Murray,2
20120830-M-US_Open-R64-Roger_Federer-Bjorn_Phau,1
20120903-M-US_Open-R16-Milos_Raonic-Andy_Murray,2
20120904-M-US_Open-QF-Novak_Djokovic-Juan_Martin_Del_Potro,1
20120905-M-US_Open-QF-Tomas_Berdych-Roger_Federer,1
20120905-M-US_Open-R16-Andy_Roddick-Juan_Martin_Del_Potro,2
20120908-M-US_Open-SF-Tomas_Berdych-Andy_Murray,2
20120909-M-US_Open-F-Novak_Djokovic-Andy_Murray,2
20120909-M-US_Open-SF-Novak_Djokovic-David_Ferrer,1
20120921-M-Metz-QF-Ivo_Karlovic-Nikolay_Davydenko,2
20120923-M-Metz-F-Jo_Wilfried_Tsonga-Andreas_Seppi,1
20121007-M-Beijing-F-Novak_Djokovic-Jo_Wilfried_Tsonga,1
20121008-M-Shanghai_Masters-F-Novak_Djokovic-Andy_Murray,1
20121008-M-Shanghai_Masters-R16-Roger_Federer-Stan_Wawrinka,1
20121008-M-Shanghai_Masters-R32-Novak_Djokovic-Grigor_Dimitrov,1
20121011-M-Shanghai_Masters-QF-Marin_Cilic-Roger_Federer,2
20121011-M-Shanghai_Masters-R16-Alexandr_Dolgopolov-Andy_Murray,2
20121012-M-Shanghai_Masters-SF-Roger_Federer-Andy_Murray,2
20121013-M-Shanghai_Masters-SF-Novak_Djokovic-Tomas_Berdych,1
20121021-M-Moscow-F-Thomaz_Bellucci-Andreas_Seppi,2
20121021-M-Stockholm-F-Tomas_Berdych-Jo_Wilfried_Tsonga,1
20121028-M-Basel-F-Roger_Federer-Juan_Martin_Del_Potro,2
20121028-M-Valencia-F-David_Ferrer-Alexandr_Dolgopolov,1
20121029-M-Paris_Masters-F-David_Ferrer-Jerzy_Janowicz,1
20121029-M-Paris_Masters-R16-Michael_Llodra-Juan_Martin_Del_Potro,1
20121102-M-Paris_Masters-QF-David_Ferrer-Jo_Wilfried_Tsonga,1
20121103-M-Paris_Masters-SF-Gilles_Simon-Jerzy_Janowicz,2
20121105-M-Tour_Finals-RR-Tomas_Berdych-Andy_Murray,2
20121106-M-Tour_Finals-RR-Jo_Wilfried_Tsonga-Andy_Murray,2
20121106-M-Tour_Finals-RR-Roger_Federer-Janko_Tipsarevic,1
20121107-M-Tour_Finals-RR-Novak_Djokovic-Andy_Murray,1
20121108-M-Tour_Finals-RR-Janko_Tipsarevic-Juan_Martin_Del_Potro,2
20121110-M-Tour_Finals-RR-David_Ferrer-Janko_Tipsarevic,1
20121110-M-Tour_Finals-RR-Roger_Federer-Juan_Martin_Del_Potro,2
20121111-M-Tour_Finals-SF-Novak_Djokovic-Juan_Martin_Del_Potro,1
20121111-M-Tour_Finals-SF-Roger_Federer-Andy_Murray,1
20121112-M-Tour_Finals-F-Roger_Federer-Novak_Djokovic,2
20130102-M-Brisbane-R16-Florian_Mayer-Marcos_Baghdatis,2
20130102-M-Brisbane-R16-Jarkko_Nieminen-Alexandr_Dolgopolov,2
20130104-M-Doha-SF-David_Ferrer-Nikolay_Davydenko,2
20130105-M-Brisbane-SF-Kei_Nishikori-Andy_Murray,2
20130105-M-Doha-F-Nikolay_Davydenko-Richard_Gasquet,2
20130106-M-Brisbane-F-Grigor_Dimitrov-Andy_Murray,2
20130106-M-Chennai-F-Roberto_Bautista_Agut-Janko_Tipsarevic,2
20130108-M-Sydney-R32-Bernard_Tomic-Marinko_Matosevic,1
20130109-M-Sydney-R16-Bernard_Tomic-Florian_Mayer,1
20130112-M-Sydney-F-Bernard_Tomic-Kevin_Anderson,1
20130113-M-Australian_Open-QF-Tomas_Berdych-Novak_Djokovic,2
20130113-M-Australian_Open-R128-Paul_Henri_Mathieu-Novak_Djokovic,2
20130117-M-Australian_Open-R64-Roger_Federer-Nikolay_Davydenko,1
20130117-M-Davis_Cup_World_Group_F-RR-Novak_Djokovic-Tomas_Berdych,1
20130118-M-Australian_Open-R32-Novak_Djokovic-Radek_Stepanek,1
20130120-M-Australian_Open-R16-Novak_Djokovic-Stan_Wawrinka,1
20130122-M-Australian_Open-QF-David_Ferrer-Nicolas_Almagro,1
20130123-M-Australian_Open-QF-Jeremy_Chardy-Andy_Murray,2
20130123-M-Australian_Open-QF-Jo_Wilfried_Tsonga-Roger_Federer,2
20130125-M-Australian_Open-SF-David_Ferrer-Novak_Djokovic,2
20130125-M-Australian_Open-SF-Roger_Federer-Andy_Murray,2
20130126-M-Australian_Open_Juniors-F-Thanasi_Kokkinakis-Nick_Kyrgios,2
20130127-M-Australian_Open-F-Novak_Djokovic-Andy_Murray,1
20130214-M-Rotterdam-R16-Roger_Federer-Thiemo_De_Bakker,1
20130217-M-Rotterdam-F-Julien_Benneteau-Juan_Martin_Del_Potro,2
20130224-M-Memphis-F-Feliciano_Lopez-Kei_Nishikori,2
20130225-M-Acapulco-F-David_Ferrer-Rafael_Nadal,2
20130226-M-Dubai-R32-Novak_Djokovic-Viktor_Troicki,1
20130227-M-Dubai-R16-Roberto_Bautista_Agut-Novak_Djokovic,2
20130228-M-Dubai-QF-Nikolay_Davydenko-Roger_Federer,2
20130302-M-Dubai-F-Novak_Djokovic-Tomas_Berdych,1
20130307-M-Indian_Wells_Masters-R32-Richard_Gasquet-Jerzy_Janowicz,1
20130312-M-Indian_Wells_Masters-R32-Grigor_Dimitrov-Novak_Djokovic,2
20130314-M-Indian_Wells-R16-Tommy_Haas-Juan_Martin_Del_Potro,2
20130315-M-Indian_Wells_Masters-QF-Andy_Murray-Juan_Martin_Del_Potro,2
20130315-M-Indian_Wells_Masters-QF-Roger_Federer-Rafael_Nadal,2
20130317-M-Indian_Wells_Masters-F-Rafael_Nadal-Juan_Martin_Del_Potro,1
20130322-M-Miami_Masters-R64-Novak_Djokovic-Lukas_Rosol,1
20130323-M-Miami_Masters-R64-Bernard_Tomic-Andy_Murray,2
20130324-M-Miami_Masters-R32-Somdev_Devvarman-Novak_Djokovic,2
20130327-M-Miami_Masters-R16-Novak_Djokovic-Tommy_Haas,2
20130331-M-Miami_Masters-F-David_Ferrer-Andy_Murray,2
20130414-M-Monte_Carlo_Masters-F-Novak_Djokovic-Rafael_Nadal,1
20130417-M-Monte_Carlo_Masters-R16-Andy_Murray-Stan_Wawrinka,2
20130419-M-Monte_Carlo_Masters-QF-Richard_Gasquet-Fabio_Fognini,2
20130419-M-Monte_Carlo_Masters-SF-Novak_Djokovic-Fabio_Fognini,1
20130420-M-Monte_Carlo_Masters-SF-Jo_Wilfried_Tsonga-Rafael_Nadal,2
20130509-M-Madrid_Masters-R16-Grigor_Dimitrov-Stan_Wawrinka,2
20130511-M-Madrid_Masters-SF-Pablo_Andujar-Rafael_Nadal,2
20130512-M-Madrid_Masters-F-Stan_Wawrinka-Rafael_Nadal,2
20130514-M-Rome_Masters-R32-Juan_Martin_Del_Potro-Andrey_Kuznetsov,1
20130517-M-Rome_Masters-SF-Tomas_Berdych-Rafael_Nadal,2
20130518-M-Rome_Masters-SF-Roger_Federer-Benoit_Paire,1
20130519-M-Rome_Masters-F-Roger_Federer-Rafael_Nadal,2
20130527-M-Roland_Garros-R128-Gael_Monfils-Tomas_Berdych,1
20130603-M-Roland_Garros-R16-Richard_Gasquet-Stan_Wawrinka,2
20130605-M-Roland_Garros-QF-Jo_Wilfried_Tsonga-Roger_Federer,1
20130607-M-Roland_Garros-SF-Novak_Djokovic-Rafael_Nadal,2
20130609-M-Roland_Garros-F-David_Ferrer-Rafael_Nadal,2
20130612-M-Halle-R16-Gael_Monfils-Jan_Hernych,1
20130614-M-Halle-QF-Roger_Federer-Mischa_Zverev,1
20130623-M-Eastbourne-F-Feliciano_Lopez-Gilles_Simon,1
20130624-M-Wimbledon-R128-Rafael_Nadal-Steve_Darcis,2
20130626-M-Wimbledon-R64-Roger_Federer-Sergiy_Stakhovsky,2
20130626-M-Wimbledon-R64-Vasek_Pospisil-Mikhail_Youzhny,2
20130703-M-Wimbledon-QF-David_Ferrer-Juan_Martin_Del_Potro,2
20130703-M-Wimbledon-QF-Fernando_Verdasco-Andy_Murray,2
20130705-M-Wimbledon-SF-Andy_Murray-Jerzy_Janowicz,1
20130705-M-Wimbledon-SF-Novak_Djokovic-Juan_Martin_Del_Potro,1
20130707-M-Wimbledon-F-Novak_Djokovic-Andy_Murray,2
20130721-M-Bogota-F-Ivo_Karlovic-Alejandro_Falla,1
20130724-M-Lexington_CH-R16-James_Ward-Mitchell_Krueger,1
20130728-M-Atlanta-F-Kevin_Anderson-John_Isner,2
20130729-M-Washington-R16-Bernard_Tomic-Juan_Martin_Del_Potro,2
20130731-M-Hamburg-F-Federico_Delbonis-Fabio_Fognini,2
20130804-M-Washington-F-John_Isner-Juan_Martin_Del_Potro,2
20130805-M-Canada_Masters-R64-Peter_Polansky-Kei_Nishikori,2
20130806-M-Canada_Masters-R32-Novak_Djokovic-Florian_Mayer,1
20130806-M-Canada_Masters-R64-Vasek_Pospisil-John_Isner,1
20130808-M-Canada_Masters-R16-Ernests_Gulbis-Andy_Murray,1
20130810-M-Canada_Masters-SF-Novak_Djokovic-Rafael_Nadal,2
20130810-M-Canada_Masters-SF-Vasek_Pospisil-Milos_Raonic,2
20130811-M-Canada_Masters-F-Milos_Raonic-Rafael_Nadal,2
20130813-M-Canada_Masters-QF-Novak_Djokovic-Richard_Gasquet,1
20130815-M-Cincinnati_Masters-R16-Novak_Djokovic-David_Goffin,1
20130816-M-Cincinnati_Masters-QF-Rafael_Nadal-Roger_Federer,1
20130817-M-Cincinnati_Masters-SF-John_Isner-Juan_Martin_Del_Potro,1
20130817-M-Cincinnati_Masters-SF-Tomas_Berdych-Rafael_Nadal,2
20130828-M-US_Open-R128-Novak_Djokovic-Ricardas_Berankis,1
20130903-M-US_Open-R16-Mikhail_Youzhny-Lleyton_Hewitt,1
20130903-M-US_Open-R16-Roger_Federer-Tommy_Robredo,2
20130904-M-US_Open-QF-Tommy_Robredo-Rafael_Nadal,2
20130913-M-Davis_Cup_World_Group_PO-RR-Sergiy_Stakhovsky-Rafael_Nadal,2
20130921-M-Metz-SF-Jo_Wilfried_Tsonga-Florian_Mayer,1
20130929-M-Bangkok-F-Tomas_Berdych-Milos_Raonic,2
20131001-M-Nike_Junior_Tour-F-Jannik_Sinner-Gabriele_Felline,1
20131005-M-Beijing-F-Novak_Djokovic-Rafael_Nadal,1
20131005-M-Tokyo-SF-Nicolas_Almagro-Juan_Martin_Del_Potro,1
20131006-M-Tokyo-F-Juan_Martin_Del_Potro-Milos_Raonic,1
20131007-M-Shanghai_Masters-R32-Marcel_Granollers-Novak_Djokovic,2
20131007-M-Shanghai_Masters-R32-Rafael_Nadal-Alexandr_Dolgopolov,1
20131007-M-Shanghai_Masters-R32-Roger_Federer-Andreas_Seppi,1
20131010-M-Shanghai_Masters-R16-Roger_Federer-Gael_Monfils,2
20131011-M-Shanghai_Masters-QF-Nicolas_Almagro-Juan_Martin_Del_Potro,2
20131012-M-Shanghai_Masters-SF-Rafael_Nadal-Juan_Martin_Del_Potro,2
20131013-M-Shanghai_Masters-F-Novak_Djokovic-Juan_Martin_Del_Potro,1
20131025-M-Basel-QF-Grigor_Dimitrov-Roger_Federer,2
20131027-M-Basel-F-Juan_Martin_Del_Potro-Roger_Federer,1
20131027-M-Valencia-F-Mikhail_Youzhny-David_Ferrer,1
20131028-M-Paris_Masters-QF-Richard_Gasquet-Rafael_Nadal,2
20131031-M-Paris_Masters-R16-John_Isner-Novak_Djokovic,2
20131101-M-Paris_Masters-QF-Novak_Djokovic-Stan_Wawrinka,1
20131101-M-Paris_Masters-QF-Roger_Federer-Juan_Martin_Del_Potro,1
20131102-M-Paris_Masters-SF-David_Ferrer-Rafael_Nadal,1
20131102-M-Paris_Masters-SF-Novak_Djokovic-Roger_Federer,1
20131103-M-Paris_Masters-F-Novak_Djokovic-David_Ferrer,1
20131104-M-Tour_Finals-RR-Richard_Gasquet-Novak_Djokovic,2
20131105-M-Tour_Finals-RR-Novak_Djokovic-Roger_Federer,1
20131230-M-Brisbane-R32-Grigor_Dimitrov-Robin_Haase,1
20131231-M-Doha-R32-Rafael_Nadal-Lukas_Rosol,1
20140101-M-Brisbane-R16-Jarkko_Nieminen-Roger_Federer,2
20140101-M-Brisbane-R16-Marin_Cilic-Grigor_Dimitrov,1
20140101-M-Brisbane-R16-Matthew_Ebden-Kei_Nishikori,2
20140101-M-Doha-R16-Rafael_Nadal-Tobias_Kamke,1
20140102-M-Brisbane-QF-Roger_Federer-Marinko_Matosevic,1
20140102-M-Brisbane-R16-Lleyton_Hewitt-Feliciano_Lopez,1
20140102-M-Doha-QF-Ernests_Gulbis-Rafael_Nadal,2
20140103-M-Brisbane-QF-Marin_Cilic-Kei_Nishikori,2
20140103-M-Chennai-QF-Aljaz_Bedene-Stan_Wawrinka,2
20140103-M-Doha-SF-Peter_Gojowczyk-Rafael_Nadal,2
20140103-M-Sao_Paulo_CH-QF-Gastao_Elias-Facundo_Arguello,1
20140104-M-Chennai-SF-Edouard_Roger_Vasselin-Marcel_Granollers,1
20140104-M-Doha-F-Rafael_Nadal-Gael_Monfils,1
20140105-M-Chennai-F-Edouard_Roger_Vasselin-Stan_Wawrinka,2
20140105-M-Sao_Paulo_CH-F-Alejandro_Gonzalez-Joao_Souza,2
20140106-M-Sydney-R32-Bernard_Tomic-Marcel_Granollers,1
20140106-M-Sydney-R32-Matthew_Ebden-Julien_Benneteau,2
20140107-M-Auckland-R32-Jose_Rubin_Statham-Lukas_Lacko,2
20140107-M-Auckland-R32-Michal_Przysiezny-Benoit_Paire,2
20140107-M-Sydney-R32-Marinko_Matosevic-Florian_Mayer,1
20140109-M-Auckland-QF-Roberto_Bautista_Agut-Jack_Sock,1
20140109-M-Sydney-QF-Bernard_Tomic-Alexandr_Dolgopolov,1
20140109-M-Sydney-QF-Juan_Martin_Del_Potro-Radek_Stepanek,1
20140109-M-Sydney-QF-Marinko_Matosevic-Sergiy_Stakhovsky,2
20140111-M-Sydney-F-Bernard_Tomic-Juan_Martin_Del_Potro,2
20140113-M-Australian_Open-R128-Bernard_Tomic-Rafael_Nadal,2
20140113-M-Australian_Open-R128-Ricardas_Berankis-Alexandr_Dolgopolov,2
20140114-M-Australian_Open-R128-James_Duckworth-Roger_Federer,2
20140114-M-Australian_Open-R64-Blaz_Kavcic-Roger_Federer,2
20140114-M-Australian_Open-R64-Leonardo_Mayer-Novak_Djokovic,2
20140115-M-Australian_Open-R64-Richard_Gasquet-Nikolay_Davydenko,1
20140116-M-Australian_Open-R64-Nick_Kyrgios-Benoit_Paire,2
20140116-M-Australian_Open-R64-Thanasi_Kokkinakis-Rafael_Nadal,2
20140118-M-Australian_Open-R32-Gael_Monfils-Rafael_Nadal,2
20140120-M-Australian_Open-R16-Kei_Nishikori-Rafael_Nadal,2
20140121-M-Australian_Open-QF-Tomas_Berdych-David_Ferrer,1
20140122-M-Australian_Open-QF-Grigor_Dimitrov-Rafael_Nadal,2
20140122-M-Australian_Open-QF-Novak_Djokovic-Stan_Wawrinka,2
20140122-M-Australian_Open-QF-Roger_Federer-Andy_Murray,1
20140123-M-Australian_Open-SF-Stan_Wawrinka-Tomas_Berdych,1
20140126-M-Australian_Open-F-Stan_Wawrinka-Rafael_Nadal,1
20140201-M-Burnie_CH-F-Hiroki_Moriya-Matt_Reid,2
20140209-M-Zagreb-F-Marin_Cilic-Tommy_Haas,1
20140210-M-Memphis-R32-Nick_Kyrgios-Tim_Smyczek,2
20140210-M-Rotterdam-R32-Tomas_Berdych-Andreas_Seppi,1
20140216-M-Rotterdam-F-Marin_Cilic-Tomas_Berdych,2
20140218-M-Rio_de_Janeiro-R32-Rafael_Nadal-Daniel_Gimeno_Traver,1
20140220-M-Rio_de_Janeiro-R16-Albert_Montanes-Rafael_Nadal,2
20140221-M-Rio_de_Janeiro-QF-Rafael_Nadal-Joao_Sousa,1
20140222-M-Rio_de_Janeiro-SF-Rafael_Nadal-Pablo_Andujar,1
20140223-M-Rio_de_Janeiro-F-Rafael_Nadal-Alexandr_Dolgopolov,1
20140224-M-Cherbourg_CH-Q3-Rudy_Coco-Taro_Daniel,2
20140228-M-Dubai-SF-Novak_Djokovic-Roger_Federer,2
20140301-M-Acapulco-F-Grigor_Dimitrov-Kevin_Anderson,1
20140307-M-Indian_Wells_Masters-R128-Dominic_Thiem-Daniel_Kosakowski,1
20140308-M-Indian_Wells_Masters-R64-Radek_Stepanek-Rafael_Nadal,2
20140310-M-Indian_Wells_Masters-R32-Alexandr_Dolgopolov-Rafael_Nadal,1
20140312-M-Indian_Wells_Masters-R16-Milos_Raonic-Andy_Murray,1
20140315-M-Indian_Wells_Masters-SF-Roger_Federer-Alexandr_Dolgopolov,1
20140317-M-Rimouski_CH-R32-Izak_Van_Der_Merwe-Daniel_Cox,2
20140322-M-Miami_Masters-R64-Lleyton_Hewitt-Rafael_Nadal,2
20140324-M-Miami_Masters-R32-Denis_Istomin-Rafael_Nadal,2
20140325-M-Miami_Masters-R16-Fabio_Fognini-Rafael_Nadal,2
20140326-M-Miami_Masters-QF-Novak_Djokovic-Andy_Murray,1
20140327-M-Miami_Masters-QF-Milos_Raonic-Rafael_Nadal,2
20140330-M-Miami_Masters-F-Novak_Djokovic-Rafael_Nadal,1
20140409-M-Itajai-R32-Mohamed_Safwat-Eduardo_Russi,1
20140411-M-Houston-QF-Donald_Young-Fernando_Verdasco,2
20140413-M-Monte_Carlo_Masters-SF-Novak_Djokovic-Roger_Federer,2
20140414-M-Sao_Paulo_CH-R32-Horacio_Zeballos-Ricardo_Hocevar,1
20140415-M-San_Luis_Potosi_CH-R32-Paolo_Lorenzi-Mauricio_Echazu,1
20140416-M-Monte_Carlo_Masters-R32-Marin_Cilic-Stan_Wawrinka,2
20140416-M-Monte_Carlo_Masters-R32-Rafael_Nadal-Teymuraz_Gabashvili,1
20140417-M-Monte_Carlo_Masters-R16-Andreas_Seppi-Rafael_Nadal,2
20140418-M-Monte_Carlo_Masters-QF-David_Ferrer-Rafael_Nadal,1
20140420-M-Monte_Carlo_Masters-F-Stan_Wawrinka-Roger_Federer,1
20140423-M-Barcelona-R32-Albert_Ramos-Rafael_Nadal,2
20140424-M-Barcelona-R16-Ivan_Dodig-Rafael_Nadal,2
20140425-M-Barcelona-QF-Nicolas_Almagro-Rafael_Nadal,1
20140427-M-Bucharest-F-Grigor_Dimitrov-Lukas_Rosol,1
20140429-M-Cali_CH-R32-Mathias_Bourgue-Gonzalo_Lama,2
20140507-M-Madrid_Masters-R32-Rafael_Nadal-Juan_Monaco,1
20140508-M-Madrid_Masters-R16-Jarkko_Nieminen-Rafael_Nadal,2
20140509-M-Madrid_Masters-QF-Tomas_Berdych-Rafael_Nadal,2
20140509-M-Rome_CH-QF-Mate_Delic-Julian_Reister,2
20140510-M-Madrid_Masters-SF-Roberto_Bautista_Agut-Rafael_Nadal,2
20140511-M-Madrid_Masters-F-Rafael_Nadal-Kei_Nishikori,1
20140514-M-Rome_Masters-R32-Gilles_Simon-Rafael_Nadal,2
20140514-M-Rome_Masters-R32-Roger_Federer-Jeremy_Chardy,2
20140515-M-Busan_CH-R16-Amir_Weintraub-Daniel_Smethurst,1
20140515-M-Rome-R16-Tommy_Haas-Stan_Wawrinka,1
20140515-M-Rome_Masters-R16-Mikhail_Youzhny-Rafael_Nadal,2
20140516-M-Rome_Masters-QF-Andy_Murray-Rafael_Nadal,2
20140517-M-Rome_Masters-SF-Grigor_Dimitrov-Rafael_Nadal,2
20140517-M-Rome_Masters-SF-Milos_Raonic-Novak_Djokovic,2
20140518-M-Rome_Masters-F-Novak_Djokovic-Rafael_Nadal,1
20140524-M-Nice-F-Ernests_Gulbis-Federico_Delbonis,1
20140526-M-Roland_Garros-R128-Robby_Ginepri-Rafael_Nadal,2
20140529-M-Roland_Garros-R64-Rafael_Nadal-Dominic_Thiem,1
20140531-M-Roland_Garros-R32-Leonardo_Mayer-Rafael_Nadal,2
20140601-M-Roland_Garros-R16-Rafael_Nadal-Dusan_Lajovic,1
20140603-M-Roland_Garros-R16-Ernests_Gulbis-Roger_Federer,1
20140604-M-Roland_Garros-QF-David_Ferrer-Rafael_Nadal,2
20140606-M-Roland_Garros-SF-Ernests_Gulbis-Novak_Djokovic,2
20140606-M-Roland_Garros-SF-Rafael_Nadal-Andy_Murray,1
20140608-M-Roland_Garros-F-Novak_Djokovic-Rafael_Nadal,2
20140609-M-Halle-R32-Michal_Przysiezny-Peter_Gojowczyk,2
20140609-M-Prague_CH-R32-Steven_Diez-Renzo_Olivo,1
20140609-M-Queens_Club-R32-Grigor_Dimitrov-James_Ward,1
20140611-M-Halle-R16-Pierre_Hugues_Herbert-Philipp_Kohlschreiber,2
20140612-M-Halle-R16-Dustin_Brown-Rafael_Nadal,1
20140613-M-Nottingham_CH-SF-Nick_Kyrgios-Miloslav_Mecir_Jr,1
20140614-M-Queens_Club-SF-Stan_Wawrinka-Grigor_Dimitrov,2
20140615-M-Halle-F-Roger_Federer-Alejandro_Falla,1
20140615-M-Queens_Club-F-Grigor_Dimitrov-Feliciano_Lopez,1
20140616-M-Eastbourne-R32-Ivo_Karlovic-Jeremy_Chardy,2
20140623-M-Wimbledon-R128-Roger_Federer-Paolo_Lorenzi,1
20140625-M-Wimbledon-R64-Novak_Djokovic-Radek_Stepanek,1
20140625-M-Wimbledon-R64-Tomas_Berdych-Bernard_Tomic,1
20140626-M-Wimbledon-R64-Rafael_Nadal-Lukas_Rosol,1
20140627-M-Wimbledon-R32-Grigor_Dimitrov-Alexandr_Dolgopolov,1
20140628-M-Padova_CH-SF-Nikola_Cacic-Maximo_Gonzalez,2
20140628-M-Wimbledon-R32-Mikhail_Kukushkin-Rafael_Nadal,2
20140630-M-Winnetka_CH-F-Farrukh_Dustov-Denis_Kudla,2
20140701-M-Wimbledon-R16-Nick_Kyrgios-Rafael_Nadal,1
20140702-M-Wimbledon-QF-Grigor_Dimitrov-Andy_Murray,1
20140702-M-Wimbledon-QF-Novak_Djokovic-Marin_Cilic,1
20140702-M-Wimbledon-QF-Stan_Wawrinka-Roger_Federer,2
20140704-M-Wimbledon-SF-Grigor_Dimitrov-Novak_Djokovic,2
20140704-M-Wimbledon-SF-Milos_Raonic-Roger_Federer,2
20140706-M-Wimbledon-F-Novak_Djokovic-Roger_Federer,1
20140710-M-Stuttgart-R32-Jan_Lennard_Struff-Philipp_Kohlschreiber,2
20140714-M-Bogota-QF-Jimmy_Wang-Ivo_Karlovic,2
20140719-M-Bogota-SF-Bernard_Tomic-Victor_Estrella,1
20140720-M-Bogota-F-Bernard_Tomic-Ivo_Karlovic,1
20140721-M-Umag-R32-Ante_Pavic-Horacio_Zeballos,2
20140725-M-Atlanta-QF-John_Isner-Marinko_Matosevic,1
20140727-M-Atlanta-F-John_Isner-Dudi_Sela,1
20140805-M-Canada_Masters-R32-Peter_Polansky-Roger_Federer,2
20140807-M-Canada_Masters-R16-Novak_Djokovic-Jo_Wilfried_Tsonga,2
20140809-M-Canada_Masters-SF-Grigor_Dimitrov-Jo_Wilfried_Tsonga,2
20140809-M-Canada_Masters-SF-Roger_Federer-Feliciano_Lopez,1
20140810-M-Canada_Masters-F-Jo_Wilfried_Tsonga-Roger_Federer,1
20140810-M-Cincinnati_Masters-F-Roger_Federer-David_Ferrer,1
20140815-M-Cincinnati_Masters-QF-Andy_Murray-Roger_Federer,2
20140816-M-Cincinnati_Masters-SF-Roger_Federer-Milos_Raonic,1
20140826-M-US_Open-R128-Roger_Federer-Marinko_Matosevic,1
20140901-M-US_Open-R16-Milos_Raonic-Kei_Nishikori,2
20140902-M-Shanghai_CH-R32-John_Millman-Ze_Zhang,1
20140903-M-US_Open-QF-Novak_Djokovic-Andy_Murray,1
20140905-M-US_Open-QF-Roger_Federer-Gael_Monfils,1
20140906-M-US_Open-SF-Novak_Djokovic-Kei_Nishikori,2
20140908-M-USA_F24-QF-Jean_Yves_Aubone-Ty_Trombetta,1
20140914-M-Davis_Cup_World_Group_SF-RR-Roger_Federer-Fabio_Fognini,1
20140915-M-USA_F25-SF-Tennys_Sandgren-Jarmere_Jenkins,2
20140922-M-Shenzhen-R16-Somdev_Devvarman-Andy_Murray,2
20140928-M-Shenzhen-F-Andy_Murray-Tommy_Robredo,1
20140929-M-Sacramento_CH-R16-Jared_Donaldson-Luca_Vanni,1
20141003-M-Mons_CH-QF-Alexander_Zverev-David_Goffin,2
20141004-M-Beijing-SF-Novak_Djokovic-Andy_Murray,1
20141008-M-Shanghai_Masters-R32-Novak_Djokovic-Dominic_Thiem,1
20141011-M-Shanghai_Masters-SF-Feliciano_Lopez-Gilles_Simon,2
20141017-M-Stockholm-QF-Grigor_Dimitrov-Jack_Sock,1
20141019-M-Stockholm_Masters-F-Grigor_Dimitrov-Tomas_Berdych,2
20141019-M-Vienna-F-David_Ferrer-Andy_Murray,2
20141026-M-Valencia-F-Andy_Murray-Tommy_Robredo,1
20141029-M-Paris_Masters-R16-Grigor_Dimitrov-Andy_Murray,2
20141031-M-Paris_Masters-QF-Milos_Raonic-Roger_Federer,1
20141101-M-Paris_Masters-SF-Milos_Raonic-Tomas_Berdych,1
20141104-M-Knoxville_CH-R32-Jared_Donaldson-Daniel_Nguyen,1
20141111-M-Champaign_CH-R32-Jared_Donaldson-Alex_Kuznetsov,1
20141114-M-Tour_Finals-RR-Tomas_Berdych-Novak_Djokovic,2
20141117-M-Lima_CH-F-Jason_Kubler-Guido_Pella,2
20141123-M-Davis_Cup_World_Group_F-RR-Richard_Gasquet-Roger_Federer,2
20150105-M-Doha-R32-Rafael_Nadal-Michael_Berrer,2
20150106-M-Doha-R16-Tomas_Berdych-Blaz_Kavcic,1
20150106-M-Doha-R32-Novak_Djokovic-Dusan_Lajovic,1
20150109-M-Brisbane-QF-Bernard_Tomic-Kei_Nishikori,2
20150111-M-Brisbane-F-Milos_Raonic-Roger_Federer,2
20150113-M-Sydney-R32-Jerzy_Janowicz-Nick_Kyrgios,1
20150119-M-Australian_Open-R128-Mikhail_Youzhny-Rafael_Nadal,2
20150119-M-Australian_Open-R128-Yen_Hsun_Lu-Roger_Federer,2
20150121-M-Australian_Open-R64-Rafael_Nadal-Tim_Smyczek,1
20150121-M-Australian_Open-R64-Simone_Bolelli-Roger_Federer,2
20150123-M-Australian_Open-R32-Fernando_Verdasco-Novak_Djokovic,2
20150123-M-Australian_Open-R32-Nick_Kyrgios-Malek_Jaziri,1
20150123-M-Australian_Open-R32-Roger_Federer-Andreas_Seppi,2
20150125-M-Australian_Open-R16-Bernard_Tomic-Tomas_Berdych,2
20150125-M-Australian_Open-R16-Grigor_Dimitrov-Andy_Murray,2
20150125-M-Australian_Open-R16-Nick_Kyrgios-Andreas_Seppi,1
20150126-M-Australian_Open-QF-Novak_Djokovic-Milos_Raonic,1
20150126-M-Australian_Open-R16-Gilles_Muller-Novak_Djokovic,2
20150127-M-Australian_Open-QF-Andy_Murray-Nick_Kyrgios,1
20150127-M-Australian_Open-QF-Stan_Wawrinka-Kei_Nishikori,1
20150127-M-Australian_Open-QF-Tomas_Berdych-Rafael_Nadal,1
20150129-M-Australian_Open-SF-Tomas_Berdych-Andy_Murray,2
20150130-M-Australian_Open-SF-Novak_Djokovic-Stan_Wawrinka,1
20150201-M-Australian_Open-F-Novak_Djokovic-Andy_Murray,1
20150205-M-Zagreb-R16-Ivan_Dodig-Marcel_Granollers,2
20150206-M-Montpellier-QF-Joao_Sousa-Philipp_Kohlschreiber,1
20150208-M-Montpellier-F-Richard_Gasquet-Jerzy_Janowicz,1
20150208-M-Zagreb-F-Andreas_Seppi-Guillermo_Garcia_Lopez,2
20150209-M-Rotterdam-R32-Grigor_Dimitrov-Paul_Henri_Mathieu,1
20150210-M-Rotterdam-R32-Andrey_Kuznetsov-Milos_Raonic,2
20150212-M-Rotterdam-R16-Milos_Raonic-Simone_Bolelli,1
20150213-M-Sao_Paulo-QF-Santiago_Giraldo-Fabio_Fognini,1
20150215-M-Rotterdam-F-Stan_Wawrinka-Tomas_Berdych,1
20150217-M-Marseille-R32-Alexander_Zverev-Gael_Monfils,2
20150217-M-Rio_de_Janeiro-R32-Thomaz_Bellucci-Rafael_Nadal,2
20150218-M-Delray_Beach-R16-Thanasi_Kokkinakis-Ivo_Karlovic,2
20150219-M-Rio_de_Janeiro-R16-Rafael_Nadal-Pablo_Carreno_Busta,1
20150220-M-Delray_Beach-QF-Steve_Johnson-Ivo_Karlovic,2
20150221-M-Marseille-SF-Roberto_Bautista_Agut-Gael_Monfils,2
20150221-M-Marseille-SF-Sergiy_Stakhovsky-Gilles_Simon,2
20150223-M-Buenos_Aires-QF-Rafael_Nadal-Federico_Delbonis,1
20150226-M-Dubai-QF-Andy_Murray-Borna_Coric,2
20150226-M-Dubai-QF-Novak_Djokovic-Marsel_Ilhan,1
20150227-M-Dubai-SF-Roger_Federer-Borna_Coric,1
20150228-M-Dubai-F-Roger_Federer-Novak_Djokovic,1
20150312-M-Indian_Wells_Masters-R128-Andreas_Haider_Maurer-Borna_Coric,2
20150313-M-Indian_Wells_Masters-R128-Sam_Querrey-Sergiy_Stakhovsky,2
20150315-M-Indian_Wells_Masters-R64-Diego_Schwartzman-Roger_Federer,2
20150316-M-Indian_Wells_Masters-R32-David_Ferrer-Bernard_Tomic,2
20150316-M-Indian_Wells_Masters-R32-Feliciano_Lopez-Pablo_Cuevas,1
20150318-M-Indian_Wells_Masters-R16-John_Isner-Novak_Djokovic,2
20150318-M-Indian_Wells_Masters-R16-Milos_Raonic-Tommy_Robredo,1
20150318-M-Indian_Wells_Masters-R16-Roger_Federer-Jack_Sock,1
20150320-M-Indian_Wells_Masters-QF-Tomas_Berdych-Roger_Federer,2
20150321-M-Indian_Wells_Masters-QF-Milos_Raonic-Rafael_Nadal,1
20150321-M-Indian_Wells_Masters-SF-Milos_Raonic-Roger_Federer,2
20150321-M-Indian_Wells_Masters-SF-Novak_Djokovic-Andy_Murray,1
20150322-M-Indian_Wells_Masters-F-Novak_Djokovic-Roger_Federer,1
20150325-M-Miami_Masters-R128-Diego_Schwartzman-Dominic_Thiem,2
20150325-M-Miami_Masters-R64-Vasek_Pospisil-Juan_Martin_Del_Potro,1
20150328-M-Miami_Masters-R64-Mikhail_Youzhny-Kei_Nishikori,2
20150328-M-Miami_Masters-R64-Tim_Smyczek-Jo_Wilfried_Tsonga,2
20150329-M-Miami_Masters-R32-Leonardo_Mayer-Kevin_Anderson,2
20150330-M-Miami_Masters-R32-Viktor_Troicki-Kei_Nishikori,2
20150331-M-San_Luis_Potosi_CH-R32-Giovanni_Lapentti-Chase_Buchanan,1
20150401-M-Miami_Masters-QF-Dominic_Thiem-Andy_Murray,2
20150403-M-Miami_Masters-QF-David_Ferrer-Novak_Djokovic,2
20150405-M-Miami_Masters-F-Novak_Djokovic-Andy_Murray,1
20150406-M-Casablanca-R32-Carlos_Berlocq-Pablo_Carreno_Busta,1
20150407-M-Casablanca-R32-Nicolas_Almagro-Taro_Daniel,1
20150408-M-Casablanca-R16-Carlos_Berlocq-Nicolas_Almagro,2
20150409-M-Casablanca-R16-Daniel_Gimeno_Traver-Mikhail_Kukushkin,1
20150410-M-Casablanca-QF-Nicolas_Almagro-Martin_Klizan,2
20150413-M-Monte_Carlo_Masters-R64-Borna_Coric-Alexandr_Dolgopolov,2
20150413-M-Monte_Carlo_Masters-R64-Mikhail_Kukushkin-Philipp_Kohlschreiber,2
20150414-M-Monte_Carlo_Masters-R64-Dominic_Thiem-Lucas_Pouille,2
20150414-M-Monte_Carlo_Masters-R64-Tommy_Robredo-Andreas_Seppi,1
20150415-M-Monte_Carlo_Masters-R32-Jo_Wilfried_Tsonga-David_Goffin,1
20150416-M-Monte_Carlo_Masters-R16-Roger_Federer-Gael_Monfils,2
20150417-M-Monte_Carlo_Masters-QF-David_Ferrer-Rafael_Nadal,2
20150417-M-Monte_Carlo_Masters-QF-Grigor_Dimitrov-Gael_Monfils,2
20150417-M-Monte_Carlo_Masters-QF-Milos_Raonic-Tomas_Berdych,2
20150418-M-Monte_Carlo_Masters-SF-Novak_Djokovic-Rafael_Nadal,1
20150418-M-Monte_Carlo_Masters-SF-Tomas_Berdych-Gael_Monfils,1
20150419-M-Monte_Carlo_Masters-F-Novak_Djokovic-Tomas_Berdych,1
20150420-M-Barcelona-R64-Pablo_Carreno_Busta-Teymuraz_Gabashvili,2
20150421-M-Barcelona-R64-Fernando_Verdasco-Andrey_Rublev,2
20150423-M-Barcelona-R16-Kei_Nishikori-Santiago_Giraldo,1
20150424-M-Barcelona-QF-Roberto_Bautista_Agut-Kei_Nishikori,2
20150424-M-Bucharest-QF-Lukas_Rosol-Guillermo_Garcia_Lopez,2
20150425-M-Bucharest-SF-Jiri_Vesely-Daniel_Gimeno_Traver,1
20150426-M-Barcelona-F-Kei_Nishikori-Pablo_Andujar,1
20150426-M-Bucharest-F-Guillermo_Garcia_Lopez-Jiri_Vesely,1
20150429-M-Istanbul-R16-Diego_Schwartzman-Jurgen_Melzer,1
20150430-M-Istanbul-R16-Denis_Istomin-Thomaz_Bellucci,2
20150430-M-Munich-R16-Fabio_Fognini-Dominic_Thiem,2
20150501-M-Estoril-QF-Richard_Gasquet-Nicolas_Almagro,1
20150502-M-Istanbul-SF-Grigor_Dimitrov-Pablo_Cuevas,2
20150502-M-Istanbul-SF-Roger_Federer-Diego_Schwartzman,1
20150502-M-Munich-QF-Andy_Murray-Lukas_Rosol,1
20150502-M-Munich-QF-Philipp_Kohlschreiber-David_Goffin,1
20150503-M-Estoril-F-Richard_Gasquet-Nick_Kyrgios,1
20150503-M-Istanbul-F-Roger_Federer-Pablo_Cuevas,1
20150503-M-Munich-F-Philipp_Kohlschreiber-Andy_Murray,2
20150505-M-Madrid_Masters-R64-Fernando_Verdasco-Guillermo_Garcia_Lopez,1
20150506-M-Madrid_Masters-R32-Leonardo_Mayer-Feliciano_Lopez,1
20150506-M-Madrid_Masters-R32-Roger_Federer-Nick_Kyrgios,2
20150507-M-Madrid_Masters-R16-Grigor_Dimitrov-Stan_Wawrinka,1
20150507-M-Madrid_Masters-R16-John_Isner-Nick_Kyrgios,1
20150507-M-Madrid_Masters-R16-Tomas_Berdych-Jo_Wilfried_Tsonga,1
20150509-M-Madrid_Masters-F-Andy_Murray-Rafael_Nadal,1
20150509-M-Madrid_Masters-SF-Kei_Nishikori-Andy_Murray,2
20150509-M-Madrid_Masters-SF-Tomas_Berdych-Rafael_Nadal,2
20150511-M-Rome_Masters-R64-Jack_Sock-Gilles_Simon,2
20150511-M-Rome_Masters-R64-Steve_Johnson-Fabio_Fognini,2
20150512-M-Rome_Masters-R64-Marin_Cilic-Guillermo_Garcia_Lopez,2
20150513-M-Rome_Masters-R32-Jeremy_Chardy-Andy_Murray,2
20150514-M-Rome_Masters-QF-Stan_Wawrinka-Rafael_Nadal,1
20150514-M-Rome_Masters-R16-John_Isner-Rafael_Nadal,2
20150514-M-Rome_Masters-R16-Roger_Federer-Kevin_Anderson,1
20150514-M-Rome_Masters-R16-Stan_Wawrinka-Dominic_Thiem,1
20150515-M-Rome_Masters-QF-Novak_Djokovic-Kei_Nishikori,1
20150515-M-Rome_Masters-QF-Roger_Federer-Tomas_Berdych,1
20150516-M-Rome_Masters-SF-Stan_Wawrinka-Roger_Federer,2
20150517-M-Rome_Masters-F-Novak_Djokovic-Roger_Federer,1
20150521-M-Nice-QF-Leonardo_Mayer-Juan_Monaco,1
20150522-M-Scheveningen-R32-Aleksandr_Nedovyesov-Andrey_Golubev,1
20150523-M-Nice-SF-John_Isner-Dominic_Thiem,2
20150524-M-Nice-F-Leonardo_Mayer-Dominic_Thiem,2
20150524-M-Roland_Garros-R128-Paul_Henri_Mathieu-Kei_Nishikori,2
20150526-M-Roland_Garros-R128-Richard_Gasquet-Germain_Gigounon,1
20150528-M-Roland_Garros-R64-Jeremy_Chardy-John_Isner,1
20150529-M-Roland_Garros-R32-Damir_Dzumhur-Roger_Federer,2
20150530-M-Roland_Garros-R32-Nick_Kyrgios-Andy_Murray,2
20150531-M-Roland_Garros-R16-Roger_Federer-Gael_Monfils,1
20150603-M-Roland_Garros-QF-Novak_Djokovic-Rafael_Nadal,1
20150603-M-Roland_Garros-QF-Roger_Federer-Stan_Wawrinka,2
20150605-M-Roland_Garros-SF-Novak_Djokovic-Andy_Murray,1
20150607-M-Roland_Garros-F-Stan_Wawrinka-Novak_Djokovic,1
20150608-M-Stuttgart-Q3-Dustin_Brown-Michael_Berrer,1
20150608-M-Stuttgart-R16-Andreas_Haider_Maurer-Gael_Monfils,2
20150609-M-Stuttgart-R32-Dustin_Brown-Jerzy_Janowicz,2
20150609-M-Stuttgart-R32-Jan_Lennard_Struff-Bernard_Tomic,2
20150610-M-Stuttgart-R16-Feliciano_Lopez-Samuel_Groth,2
20150611-M-Stuttgart-R16-Bernard_Tomic-Tommy_Haas,1
20150613-M-s_Hertogenbosch-SF-Gilles_Muller-David_Goffin,2
20150615-M-Halle-R32-Andreas_Haider_Maurer-Dustin_Brown,2
20150615-M-Ilkey_CH-R32-Yuki_Bhambri-Cameron_Norrie,1
20150615-M-Ilkley_CH-SF-Matthew_Ebden-Ivan_Dodig,1
20150617-M-Queens_Club-R16-Thanasi_Kokkinakis-Gilles_Simon,2
20150618-M-Fergana_CH-R16-Ti_Chen-Laurynas_Grigelis,1
20150620-M-Halle-SF-Roger_Federer-Ivo_Karlovic,1
20150621-M-Halle-F-Andreas_Seppi-Roger_Federer,2
20150621-M-Queens_Club-F-Andy_Murray-Kevin_Anderson,1
20150624-M-Nottingham-R16-Marcos_Baghdatis-Alexander_Zverev,1
20150624-M-Nottingham-R16-Sam_Querrey-Pablo_Cuevas,1
20150625-M-Nottingham-QF-Denis_Istomin-Leonardo_Mayer,1
20150626-M-Nottingham-SF-Sam_Querrey-Alexandr_Dolgopolov,1
20150630-M-Wimbledon-R128-Roger_Federer-Damir_Dzumhur,1
20150702-M-Wimbledon-R64-Dustin_Brown-Rafael_Nadal,1
20150702-M-Wimbledon-R64-Sam_Querrey-Roger_Federer,2
20150704-M-Wimbledon-R32-Samuel_Groth-Roger_Federer,2
20150706-M-Wimbledon-R16-Andy_Murray-Ivo_Karlovic,1
20150708-M-Wimbledon-QF-Roger_Federer-Gilles_Simon,1
20150708-M-Wimbledon-QF-Stan_Wawrinka-Richard_Gasquet,2
20150709-M-Wimbledon-QF-Marin_Cilic-Novak_Djokovic,2
20150710-M-Wimbledon-SF-Novak_Djokovic-Richard_Gasquet,1
20150710-M-Wimbledon-SF-Roger_Federer-Andy_Murray,1
20150712-M-Wimbledon-F-Roger_Federer-Novak_Djokovic,2
20150725-M-Bogota-SF-Michael_Berrer-Bernard_Tomic,2
20150726-M-Bastad-F-Tommy_Robredo-Benoit_Paire,2
20150726-M-Bogota-F-Bernard_Tomic-Adrian_Mannarino,1
20150726-M-Umag-F-Joao_Sousa-Dominic_Thiem,2
20150805-M-Washington-R32-Steve_Johnson-Bernard_Tomic,1
20150806-M-Washington-R16-Steve_Johnson-Grigor_Dimitrov,1
20150806-M-Washington-R32-Alexandr_Dolgopolov-Ivo_Karlovic,1
20150809-M-Washington-F-John_Isner-Kei_Nishikori,2
20150810-M-Prague_CH-Q3-Rogerio_Dutra_Silva-Juan_Carlos_Saez,1
20150813-M-Canada_Masters-R16-Novak_Djokovic-Jack_Sock,1
20150815-M-Canada_Masters-SF-Andy_Murray-Kei_Nishikori,1
20150815-M-Canada_Masters-SF-Jeremy_Chardy-Novak_Djokovic,2
20150816-M-Canada_Masters-F-Andy_Murray-Novak_Djokovic,1
20150822-M-Cincinnati-SF-Novak_Djokovic-Alexandr_Dolgopolov,1
20150822-M-Cincinnati_Masters-QF-Roger_Federer-Feliciano_Lopez,1
20150822-M-Cincinnati_Masters-SF-Andy_Murray-Roger_Federer,2
20150823-M-Cincinnati_Masters-F-Novak_Djokovic-Roger_Federer,2
20150824-M-Manerbio_CH-R32-Antonio_Veic-Andrey_Kuznetsov,2
20150829-M-Winston_Salem-F-Pierre_Hugues_Herbert-Kevin_Anderson,2
20150831-M-US_Open-R128-Tim_Smyczek-Milos_Raonic,2
20150901-M-US_Open-R128-Roger_Federer-Leonardo_Mayer,1
20150902-M-US_Open-R128-Andy_Murray-Nick_Kyrgios,1
20150902-M-US_Open-R64-Fernando_Verdasco-Milos_Raonic,2
20150903-M-US_Open-R64-Bernard_Tomic-Lleyton_Hewitt,1
20150903-M-US_Open-R64-Steve_Darcis-Roger_Federer,2
20150904-M-US_Open-R32-Novak_Djokovic-Andreas_Seppi,1
20150905-M-US_Open-R32-Roger_Federer-Philipp_Kohlschreiber,1
20150907-M-US_Open-R16-Andy_Murray-Kevin_Anderson,2
20150908-M-US_Open-R16-Roger_Federer-John_Isner,1
20150909-M-US_Open-QF-Novak_Djokovic-Feliciano_Lopez,1
20150910-M-US_Open-QF-Roger_Federer-Richard_Gasquet,1
20150911-M-US_Open-SF-Novak_Djokovic-Marin_Cilic,1
20150911-M-US_Open-SF-Stan_Wawrinka-Roger_Federer,2
20150913-M-US_Open-F-Roger_Federer-Novak_Djokovic,2
20150914-M-Istanbul_CH-SF-Karen_Khachanov-Yannick_Mertens,1
20150914-M-Szczecin_CH-R32-Inigo_Cervantes_Huegun-Vladimir_Ivanov,1
20150921-M-Izmir_CH-R16-Lukas_Lacko-Laurynas_Grigelis,1
20150921-M-Izmir_CH-SF-Marius_Copil-Farrukh_Dustov,1
20150921-M-Kaohsiung_CH-R32-Chieh_Fu_Wang-Jiri_Vesely,2
20150921-M-Kaohsiung_CH-R32-Hyeon_Chung-Liang_Chi_Huang,1
20150923-M-St_Petersburg-R16-Andreas_Haider_Maurer-Dominic_Thiem,2
20150923-M-St_Petersburg-R32-Thanasi_Kokkinakis-Marcel_Granollers,2
20150924-M-St_Petersburg-R16-Roberto_Bautista_Agut-Teymuraz_Gabashvili,1
20150925-M-Metz-QF-Martin_Klizan-Guillermo_Garcia_Lopez,1
20150925-M-St_Petersburg-QF-Milos_Raonic-Tommy_Robredo,1
20150927-M-Metz-F-Jo_Wilfried_Tsonga-Gilles_Simon,1
20150927-M-Metz-SF-Jo_Wilfried_Tsonga-Philipp_Kohlschreiber,1
20150928-M-Pereira_CH-R16-Marcelo_Arevalo-Alejandro_Falla,1
20150929-M-Tiburon_CH-R32-Jared_Donaldson-Darian_King,1
20151003-M-Kuala_Lumpur-SF-Feliciano_Lopez-Nick_Kyrgios,1
20151004-M-Kuala_Lumpur-F-David_Ferrer-Feliciano_Lopez,1
20151005-M-Beijing-R32-David_Goffin-Andreas_Seppi,1
20151005-M-Mohammedia_CH-R32-David_Perez_Sanz-Pablo_Carreno_Busta,2
20151005-M-Mons_CH-Q3-Yannick_Mertens-Scott_Griekspoor,1
20151006-M-Beijing-R32-Novak_Djokovic-Simone_Bolelli,1
20151008-M-Beijing-R16-Novak_Djokovic-Ze_Zhang,1
20151008-M-Sacramento_CH-R16-Jared_Donaldson-Tennys_Sandgren,1
20151008-M-Tokyo-R16-Roberto_Bautista_Agut-Nick_Kyrgios,2
20151009-M-Beijing-QF-John_Isner-Novak_Djokovic,2
20151009-M-Sacramento_CH-QF-Jared_Donaldson-Mackenzie_Mcdonald,1
20151010-M-Beijing-SF-David_Ferrer-Novak_Djokovic,2
20151010-M-Tokyo-SF-Gilles_Muller-Stan_Wawrinka,2
20151010-M-Tokyo-SF-Kei_Nishikori-Benoit_Paire,2
20151011-M-Beijing-F-Rafael_Nadal-Novak_Djokovic,2
20151011-M-Tokyo-F-Stan_Wawrinka-Benoit_Paire,1
20151014-M-Ho_Chi_Minh_City_CH-R16-James_Duckworth-Sanam_Singh,1
20151014-M-Shanghai_Masters-R32-David_Ferrer-Bernard_Tomic,2
20151014-M-Shanghai_Masters-R32-Novak_Djokovic-Martin_Klizan,1
20151015-M-Shanghai_Masters-R16-Novak_Djokovic-Feliciano_Lopez,1
20151016-M-Shanghai_Masters-QF-Rafael_Nadal-Stan_Wawrinka,1
20151016-M-Shanghai_Masters-QF-Tomas_Berdych-Andy_Murray,2
20151017-M-Shanghai_Masters-SF-Andy_Murray-Novak_Djokovic,2
20151017-M-Shanghai_Masters-SF-Rafael_Nadal-Jo_Wilfried_Tsonga,2
20151018-M-Shanghai_Masters-F-Jo_Wilfried_Tsonga-Novak_Djokovic,2
20151019-M-Brest_CH-R32-David_Guez-Ruben_Ramirez_Hidalgo,1
20151019-M-Santiago_CH-R32-Alejandro_Gonzalez-Carlos_Eduardo_Severino,1
20151021-M-Vienna-R16-Sergiy_Stakhovsky-Ivo_Karlovic,2
20151023-M-Stockholm-QF-Richard_Gasquet-Jeremy_Chardy,1
20151025-M-Moscow-F-Roberto_Bautista_Agut-Marin_Cilic,2
20151027-M-Basel-R32-Grigor_Dimitrov-Sergiy_Stakhovsky,1
20151027-M-Basel-R32-John_Isner-Ernests_Gulbis,1
20151027-M-Basel-R32-Roger_Federer-Mikhail_Kukushkin,1
20151029-M-Basel-R16-Philipp_Kohlschreiber-Roger_Federer,2
20151029-M-Basel-R16-Rafael_Nadal-Grigor_Dimitrov,1
20151030-M-Basel-QF-Roger_Federer-David_Goffin,1
20151031-M-Basel-SF-Rafael_Nadal-Richard_Gasquet,1
20151031-M-Basel-SF-Roger_Federer-Jack_Sock,1
20151101-M-Basel-F-Rafael_Nadal-Roger_Federer,2
20151101-M-Valencia-F-Roberto_Bautista_Agut-Joao_Sousa,2
20151102-M-Canberra_CH-R32-Sebastian_Fanselow-Christopher_Oconnell,1
20151103-M-Paris-R32-Edouard_Roger_Vasselin-Ivo_Karlovic,1
20151104-M-Paris-R32-Andy_Murray-Borna_Coric,1
20151104-M-Paris-R32-Roberto_Bautista_Agut-Jo_Wilfried_Tsonga,2
20151104-M-Paris_Masters-R32-Andreas_Seppi-Roger_Federer,2
20151105-M-Paris-R16-Andy_Murray-David_Goffin,1
20151105-M-Paris-R16-Novak_Djokovic-Gilles_Simon,1
20151105-M-Paris-R16-Rafael_Nadal-Kevin_Anderson,1
20151105-M-Paris-R16-Tomas_Berdych-Jo_Wilfried_Tsonga,1
20151105-M-Paris-R32-Novak_Djokovic-Thomaz_Bellucci,1
20151105-M-Paris_Masters-R16-John_Isner-Roger_Federer,1
20151106-M-Paris-QF-Tomas_Berdych-Novak_Djokovic,2
20151107-M-Paris-SF-David_Ferrer-Andy_Murray,2
20151107-M-Paris-SF-Novak_Djokovic-Stan_Wawrinka,1
20151108-M-Paris-F-Andy_Murray-Novak_Djokovic,2
20151109-M-Knoxville_CH-R32-Mischa_Zverev-Hunter_Reese,1
20151109-M-Kobe_CH-R16-Yoshihito_Nishioka-Yuichi_Ito,1
20151109-M-Mouilleron_Le_Captif_CH-QF-Lucas_Pouille-Sergiy_Stakhovsky,1
20151115-M-Tour_Finals-RR-Novak_Djokovic-Kei_Nishikori,1
20151115-M-Tour_Finals-RR-Tomas_Berdych-Roger_Federer,2
20151116-M-Brescia_CH-QF-Igor_Sijsling-Farrukh_Dustov,1
20151116-M-Montevideo_CH-R32-Dario_Acosta-Carlos_Berlocq,2
20151116-M-Tour_Finals-RR-Andy_Murray-David_Ferrer,1
20151116-M-Tour_Finals-RR-Rafael_Nadal-Stan_Wawrinka,1
20151117-M-Tour_Finals-RR-Roger_Federer-Novak_Djokovic,1
20151118-M-Tour_Finals-RR-David_Ferrer-Stan_Wawrinka,2
20151118-M-Tour_Finals-RR-Rafael_Nadal-Andy_Murray,1
20151119-M-Tour_Finals-RR-Novak_Djokovic-Tomas_Berdych,1
20151119-M-Tour_Finals-RR-Roger_Federer-Kei_Nishikori,1
20151121-M-Tour_Finals-SF-Novak_Djokovic-Rafael_Nadal,1
20151121-M-Tour_Finals-SF-Roger_Federer-Stan_Wawrinka,1
20151122-M-Tour_Finals-F-Roger_Federer-Novak_Djokovic,2
20151123-M-Andria_CH-R32-Adrien_Bossel-Dudi_Sela,2
20151123-M-Toyota_CH-R32-Makoto_Ochi-Konstantin_Kravchuk,2
20151123-M-Toyota_CH-R32-Sho_Katayama-Gavin_Van_Peperzeel,1
20151129-M-Davis_Cup_World_Group_F-RR-Andy_Murray-David_Goffin,1
20160104-M-Bangkok_CH-R32-Nattan_Benjasupawan-Konstantin_Kravchuk,2
20160104-M-Doha-R32-Novak_Djokovic-Dustin_Brown,1
20160104-M-Hopman_Cup-RR-Jack_Sock-Alexandr_Dolgopolov,2
20160105-M-Doha-R32-Rafael_Nadal-Pablo_Carreno_Busta,1
20160106-M-Doha-R16-Rafael_Nadal-Robin_Haase,1
20160107-M-Doha-QF-Leonardo_Mayer-Novak_Djokovic,2
20160108-M-Brisbane-QF-Lucas_Pouille-Milos_Raonic,2
20160108-M-Brisbane-QF-Roger_Federer-Grigor_Dimitrov,1
20160108-M-Doha-SF-Rafael_Nadal-Illya_Marchenko,1
20160109-M-Brisbane-SF-Milos_Raonic-Bernard_Tomic,1
20160109-M-Brisbane-SF-Roger_Federer-Dominic_Thiem,1
20160109-M-Doha-SF-Novak_Djokovic-Tomas_Berdych,1
20160110-M-Brisbane-F-Roger_Federer-Milos_Raonic,2
20160110-M-Doha-F-Novak_Djokovic-Rafael_Nadal,1
20160116-M-Chennai-F-Stan_Wawrinka-Borna_Coric,1
20160116-M-Sydney-F-Viktor_Troicki-Grigor_Dimitrov,1
20160118-M-Manila_CH-R32-Ruben_Gonzales-Igor_Sijsling,2
20160119-M-Australian_Open-R128-Rafael_Nadal-Fernando_Verdasco,2
20160120-M-Australian_Open-R64-Roger_Federer-Alexandr_Dolgopolov,1
20160122-M-Australian_Open-R32-David_Goffin-Dominic_Thiem,1
20160122-M-Australian_Open-R32-Gilles_Simon-Federico_Delbonis,1
20160122-M-Australian_Open-R32-Grigor_Dimitrov-Roger_Federer,2
20160123-M-Australian_Open-R32-Stan_Wawrinka-Lukas_Rosol,1
20160124-M-Australian_Open-R16-Novak_Djokovic-Gilles_Simon,1
20160125-M-Australian_Open-R16-Stan_Wawrinka-Milos_Raonic,2
20160126-M-Australian_Open-QF-Novak_Djokovic-Kei_Nishikori,1
20160126-M-Australian_Open-QF-Roger_Federer-Tomas_Berdych,1
20160127-M-Australian_Open-QF-Milos_Raonic-Gael_Monfils,1
20160128-M-Australian_Open-SF-Novak_Djokovic-Roger_Federer,1
20160128-M-Maui_CH-R16-Michael_Mmoh-Kyle_Edmund,2
20160129-M-Australian_Open-SF-Andy_Murray-Milos_Raonic,1
20160131-M-Australian_Open-F-Novak_Djokovic-Andy_Murray,1
20160202-M-Quito-R32-Guido_Pella-Victor_Estrella,2
20160202-M-Sofia-R32-Marius_Copil-Hyeon_Chung,1
20160205-M-Quito-QF-Bernard_Tomic-Paolo_Lorenzi,2
20160206-M-Sofia-SF-Roberto_Bautista_Agut-Gilles_Muller,1
20160208-M-Rotterdam-R32-Thiemo_De_Bakker-Borna_Coric,2
20160213-M-Buenos_Aires-SF-Rafael_Nadal-Dominic_Thiem,2
20160214-M-Rotterdam-F-Gael_Monfils-Martin_Klizan,2
20160216-M-Delray_Beach-R32-Juan_Martin_Del_Potro-Denis_Kudla,1
20160216-M-Delray_Beach-R32-Taylor_Fritz-Tim_Smyczek,2
20160218-M-Rio_de_Janeiro-R16-Inigo_Cervantes_Huegun-Alexandr_Dolgopolov,2
20160219-M-Delray_Beach-QF-Juan_Martin_Del_Potro-Jeremy_Chardy,1
20160219-M-Marseille-QF-Richard_Gasquet-Nick_Kyrgios,2
20160219-M-Wroclaw_CH-QF-Albano_Olivetti-Dustin_Brown,2
20160220-M-Marseille-QF-Stan_Wawrinka-Benoit_Paire,2
20160220-M-Marseille-SF-Tomas_Berdych-Nick_Kyrgios,2
20160220-M-Rio_de_Janeiro-SF-Dominic_Thiem-Guido_Pella,2
20160221-M-Marseille-F-Marin_Cilic-Nick_Kyrgios,2
20160223-M-Cherbourg_CH-R32-Jurgen_Zopp-Jordan_Thompson,2
20160225-M-Cherbourg_CH-R16-Ramkumar_Ramanathan-Adam_Pavlasek,2
20160227-M-Cherbourg_CH-SF-Jordan_Thompson-Vincent_Millot,1
20160304-M-Davis_Cup_World_Group_R1-RR-Frank_Dancevic-Gael_Monfils,2
20160304-M-Quimper_CH-QF-Paul_Henri_Mathieu-Igor_Sijsling,1
20160307-M-Puebla_CH-Q3-Fernando_Romboli-Stefano_Napolitano,2
20160310-M-Indian_Wells_Masters-R128-Damir_Dzumhur-Marcel_Granollers,2
20160310-M-Indian_Wells_Masters-R128-Pablo_Carreno_Busta-Evgeny_Donskoy,1
20160310-M-Puebla_CH-R16-Dennis_Novak-Agustin_Velotti,2
20160312-M-Indian_Wells_Masters-R64-Jeremy_Chardy-Andrey_Kuznetsov,2
20160312-M-Indian_Wells_Masters-R64-Milos_Raonic-Inigo_Cervantes_Huegun,1
20160312-M-Indian_Wells_Masters-R64-Stan_Wawrinka-Illya_Marchenko,1
20160315-M-Indian_Wells_Masters-R32-Gilles_Simon-Alexander_Zverev,2
20160316-M-Indian_Wells_Masters-R16-Jo_Wilfried_Tsonga-Dominic_Thiem,1
20160317-M-Indian_Wells_Masters-QF-Marin_Cilic-David_Goffin,2
20160318-M-Indian_Wells_Masters-QF-Milos_Raonic-Gael_Monfils,1
20160319-M-Indian_Wells_Masters-SF-Rafael_Nadal-Novak_Djokovic,2
20160320-M-Indian_Wells_Masters-F-Milos_Raonic-Novak_Djokovic,2
20160323-M-Guadalajara_CH-R16-Dennis_Novikov-Eduardo_Struvay,1
20160326-M-San_Luis_Potosi_CH-SF-Albert_Montanes-Pedja_Krstin,2
20160326-M-San_Luis_Potosi_CH-SF-Marcelo_Arevalo-Federico_Gaio,1
20160327-M-Miami_Masters-R32-Richard_Gasquet-Benoit_Paire,1
20160327-M-Miami_Masters-R32-Tomas_Berdych-Steve_Johnson,1
20160327-M-Miami_Masters-R32-Viktor_Troicki-David_Goffin,2
20160328-M-Miami_Masters-QF-Milos_Raonic-Nick_Kyrgios,2
20160328-M-Miami_Masters-R16-Roberto_Bautista_Agut-Jo_Wilfried_Tsonga,1
20160403-M-Miami_Masters-F-Novak_Djokovic-Kei_Nishikori,1
20160409-M-Houston-SF-John_Isner-Jack_Sock,2
20160410-M-Marrakech-F-Federico_Delbonis-Borna_Coric,1
20160412-M-Monte_Carlo_Masters-R64-Joao_Sousa-Ivo_Karlovic,1
20160413-M-Monte_Carlo_Masters-R32-Novak_Djokovic-Jiri_Vesely,2
20160413-M-Monte_Carlo_Masters-R32-Rafael_Nadal-Aljaz_Bedene,1
20160414-M-Monte_Carlo_Masters-R16-Rafael_Nadal-Dominic_Thiem,1
20160415-M-Gwangju_CH-QF-Grega_Zemlja-Matt_Reid,1
20160415-M-Monte_Carlo_Masters-QF-Jo_Wilfried_Tsonga-Roger_Federer,1
20160416-M-Monte_Carlo_Masters-SF-Jo_Wilfried_Tsonga-Gael_Monfils,2
20160420-M-Savannah_CH-R16-Tennys_Sandgren-Gerald_Melzer,2
20160421-M-Barcelona-R16-Feliciano_Lopez-Philipp_Kohlschreiber,2
20160425-M-Bucharest-F-Fernando_Verdasco-Lucas_Pouille,1
20160427-M-Istanbul-R32-Teymuraz_Gabashvili-Damir_Dzumhur,2
20160501-M-Munich-F-Dominic_Thiem-Philipp_Kohlschreiber,2
20160502-M-Karshi_CH-R32-Pavel_Tsoy-Nikola_Milojevic,2
20160503-M-Madrid_Masters-R64-Dominic_Thiem-Juan_Martin_Del_Potro,2
20160504-M-Madrid_Masters-R32-Novak_Djokovic-Borna_Coric,1
20160505-M-Madrid-R16-Richard_Gasquet-Kei_Nishikori,2
20160506-M-Madrid_Masters-QF-Andy_Murray-Tomas_Berdych,1
20160506-M-Madrid_Masters-QF-Kei_Nishikori-Nick_Kyrgios,1
20160506-M-Madrid_Masters-QF-Novak_Djokovic-Milos_Raonic,1
20160506-M-Madrid_Masters-QF-Rafael_Nadal-Joao_Sousa,1
20160509-M-Rome-R64-Alexander_Zverev-Grigor_Dimitrov,1
20160509-M-Seoul_CH-R32-Ho_Gi_Kang-Yuichi_Sugita,2
20160511-M-Rome_Masters-R32-Roger_Federer-Alexander_Zverev,1
20160512-M-Rome_Masters-R16-Dominic_Thiem-Roger_Federer,1
20160512-M-Rome_Masters-R16-Rafael_Nadal-Nick_Kyrgios,1
20160513-M-Rome_Masters-QF-Andy_Murray-David_Goffin,1
20160513-M-Rome_Masters-QF-Novak_Djokovic-Rafael_Nadal,1
20160514-M-Rome_Masters-SF-Andy_Murray-Lucas_Pouille,1
20160515-M-Rome_Masters-F-Andy_Murray-Novak_Djokovic,1
20160528-M-Roland_Garros-R32-Alexander_Zverev-Dominic_Thiem,2
20160601-M-Roland_Garros-QF-Andy_Murray-Richard_Gasquet,1
20160603-M-Roland_Garros-SF-Novak_Djokovic-Dominic_Thiem,1
20160603-M-Roland_Garros-SF-Stan_Wawrinka-Andy_Murray,2
20160607-M-Stuttgart-R32-Viktor_Troicki-Florian_Mayer,2
20160611-M-Stuttgart-SF-Roger_Federer-Dominic_Thiem,2
20160612-M-Stuttgart-F-Dominic_Thiem-Philipp_Kohlschreiber,1
20160619-M-Fergana_CH-F-Radu_Albot-Konstantin_Kravchuk,1
20160627-M-Wimbledon-R128-Novak_Djokovic-James_Ward,1
20160629-M-Wimbledon-R64-Novak_Djokovic-Adrian_Mannarino,1
20160629-M-Wimbledon-R64-Roger_Federer-Marcus_Willis,1
20160701-M-Wimbledon-R32-Novak_Djokovic-Sam_Querrey,2
20160706-M-Wimbledon-QF-Marin_Cilic-Roger_Federer,2
20160708-M-Wimbledon-SF-Andy_Murray-Tomas_Berdych,1
20160708-M-Wimbledon-SF-Milos_Raonic-Roger_Federer,1
20160708-M-Wimbledon_Juniors-SF-Denis_Shapovalov-Stefanos_Tsitsipas,1
20160710-M-Wimbledon-F-Milos_Raonic-Andy_Murray,2
20160710-M-Wimbledon_Juniors-F-Denis_Shapovalov-Alex_De_Minaur,1
20160716-M-Hamburg-SF-Martin_Klizan-Stephane_Robert,1
20160716-M-Hamburg-SF-Pablo_Cuevas-Renzo_Olivo,1
20160717-M-Hamburg-F-Martin_Klizan-Pablo_Cuevas,1
20160718-M-Washington-R64-Dudi_Sela-Taylor_Fritz,2
20160719-M-Washington-R32-Grigor_Dimitrov-Daniel_Evans,2
20160720-M-Washington-R32-Taylor_Fritz-Alexander_Zverev,2
20160724-M-Gstaad-F-Robin_Haase-Feliciano_Lopez,2
20160724-M-Washington-F-Gael_Monfils-Ivo_Karlovic,1
20160729-M-Scheveningen_CH-QF-Alexey_Vatutin-Robin_Haase,2
20160730-M-Canada_Masters-SF-Novak_Djokovic-Gael_Monfils,1
20160731-M-Astana_CH-F-Evgeny_Donskoy-Konstantin_Kravchuk,1
20160804-M-Granby_CH-R16-Gregoire_Barrere-Denis_Shapovalov,2
20160806-M-Olympics-R64-Damir_Dzumhur-Dudi_Sela,2
20160807-M-Atlanta-F-John_Isner-Nick_Kyrgios,2
20160808-M-Olympics-R32-Juan_Martin_Del_Potro-Joao_Sousa,1
20160813-M-Olympics-SF-Rafael_Nadal-Juan_Martin_Del_Potro,2
20160814-M-Los_Cabos-F-Feliciano_Lopez-Ivo_Karlovic,2
20160819-M-Cincinnati_Masters-QF-Milos_Raonic-Dominic_Thiem,1
20160820-M-Cincinnati_Masters-SF-Marin_Cilic-Grigor_Dimitrov,1
20160820-M-Cincinnati_Masters-SF-Milos_Raonic-Andy_Murray,2
20160829-M-US_Open-R128-Novak_Djokovic-Jerzy_Janowicz,1
20160904-M-US_Open-R16-Lucas_Pouille-Rafael_Nadal,1
20160906-M-US_Open-QF-Lucas_Pouille-Gael_Monfils,2
20160907-M-US_Open-QF-Andy_Murray-Kei_Nishikori,2
20160908-M-US_Open-QF-Juan_Martin_Del_Potro-Stan_Wawrinka,2
20160909-M-US_Open-SF-Novak_Djokovic-Gael_Monfils,1
20160909-M-US_Open-SF-Stan_Wawrinka-Kei_Nishikori,1
20160911-M-US_Open-F-Novak_Djokovic-Stan_Wawrinka,2
20160919-M-Metz-F-Lucas_Pouille-Dominic_Thiem,1
20160921-M-Metz-R16-Dominic_Thiem-Peter_Gojowczyk,1
20160922-M-St_Petersburg-R16-Mikhail_Youzhny-Milos_Raonic,1
20160928-M-Shenzhen-R16-Benoit_Paire-Janko_Tipsarevic,2
20161006-M-Tokyo-R16-Gael_Monfils-Gilles_Simon,1
20161006-M-Tokyo-R16-Gilles_Muller-Marcos_Baghdatis,1
20161006-M-Tokyo-R16-Ivo_Karlovic-Janko_Tipsarevic,1
20161009-M-Tokyo-F-Nick_Kyrgios-David_Goffin,1
20161015-M-Shanghai_Masters-SF-Andy_Murray-Gilles_Simon,1
20161015-M-Shanghai_Masters-SF-Roberto_Bautista_Agut-Novak_Djokovic,1
20161016-M-Shanghai_Masters-F-Roberto_Bautista_Agut-Andy_Murray,2
20161017-M-Stockholm-F-Jack_Sock-Juan_Martin_Del_Potro,2
20161018-M-Stockholm-R32-Fernando_Verdasco-Mikael_Ymer,2
20161101-M-Charlottesville_CH-R32-Denis_Kudla-Tommy_Paul,1
20161101-M-Charlottesville_CH-R32-Peter_Polansky-Noah_Rubin,1
20161103-M-Paris_Masters-R16-Andy_Murray-Lucas_Pouille,1
20161105-M-Paris_Masters-SF-Marin_Cilic-John_Isner,2
20161106-M-Paris_Masters-F-Andy_Murray-John_Isner,1
20161113-M-Tour_Finals-RR-Milos_Raonic-Gael_Monfils,1
20161114-M-Tour_Finals-RR-Andy_Murray-Marin_Cilic,1
20161115-M-Tour_Finals-RR-Dominic_Thiem-Gael_Monfils,1
20161115-M-Tour_Finals-RR-Novak_Djokovic-Milos_Raonic,1
20161117-M-Tour_Finals-RR-Milos_Raonic-Dominic_Thiem,1
20161117-M-Tour_Finals-RR-Novak_Djokovic-David_Goffin,1
20161118-M-Tour_Finals-RR-Stan_Wawrinka-Andy_Murray,2
20161120-M-Tour_Finals-F-Andy_Murray-Novak_Djokovic,1
20161125-M-Davis_Cup_World_Group_F-RR-Ivo_Karlovic-Juan_Martin_Del_Potro,2
20161126-M-Andria_CH-SF-Egor_Gerasimov-Matteo_Berrettini,2
20161127-M-Davis_Cup_World_Group_F-RR-Marin_Cilic-Juan_Martin_Del_Potro,2
20170102-M-Doha-R32-Vasek_Pospisil-Fernando_Verdasco,2
20170104-M-Doha-R16-Jo_Wilfried_Tsonga-Dustin_Brown,1
20170106-M-Doha-SF-Andy_Murray-Tomas_Berdych,1
20170107-M-Doha-F-Novak_Djokovic-Andy_Murray,1
20170108-M-Bangkok_CH-F-Janko_Tipsarevic-Blaz_Kavcic,1
20170108-M-Chennai-F-Roberto_Bautista_Agut-Daniil_Medvedev,1
20170112-M-Auckland-QF-Steve_Johnson-John_Isner,1
20170114-M-Auckland-F-Joao_Sousa-Jack_Sock,2
20170114-M-Bangkok_CH-F-Zhe_Li-Janko_Tipsarevic,2
20170116-M-Australian_Open-R128-Jurgen_Melzer-Roger_Federer,2
20170117-M-Australian_Open-R128-Novak_Djokovic-Fernando_Verdasco,1
20170117-M-Australian_Open-R128-Rafael_Nadal-Florian_Mayer,1
20170118-M-Australian_Open-R64-Nick_Kyrgios-Andreas_Seppi,2
20170119-M-Australian_Open-R64-Novak_Djokovic-Denis_Istomin,2
20170120-M-Australian_Open-R32-Tomas_Berdych-Roger_Federer,2
20170121-M-Australian_Open-R32-Milos_Raonic-Gilles_Simon,1
20170121-M-Australian_Open-R32-Rafael_Nadal-Alexander_Zverev,1
20170122-M-Australian_Open-R16-Roger_Federer-Kei_Nishikori,1
20170123-M-Australian_Open-R16-David_Goffin-Dominic_Thiem,1
20170124-M-Australian_Open-QF-Grigor_Dimitrov-David_Goffin,1
20170124-M-Australian_Open-QF-Milos_Raonic-Rafael_Nadal,2
20170124-M-Australian_Open-QF-Roger_Federer-Mischa_Zverev,1
20170126-M-Australian_Open-SF-Roger_Federer-Stan_Wawrinka,1
20170127-M-Australian_Open-SF-Rafael_Nadal-Grigor_Dimitrov,1
20170206-M-Davis_Cup_World_Group_R1-RR-Kyle_Edmund-Denis_Shapovalov,1
20170206-M-Montpellier-F-Richard_Gasquet-Alexander_Zverev,2
20170211-M-San_Francisco_CH-SF-Vasek_Pospisil-Michael_Mmoh,1
20170212-M-Montpellier-SF-Benoit_Paire-Richard_Gasquet,2
20170212-M-Sofia-F-Grigor_Dimitrov-David_Goffin,1
20170216-M-Cherbourg_CH-R16-Axel_Michon-Peter_Gojowczyk,2
20170219-M-Buenos_Aires-F-Alexandr_Dolgopolov-Kei_Nishikori,1
20170219-M-Rotterdam-F-Jo_Wilfried_Tsonga-David_Goffin,1
20170221-M-Delray_Beach-R32-Kevin_Anderson-Juan_Martin_Del_Potro,2
20170221-M-Rio_de_Janeiro-R32-Janko_Tipsarevic-Dominic_Thiem,2
20170222-M-Rio_de_Janeiro-R16-Dominic_Thiem-Dusan_Lajovic,1
20170223-M-Rio_de_Janeiro-R16-Casper_Ruud-Roberto_Carballes_Baena,1
20170224-M-Marseille-QF-Lucas_Pouille-Daniil_Medvedev,1
20170224-M-Rio_de_Janeiro-QF-Diego_Schwartzman-Dominic_Thiem,2
20170225-M-Acapulco-F-Sam_Querrey-Rafael_Nadal,1
20170225-M-Rio_de_Janeiro-SF-Casper_Ruud-Pablo_Carreno_Busta,2
20170225-M-Rio_de_Janeiro-SF-Dominic_Thiem-Albert_Ramos,1
20170226-M-Delray_Beach-SF-Milos_Raonic-Juan_Martin_Del_Potro,1
20170226-M-Marseille-F-Lucas_Pouille-Jo_Wilfried_Tsonga,2
20170226-M-Rio_de_Janeiro-F-Dominic_Thiem-Pablo_Carreno_Busta,1
20170227-M-Acapulco-R32-Taylor_Fritz-Adrian_Mannarino,2
20170227-M-Dubai-F-Andy_Murray-Fernando_Verdasco,1
20170227-M-Dubai-R32-Roger_Federer-Benoit_Paire,1
20170228-M-Acapulco-R32-Dudi_Sela-Nick_Kyrgios,2
20170228-M-Acapulco-R32-Gilles_Simon-Dominic_Thiem,2
20170228-M-Acapulco-R32-Rafael_Nadal-Mischa_Zverev,1
20170301-M-Acapulco-R16-Donald_Young-Nick_Kyrgios,2
20170301-M-Acapulco-R16-Novak_Djokovic-Juan_Martin_Del_Potro,1
20170301-M-Acapulco-R16-Rafael_Nadal-Paolo_Lorenzi,1
20170301-M-Dubai-R16-Roger_Federer-Evgeny_Donskoy,2
20170302-M-Acapulco-QF-Rafael_Nadal-Yoshihito_Nishioka,1
20170302-M-Acapulco-QF-Sam_Querrey-Dominic_Thiem,1
20170302-M-Acapulco-R16-Adrian_Mannarino-Dominic_Thiem,2
20170303-M-Acapulco-SF-Rafael_Nadal-Marin_Cilic,1
20170311-M-Indian_Wells_Masters-R64-Jo_Wilfried_Tsonga-Fabio_Fognini,2
20170311-M-Indian_Wells_Masters-R64-Karen_Khachanov-David_Goffin,2
20170312-M-Indian_Wells_Masters-R64-Facundo_Bagnis-Alexander_Zverev,2
20170312-M-Indian_Wells_Masters-R64-Federico_Delbonis-Juan_Martin_Del_Potro,2
20170312-M-Indian_Wells_Masters-R64-Kei_Nishikori-Daniel_Evans,1
20170312-M-Indian_Wells_Masters-R64-Nick_Kyrgios-Horacio_Zeballos,1
20170312-M-Indian_Wells_Masters-R64-Rafael_Nadal-Guido_Pella,1
20170312-M-Indian_Wells_Masters-R64-Stephane_Robert-Roger_Federer,2
20170313-M-Indian_Wells_Masters-R32-Albert_Ramos-David_Goffin,2
20170313-M-Indian_Wells_Masters-R32-Dominic_Thiem-Mischa_Zverev,1
20170314-M-Indian_Wells_Masters-R16-Gilles_Muller-Kei_Nishikori,2
20170314-M-Indian_Wells_Masters-R32-Alexander_Zverev-Nick_Kyrgios,2
20170314-M-Indian_Wells_Masters-R32-Grigor_Dimitrov-Jack_Sock,2
20170314-M-Indian_Wells_Masters-R32-Novak_Djokovic-Juan_Martin_Del_Potro,1
20170314-M-Indian_Wells_Masters-R32-Rafael_Nadal-Fernando_Verdasco,1
20170314-M-Indian_Wells_Masters-R32-Stan_Wawrinka-Philipp_Kohlschreiber,1
20170314-M-Indian_Wells_Masters-R32-Steve_Johnson-Roger_Federer,2
20170315-M-Indian_Wells_Masters-R16-Dominic_Thiem-Gael_Monfils,1
20170315-M-Indian_Wells_Masters-R16-Pablo_Cuevas-David_Goffin,1
20170316-M-Indian_Wells_Masters-QF-Stan_Wawrinka-Dominic_Thiem,1
20170317-M-Indian_Wells_Masters-QF-Jack_Sock-Kei_Nishikori,1
20170318-M-Drummondville_CH-SF-Denis_Shapovalov-Felix_Auger_Aliassime,1
20170318-M-Indian_Wells_Masters-SF-Roger_Federer-Jack_Sock,1
20170318-M-Indian_Wells_Masters-SF-Stan_Wawrinka-Pablo_Carreno_Busta,1
20170319-M-Indian_Wells_Masters-F-Roger_Federer-Stan_Wawrinka,1
20170324-M-Miami_Masters-R64-Rafael_Nadal-Dudi_Sela,1
20170326-M-Miami-R32-Rafael_Nadal-Philipp_Kohlschreiber,1
20170327-M-Miami_Masters-R32-Ivo_Karlovic-Nick_Kyrgios,2
20170328-M-Miami_Masters-R16-Nicolas_Mahut-Rafael_Nadal,2
20170328-M-Miami_Masters-R16-Stan_Wawrinka-Alexander_Zverev,2
20170329-M-Miami_Masters-QF-Fabio_Fognini-Kei_Nishikori,1
20170329-M-Miami_Masters-QF-Rafael_Nadal-Jack_Sock,1
20170330-M-Miami_Masters-QF-Tomas_Berdych-Roger_Federer,2
20170401-M-Miami_Masters-SF-Roger_Federer-Nick_Kyrgios,1
20170416-M-Houston-F-Steve_Johnson-Thomaz_Bellucci,1
20170416-M-Marrakech-F-Philipp_Kohlschreiber-Borna_Coric,2
20170418-M-Monte_Carlo_Masters-R32-Jo_Wilfried_Tsonga-Adrian_Mannarino,2
20170418-M-Monte_Carlo_Masters-R32-Novak_Djokovic-Gilles_Simon,1
20170418-M-Qingdao_CH-R32-Thomas_Fabbiano-Karim_Mohamed_Maamoun,1
20170419-M-Monte_Carlo_Masters-R32-Dominic_Thiem-Robin_Haase,1
20170419-M-Monte_Carlo_Masters-R32-Kyle_Edmund-Rafael_Nadal,2
20170420-M-Monte_Carlo_Masters-R16-Andy_Murray-Albert_Ramos,2
20170420-M-Monte_Carlo_Masters-R16-Dominic_Thiem-David_Goffin,2
20170420-M-Monte_Carlo_Masters-R16-Novak_Djokovic-Pablo_Carreno_Busta,1
20170420-M-Monte_Carlo_Masters-R16-Rafael_Nadal-Alexander_Zverev,1
20170421-M-Monte_Carlo_Masters-QF-Novak_Djokovic-David_Goffin,2
20170421-M-Monte_Carlo_Masters-QF-Rafael_Nadal-Diego_Schwartzman,1
20170422-M-Monte_Carlo_Masters-SF-Lucas_Pouille-Albert_Ramos,2
20170422-M-Monte_Carlo_Masters-SF-Rafael_Nadal-David_Goffin,1
20170423-M-Monte_Carlo_Masters-F-Rafael_Nadal-Albert_Ramos,1
20170423-M-Qingdao_CH-F-Oscar_Otte-Janko_Tipsarevic,2
20170427-M-Barcelona-R16-Dominic_Thiem-Daniel_Evans,1
20170427-M-Barcelona-R16-Rafael_Nadal-Kevin_Anderson,1
20170428-M-Barcelona-QF-Dominic_Thiem-Yuichi_Sugita,1
20170428-M-Barcelona-QF-Rafael_Nadal-Hyeon_Chung,1
20170429-M-Barcelona-SF-Andy_Murray-Dominic_Thiem,2
20170429-M-Barcelona-SF-Rafael_Nadal-Horacio_Zeballos,1
20170430-M-Anning_CH-F-Quentin_Halys-Janko_Tipsarevic,2
20170430-M-Budapest-F-Lucas_Pouille-Aljaz_Bedene,1
20170508-M-Karshi_CH-R32-Dzmitry_Zhyrmont-Karim_Mohamed_Maamoun,2
20170508-M-Madrid_Masters-R64-Gael_Monfils-Gilles_Simon,2
20170508-M-Madrid_Masters-R64-Nick_Kyrgios-Marcos_Baghdatis,1
20170509-M-Madrid_Masters-R32-Dominic_Thiem-Jared_Donaldson,1
20170509-M-Madrid_Masters-R64-Alexander_Zverev-Fernando_Verdasco,1
20170510-M-Karshi_CH-R16-Sergiy_Stakhovsky-Karim_Mohamed_Maamoun,1
20170510-M-Madrid_Masters-R16-Novak_Djokovic-Feliciano_Lopez,1
20170510-M-Madrid_Masters-R32-Diego_Schwartzman-Kei_Nishikori,2
20170510-M-Madrid_Masters-R32-Marin_Cilic-Alexander_Zverev,2
20170510-M-Madrid_Masters-R32-Novak_Djokovic-Nicolas_Almagro,1
20170510-M-Madrid_Masters-R32-Rafael_Nadal-Fabio_Fognini,1
20170510-M-Madrid_Masters-R32-Ryan_Harrison-Nick_Kyrgios,2
20170511-M-Madrid_Masters-R16-Andy_Murray-Borna_Coric,2
20170511-M-Madrid_Masters-R16-David_Ferrer-Kei_Nishikori,2
20170511-M-Madrid_Masters-R16-Grigor_Dimitrov-Dominic_Thiem,2
20170511-M-Madrid_Masters-R16-Milos_Raonic-David_Goffin,2
20170511-M-Madrid_Masters-R16-Rafael_Nadal-Nick_Kyrgios,1
20170511-M-Madrid_Masters-R16-Tomas_Berdych-Alexander_Zverev,2
20170512-M-Madrid_Masters-QF-Dominic_Thiem-Borna_Coric,1
20170512-M-Madrid_Masters-QF-Rafael_Nadal-David_Goffin,1
20170514-M-Madrid_Masters-F-Rafael_Nadal-Dominic_Thiem,1
20170516-M-Samarkand_CH-R32-Sanjar_Fayziev-Karim_Mohamed_Maamoun,2
20170517-M-Samarkand_CH-R16-Karim_Mohamed_Maamoun-Nikola_Milojevic,2
20170518-M-Rome_Masters-R16-Kei_Nishikori-Juan_Martin_Del_Potro,2
20170519-M-Rome_Masters-QF-Rafael_Nadal-Dominic_Thiem,2
20170520-M-Rome_Masters-QF-Novak_Djokovic-Juan_Martin_Del_Potro,1
20170521-M-Rome_Masters-F-Novak_Djokovic-Alexander_Zverev,2
20170527-M-Lyon-F-Tomas_Berdych-Jo_Wilfried_Tsonga,2
20170530-M-Roland_Garros-R128-Gael_Monfils-Dustin_Brown,1
20170530-M-Roland_Garros-R128-Nick_Kyrgios-Philipp_Kohlschreiber,1
20170531-M-Roland_Garros-R64-Sergiy_Stakhovsky-David_Goffin,2
20170607-M-Roland_Garros-QF-Novak_Djokovic-Dominic_Thiem,2
20170609-M-Roland_Garros-SF-Stan_Wawrinka-Andy_Murray,1
20170611-M-Roland_Garros-F-Rafael_Nadal-Stan_Wawrinka,1
20170613-M-Stuttgart-R32-Tommy_Haas-Pierre_Hugues_Herbert,1
20170614-M-Stuttgart-R16-Tommy_Haas-Roger_Federer,1
20170618-M-Stuttgart-F-Lucas_Pouille-Feliciano_Lopez,1
20170618-M-s_Hertogenbosch-F-Gilles_Muller-Ivo_Karlovic,1
20170619-M-Halle-F-Alexander_Zverev-Roger_Federer,2
20170620-M-Halle-R32-Alexander_Zverev-Paolo_Lorenzi,1
20170621-M-Queens_Club-R16-Tomas_Berdych-Denis_Shapovalov,1
20170623-M-Queens_Club-QF-Grigor_Dimitrov-Daniil_Medvedev,1
20170624-M-Halle-SF-Karen_Khachanov-Roger_Federer,2
20170624-M-Halle-SF-Richard_Gasquet-Alexander_Zverev,2
20170624-M-Queens_Club-SF-Grigor_Dimitrov-Feliciano_Lopez,2
20170710-M-Wimbledon-R16-Gilles_Muller-Rafael_Nadal,1
20170710-M-Wimbledon-R16-Grigor_Dimitrov-Roger_Federer,2
20170712-M-Wimbledon-QF-Andy_Murray-Sam_Querrey,2
20170712-M-Wimbledon-QF-Milos_Raonic-Roger_Federer,2
20170712-M-Wimbledon-QF-Novak_Djokovic-Tomas_Berdych,2
20170714-M-Wimbledon-SF-Marin_Cilic-Sam_Querrey,1
20170714-M-Wimbledon-SF-Tomas_Berdych-Roger_Federer,2
20170716-M-Wimbledon-F-Marin_Cilic-Roger_Federer,2
20170722-M-Bastad-SF-Fernando_Verdasco-David_Ferrer,2
20170724-M-Bastad-F-Alexandr_Dolgopolov-David_Ferrer,2
20170727-M-Hamburg-R16-Gilles_Simon-Philipp_Kohlschreiber,2
20170803-M-Segovia_CH-R16-Karim_Mohamed_Maamoun-Alex_De_Minaur,2
20170804-M-Kitzbuhel-SF-Fabio_Fognini-Philipp_Kohlschreiber,2
20170805-M-Kitzbuhel-F-Philipp_Kohlschreiber-Joao_Sousa,1
20170807-M-Canada_Masters-R64-Nick_Kyrgios-Viktor_Troicki,1
20170808-M-Canada_Masters-R64-John_Isner-Juan_Martin_Del_Potro,2
20170810-M-Canada_Masters-R16-David_Ferrer-Roger_Federer,2
20170810-M-Canada_Masters-R16-Rafael_Nadal-Denis_Shapovalov,2
20170811-M-Canada_Masters-QF-Roberto_Bautista_Agut-Roger_Federer,2
20170812-M-Canada_Masters-SF-Denis_Shapovalov-Alexander_Zverev,2
20170812-M-Canada_Masters-SF-Roger_Federer-Robin_Haase,1
20170814-M-Cincinnati_Masters-R64-Fernando_Verdasco-Mischa_Zverev,2
20170815-M-Cincinnati_Masters-R32-Dominic_Thiem-Fabio_Fognini,1
20170816-M-Cincinnati_Masters-R32-Alexandr_Dolgopolov-Nick_Kyrgios,2
20170816-M-Cincinnati_Masters-R32-Rafael_Nadal-Richard_Gasquet,1
20170817-M-Cincinnati_Masters-R16-Adrian_Mannarino-Dominic_Thiem,2
20170817-M-Meerbusch_CH-R16-Marc_Sieber-Karim_Mohamed_Maamoun,2
20170818-M-Cincinnati_Masters-QF-Rafael_Nadal-Nick_Kyrgios,2
20170818-M-Meerbusch_CH-QF-Jeremy_Jahn-Karim_Mohamed_Maamoun,2
20170819-M-Cincinnati_Masters-SF-John_Isner-Grigor_Dimitrov,2
20170819-M-Meerbusch_CH-SF-Andreas_Haider_Maurer-Karim_Mohamed_Maamoun,1
20170828-M-US_Open-R16-Dominic_Thiem-Juan_Martin_Del_Potro,2
20170829-M-US_Open-R128-Rafael_Nadal-Dusan_Lajovic,1
20170829-M-US_Open-R128-Roger_Federer-Frances_Tiafoe,1
20170831-M-US_Open-R64-Roger_Federer-Mikhail_Youzhny,1
20170904-M-Alphen_Aan_Den_Rijn_CH-R32-Yannick_Maden-Karim_Mohamed_Maamoun,1
20170908-M-US_Open-SF-Rafael_Nadal-Juan_Martin_Del_Potro,1
20170910-M-US_Open-F-Kevin_Anderson-Rafael_Nadal,2
20170913-M-Istanbul_CH-R16-Karim_Mohamed_Maamoun-Uladzimir_Ignatik,1
20170915-M-Istanbul_CH-QF-Altug_Celikbilek-Karim_Mohamed_Maamoun,2
20170916-M-Istanbul_CH-SF-Malek_Jaziri-Karim_Mohamed_Maamoun,1
20170919-M-Izmir_CH-R32-Malek_Jaziri-Karim_Mohamed_Maamoun,2
20170921-M-Izmir_CH-R16-Aleksandr_Nedovyesov-Karim_Mohamed_Maamoun,1
20170921-M-Metz-R16-Benoit_Paire-Marcel_Granollers,1
20170924-M-Laver_Cup-RR-Roger_Federer-Nick_Kyrgios,1
20170925-M-Chengdu-F-Denis_Istomin-Marcos_Baghdatis,1
20171003-M-Beijing-R32-Nick_Kyrgios-Nikoloz_Basilashvili,1
20171003-M-Beijing-R32-Rafael_Nadal-Lucas_Pouille,1
20171003-M-Tokyo-R32-Steve_Johnson-Dominic_Thiem,1
20171004-M-Beijing-R16-Grigor_Dimitrov-Juan_Martin_Del_Potro,1
20171005-M-Beijing-R16-Rafael_Nadal-Karen_Khachanov,1
20171006-M-Beijing-QF-John_Isner-Rafael_Nadal,2
20171012-M-Shanghai_Masters-R16-Alexandr_Dolgopolov-Roger_Federer,2
20171013-M-Shanghai_Masters-QF-Richard_Gasquet-Roger_Federer,2
20171014-M-Shanghai_Masters-SF-Juan_Martin_Del_Potro-Roger_Federer,2
20171014-M-Shanghai_Masters-SF-Marin_Cilic-Rafael_Nadal,2
20171015-M-Shanghai_Masters-F-Rafael_Nadal-Roger_Federer,2
20171016-M-Moscow-R32-Alexander_Bublik-Teymuraz_Gabashvili,1
20171016-M-Moscow-R32-Roman_Safiullin-Yuki_Bhambri,2
20171019-M-Stockholm-R16-Jan_Lennard_Struff-Juan_Martin_Del_Potro,2
20171020-M-Antwerp-QF-Stefanos_Tsitsipas-David_Goffin,1
20171021-M-Stockholm-SF-Grigor_Dimitrov-Fabio_Fognini,1
20171021-M-Stockholm-SF-Juan_Martin_Del_Potro-Fernando_Verdasco,1
20171025-M-Basel-R32-Adrian_Mannarino-Ruben_Bemelmans,1
20171028-M-Basel-SF-Roger_Federer-David_Goffin,1
20171029-M-Basel-F-Juan_Martin_Del_Potro-Roger_Federer,2
20171030-M-Eckental_CH-R32-Karim_Mohamed_Maamoun-Mirza_Basic,2
20171031-M-Paris_Masters-R64-David_Ferrer-Adrian_Mannarino,2
20171101-M-Paris_Masters-R32-David_Goffin-Adrian_Mannarino,1
20171101-M-Paris_Masters-R32-Grigor_Dimitrov-Richard_Gasquet,1
20171101-M-Paris_Masters-R32-John_Isner-Diego_Schwartzman,1
20171101-M-Paris_Masters-R32-Rafael_Nadal-Hyeon_Chung,1
20171102-M-Paris_Masters-R16-Dominic_Thiem-Fernando_Verdasco,2
20171102-M-Paris_Masters-R16-John_Isner-Grigor_Dimitrov,1
20171102-M-Paris_Masters-R16-Rafael_Nadal-Pablo_Cuevas,1
20171103-M-Paris_Masters-QF-John_Isner-Juan_Martin_Del_Potro,1
20171105-M-Paris_Masters-F-Filip_Krajinovic-Jack_Sock,2
20171113-M-Pune_CH-R32-N_Sriram_Balaji-Karim_Mohamed_Maamoun,1
20171115-M-Tour_Finals-RR-Grigor_Dimitrov-David_Goffin,1
20180106-M-Brisbane-SF-Grigor_Dimitrov-Nick_Kyrgios,2
20180107-M-Brisbane-F-Ryan_Harrison-Nick_Kyrgios,2
20180110-M-Auckland-R16-Denis_Shapovalov-Juan_Martin_Del_Potro,2
20180111-M-Auckland-QF-Karen_Khachanov-Juan_Martin_Del_Potro,2
20180111-M-Sydney-SF-Daniil_Medvedev-Fabio_Fognini,1
20180112-M-Sydney-SF-Alex_De_Minaur-Benoit_Paire,1
20180114-M-Australian_Open-R128-Rafael_Nadal-Victor_Estrella,1
20180116-M-Australian_Open-R128-Roger_Federer-Aljaz_Bedene,1
20180116-M-Australian_Open-R64-Rafael_Nadal-Leonardo_Mayer,1
20180117-M-Australian_Open-R64-Denis_Shapovalov-Jo_Wilfried_Tsonga,2
20180117-M-Australian_Open-R64-Grigor_Dimitrov-Mackenzie_Mcdonald,1
20180117-M-Koblenz_CH-R32-Christopher_Heyman-Karim_Mohamed_Maamoun,1
20180118-M-Australian_Open-R64-Jan_Lennard_Struff-Roger_Federer,2
20180118-M-Australian_Open-R64-Karen_Khachanov-Juan_Martin_Del_Potro,2
20180118-M-Australian_Open-R64-Novak_Djokovic-Gael_Monfils,1
20180120-M-Australian_Open-R32-Novak_Djokovic-Albert_Ramos,1
20180120-M-Australian_Open-R32-Roger_Federer-Richard_Gasquet,1
20180121-M-Australian_Open-R16-Grigor_Dimitrov-Nick_Kyrgios,1
20180122-M-Australian_Open-R16-Novak_Djokovic-Hyeon_Chung,2
20180122-M-Australian_Open-R16-Roger_Federer-Marton_Fucsovics,1
20180123-M-Australian_Open-QF-Grigor_Dimitrov-Kyle_Edmund,2
20180123-M-Australian_Open-QF-Rafael_Nadal-Marin_Cilic,2
20180124-M-Australian_Open-QF-Tomas_Berdych-Roger_Federer,2
20180126-M-Australian_Open-SF-Hyeon_Chung-Roger_Federer,2
20180127-M-Newport_Beach_CH-SF-Bradley_Klahn-Cristian_Garin,1
20180128-M-Australian_Open-F-Marin_Cilic-Roger_Federer,2
20180208-M-Sofia-R16-Stan_Wawrinka-Martin_Klizan,1
20180210-M-Sofia-SF-Jozef_Kovalik-Marius_Copil,2
20180213-M-Rotterdam-R32-Tallon_Griekspoor-Stan_Wawrinka,1
20180215-M-Rotterdam-R16-Roger_Federer-Philipp_Kohlschreiber,1
20180216-M-Buenos_Aires-QF-Dominic_Thiem-Guido_Pella,1
20180217-M-Chennai_CH-R32-Jordan_Thompson-Karim_Mohamed_Maamoun,1
20180218-M-New_York-SF-Kevin_Anderson-Kei_Nishikori,1
20180225-M-Marseille-F-Lucas_Pouille-Karen_Khachanov,2
20180227-M-Acapulco-R32-Juan_Martin_Del_Potro-Mischa_Zverev,1
20180227-M-Dubai-R32-Grigor_Dimitrov-Malek_Jaziri,2
20180228-M-Acapulco-R16-Juan_Martin_Del_Potro-David_Ferrer,1
20180228-M-Dubai-R16-Karen_Khachanov-Lucas_Pouille,2
20180301-M-Acapulco-QF-Dominic_Thiem-Juan_Martin_Del_Potro,2
20180309-M-Indian_Wells_Masters-R128-Marcos_Baghdatis-Yoshihito_Nishioka,1
20180311-M-Indian_Wells_Masters-R64-Juan_Martin_Del_Potro-Alex_De_Minaur,1
20180311-M-Indian_Wells_Masters-R64-Roger_Federer-Federico_Delbonis,1
20180312-M-Indian_Wells_Masters-R32-Roger_Federer-Filip_Krajinovic,1
20180313-M-Indian_Wells_Masters-R32-David_Ferrer-Juan_Martin_Del_Potro,2
20180314-M-Indian_Wells_Masters-R16-Jeremy_Chardy-Roger_Federer,2
20180314-M-Indian_Wells_Masters-R16-Leonardo_Mayer-Juan_Martin_Del_Potro,2
20180315-M-Indian_Wells_Masters-QF-Roger_Federer-Hyeon_Chung,1
20180316-M-Indian_Wells_Masters-QF-Philipp_Kohlschreiber-Juan_Martin_Del_Potro,2
20180316-M-Indian_Wells_Masters-SF-Milos_Raonic-Juan_Martin_Del_Potro,2
20180316-M-Indian_Wells_Masters-SF-Roger_Federer-Borna_Coric,1
20180318-M-Indian_Wells_Masters-F-Roger_Federer-Juan_Martin_Del_Potro,2
20180325-M-Miami_Masters-R32-Benoit_Paire-Filip_Krajinovic,2
20180325-M-Miami_Masters-R32-Kei_Nishikori-Juan_Martin_Del_Potro,2
20180325-M-Miami_Masters-R32-Milos_Raonic-Diego_Schwartzman,1
20180325-M-Miami_Masters-R64-Dusan_Lajovic-Nick_Kyrgios,2
20180325-M-Miami_Masters-R64-Roger_Federer-Thanasi_Kokkinakis,2
20180326-M-Miami_Masters-R32-Nick_Kyrgios-Fabio_Fognini,1
20180327-M-Miami_Masters-R16-Filip_Krajinovic-Juan_Martin_Del_Potro,2
20180330-M-Miami_Masters-SF-John_Isner-Juan_Martin_Del_Potro,1
20180401-M-Miami_Masters-F-John_Isner-Alexander_Zverev,1
20180408-M-Davis_Cup_World_Group_QF-RR-David_Ferrer-Philipp_Kohlschreiber,1
20180408-M-Panama_City_CH-F-Blaz_Rola-Carlos_Berlocq,2
20180410-M-Houston-R32-Horacio_Zeballos-Yoshihito_Nishioka,1
20180412-M-Marrakech-R16-Joao_Sousa-Mirza_Basic,1
20180413-M-Houston-QF-Nick_Kyrgios-Ivo_Karlovic,2
20180415-M-Houston-F-Steve_Johnson-Tennys_Sandgren,1
20180416-M-Monte_Carlo_Masters-R64-Novak_Djokovic-Dusan_Lajovic,1
20180416-M-Monte_Carlo_Masters-R64-Stefanos_Tsitsipas-Denis_Shapovalov,1
20180416-M-Monte_Carlo_Masters-R64-Tomas_Berdych-Kei_Nishikori,2
20180417-M-Monte_Carlo_Masters-R32-Dominic_Thiem-Andrey_Rublev,1
20180417-M-Monte_Carlo_Masters-R32-Grigor_Dimitrov-Pierre_Hugues_Herbert,1
20180417-M-Monte_Carlo_Masters-R32-Stefanos_Tsitsipas-David_Goffin,2
20180418-M-Monte_Carlo_Masters-R32-Daniil_Medvedev-Kei_Nishikori,2
20180418-M-Monte_Carlo_Masters-R32-Rafael_Nadal-Aljaz_Bedene,1
20180419-M-Monte_Carlo_Masters-R16-Dominic_Thiem-Novak_Djokovic,1
20180419-M-Monte_Carlo_Masters-R16-Grigor_Dimitrov-Philipp_Kohlschreiber,1
20180419-M-Monte_Carlo_Masters-R16-Kei_Nishikori-Andreas_Seppi,1
20180419-M-Monte_Carlo_Masters-R16-Rafael_Nadal-Karen_Khachanov,1
20180420-M-Monte_Carlo_Masters-QF-Grigor_Dimitrov-David_Goffin,1
20180420-M-Monte_Carlo_Masters-QF-Marin_Cilic-Kei_Nishikori,2
20180420-M-Monte_Carlo_Masters-QF-Rafael_Nadal-Dominic_Thiem,1
20180421-M-Monte_Carlo_Masters-SF-Rafael_Nadal-Grigor_Dimitrov,1
20180425-M-Barcelona-R32-Pablo_Carreno_Busta-Benoit_Paire,1
20180426-M-Barcelona-R16-Pablo_Carreno_Busta-Adrian_Mannarino,1
20180427-M-Barcelona-QF-Grigor_Dimitrov-Pablo_Carreno_Busta,2
20180428-M-Barcelona-SF-Stefanos_Tsitsipas-Pablo_Carreno_Busta,1
20180428-M-Budapest-SF-John_Millman-Aljaz_Bedene,1
20180501-M-Munich-R32-Ivo_Karlovic-Philipp_Kohlschreiber,2
20180503-M-Munich-R16-Mischa_Zverev-Philipp_Kohlschreiber,2
20180504-M-Munich-QF-Roberto_Bautista_Agut-Philipp_Kohlschreiber,2
20180505-M-Munich-SF-Maximilian_Marterer-Philipp_Kohlschreiber,2
20180506-M-Munich-F-Philipp_Kohlschreiber-Alexander_Zverev,2
20180508-M-Madrid_Masters-R32-Grigor_Dimitrov-Milos_Raonic,2
20180511-M-Madrid_Masters-QF-Rafael_Nadal-Dominic_Thiem,2
20180513-M-Madrid_Masters-F-Dominic_Thiem-Alexander_Zverev,2
20180514-M-Rome_Masters-R64-Alexandr_Dolgopolov-Novak_Djokovic,2
20180516-M-Rome_Masters-R32-Dominic_Thiem-Fabio_Fognini,2
20180516-M-Rome_Masters-R32-Grigor_Dimitrov-Kei_Nishikori,2
20180516-M-Rome_Masters-R32-Juan_Martin_Del_Potro-Stefanos_Tsitsipas,1
20180517-M-Rome_Masters-R16-Denis_Shapovalov-Rafael_Nadal,2
20180519-M-Rome_Masters-SF-Rafael_Nadal-Novak_Djokovic,1
20180520-M-Rome_Masters-F-Rafael_Nadal-Alexander_Zverev,1
20180522-M-Lyon-R16-Roberto_Carballes_Baena-Dominic_Thiem,2
20180523-M-Geneva-R16-Stan_Wawrinka-Jared_Donaldson,1
20180524-M-Lyon-QF-Guillermo_Garcia_Lopez-Dominic_Thiem,2
20180525-M-Lyon-SF-Dusan_Lajovic-Dominic_Thiem,2
20180528-M-Roland_Garros-R128-Borna_Coric-Philipp_Kohlschreiber,1
20180530-M-Roland_Garros-R64-Novak_Djokovic-Jaume_Munar,1
20180531-M-Roland_Garros-R64-Marton_Fucsovics-Kyle_Edmund,2
20180602-M-Roland_Garros-R32-Gael_Monfils-David_Goffin,2
20180604-M-Roland_Garros-R16-John_Isner-Juan_Martin_Del_Potro,2
20180605-M-Roland_Garros-QF-Alexander_Zverev-Dominic_Thiem,2
20180605-M-Roland_Garros-QF-Marco_Cecchinato-Novak_Djokovic,1
20180607-M-Roland_Garros-QF-Marin_Cilic-Juan_Martin_Del_Potro,2
20180608-M-Roland_Garros-SF-Marco_Cecchinato-Dominic_Thiem,2
20180608-M-Roland_Garros-SF-Rafael_Nadal-Juan_Martin_Del_Potro,1
20180610-M-Roland_Garros-F-Rafael_Nadal-Dominic_Thiem,1
20180613-M-Stuttgart-R16-Mischa_Zverev-Roger_Federer,2
20180614-M-s_Hertogenbosch-R16-Stefanos_Tsitsipas-Malek_Jaziri,1
20180615-M-Stuttgart-QF-Feliciano_Lopez-Nick_Kyrgios,2
20180615-M-Stuttgart-QF-Guido_Pella-Roger_Federer,2
20180616-M-Stuttgart-SF-Roger_Federer-Nick_Kyrgios,1
20180617-M-Stuttgart-F-Milos_Raonic-Roger_Federer,2
20180619-M-Halle-R32-Lucas_Pouille-Stefanos_Tsitsipas,2
20180619-M-Halle-R32-Roger_Federer-Aljaz_Bedene,1
20180620-M-Queens_Club-R16-Stan_Wawrinka-Sam_Querrey,2
20180621-M-Halle-R16-Roger_Federer-Benoit_Paire,1
20180621-M-Queens_Club-R16-Nick_Kyrgios-Kyle_Edmund,1
20180621-M-Queens_Club-R16-Novak_Djokovic-Grigor_Dimitrov,1
20180622-M-Halle-QF-Matthew_Ebden-Roger_Federer,2
20180622-M-Queens_Club-QF-Novak_Djokovic-Adrian_Mannarino,1
20180623-M-Halle-SF-Roberto_Bautista_Agut-Borna_Coric,1
20180623-M-Halle-SF-Roger_Federer-Denis_Kudla,1
20180624-M-Blois_CH-F-Felix_Auger_Aliassime-Scott_Griekspoor,2
20180624-M-Halle-F-Borna_Coric-Roger_Federer,1
20180624-M-Queens_Club-F-Novak_Djokovic-Marin_Cilic,2
20180628-M-Eastbourne-QF-Denis_Shapovalov-Mischa_Zverev,2
20180702-M-Wimbledon-R128-Dusan_Lajovic-Roger_Federer,2
20180704-M-Wimbledon-R64-Lukas_Lacko-Roger_Federer,2
20180705-M-Wimbledon-R64-Feliciano_Lopez-Juan_Martin_Del_Potro,2
20180706-M-Wimbledon-R32-Roger_Federer-Jan_Lennard_Struff,1
20180707-M-Wimbledon-R32-Benoit_Paire-Juan_Martin_Del_Potro,2
20180709-M-Wimbledon-R16-Adrian_Mannarino-Roger_Federer,2
20180711-M-Wimbledon-QF-Kevin_Anderson-Roger_Federer,1
20180711-M-Wimbledon-QF-Milos_Raonic-John_Isner,2
20180711-M-Wimbledon-QF-Novak_Djokovic-Kei_Nishikori,1
20180711-M-Wimbledon-QF-Rafael_Nadal-Juan_Martin_Del_Potro,1
20180713-M-Wimbledon-SF-Kevin_Anderson-John_Isner,1
20180713-M-Wimbledon-SF-Rafael_Nadal-Novak_Djokovic,2
20180715-M-Perugia_CH-F-Gianluigi_Quinzi-Ulises_Blanch,2
20180715-M-Wimbledon-F-Kevin_Anderson-Novak_Djokovic,2
20180717-M-Newport-R32-Alex_De_Minaur-Ivo_Karlovic,2
20180718-M-Bastad-R16-Matteo_Berrettini-Henri_Laaksonen,2
20180722-M-Bastad-F-Fabio_Fognini-Richard_Gasquet,1
20180729-M-Atlanta-F-John_Isner-Ryan_Harrison,1
20180730-M-Washington-R64-Hubert_Hurkacz-Ilya_Ivashka,1
20180801-M-Los_Cabos-R16-Juan_Martin_Del_Potro-Marcos_Giron,1
20180801-M-Washington-R32-Hubert_Hurkacz-Frances_Tiafoe,2
20180803-M-Los_Cabos-SF-Juan_Martin_Del_Potro-Damir_Dzumhur,1
20180803-M-Washington-R16-Hyeon_Chung-Alex_De_Minaur,2
20180805-M-Washington-F-Alex_De_Minaur-Alexander_Zverev,2
20180807-M-Canada_Masters-R64-Nick_Kyrgios-Stan_Wawrinka,2
20180809-M-Canada_Masters-R32-Rafael_Nadal-Benoit_Paire,1
20180810-M-Canada_Masters-QF-Grigor_Dimitrov-Kevin_Anderson,2
20180811-M-Canada_Masters-SF-Rafael_Nadal-Karen_Khachanov,1
20180814-M-Cincinnati_Masters-R64-Andy_Murray-Lucas_Pouille,2
20180814-M-Cincinnati_Masters-R64-Hubert_Hurkacz-Marton_Fucsovics,2
20180816-M-Cincinnati_Masters-R32-Juan_Martin_Del_Potro-Hyeon_Chung,1
20180816-M-Gwangju_CH-R16-Akira_Santillan-Karim_Mohamed_Maamoun,1
20180817-M-Cincinnati_Masters-QF-David_Goffin-Juan_Martin_Del_Potro,1
20180817-M-Cincinnati_Masters-QF-Roger_Federer-Stan_Wawrinka,1
20180817-M-Cincinnati_Masters-R16-Nick_Kyrgios-Juan_Martin_Del_Potro,2
20180818-M-Cincinnati_Masters-SF-Marin_Cilic-Novak_Djokovic,2
20180818-M-Cincinnati_Masters-SF-Roger_Federer-David_Goffin,1
20180819-M-Cincinnati_Masters-F-Roger_Federer-Novak_Djokovic,2
20180828-M-US_Open-R128-Nikoloz_Basilashvili-Aljaz_Bedene,1
20180828-M-US_Open-R128-Yoshihito_Nishioka-Roger_Federer,2
20180829-M-US_Open-R64-Andy_Murray-Fernando_Verdasco,2
20180829-M-US_Open-R64-Denis_Kudla-Juan_Martin_Del_Potro,2
20180830-M-US_Open-R64-Benoit_Paire-Roger_Federer,2
20180831-M-US_Open-R32-Borna_Coric-Daniil_Medvedev,1
20180831-M-US_Open-R32-Fernando_Verdasco-Juan_Martin_Del_Potro,2
20180831-M-US_Open-R32-Kevin_Anderson-Denis_Shapovalov,1
20180831-M-US_Open-R32-Rafael_Nadal-Karen_Khachanov,1
20180901-M-US_Open-R32-Roger_Federer-Nick_Kyrgios,1
20180902-M-US_Open-R16-Rafael_Nadal-Nikoloz_Basilashvili,1
20180903-M-US_Open-R16-Juan_Martin_Del_Potro-Borna_Coric,1
20180903-M-US_Open-R16-Roger_Federer-John_Millman,2
20180904-M-US_Open-QF-John_Isner-Juan_Martin_Del_Potro,2
20180905-M-US_Open-QF-Rafael_Nadal-Dominic_Thiem,1
20180907-M-US_Open-SF-Novak_Djokovic-Kei_Nishikori,1
20180907-M-US_Open-SF-Rafael_Nadal-Juan_Martin_Del_Potro,2
20180909-M-US_Open-F-Novak_Djokovic-Juan_Martin_Del_Potro,1
20180914-M-Davis_Cup_World_Group_PO-RR-Denis_Shapovalov-Robin_Haase,1
20180916-M-Banja_Luka_CH-F-Alessandro_Giannessi-Carlos_Berlocq,1
20180916-M-Davis_Cup_World_Group_SF-RR-Marcel_Granollers-Nicolas_Mahut,1
20180918-M-St_Petersburg-R32-Stan_Wawrinka-Aljaz_Bedene,1
20180919-M-St_Petersburg-R16-Stan_Wawrinka-Karen_Khachanov,1
20180919-M-St_Petersburg-R32-Mikhail_Youzhny-Mirza_Basic,1
20180921-M-Kaohsiung_CH-QF-Gael_Monfils-Ernests_Gulbis,1
20180921-M-St_Petersburg-QF-Stan_Wawrinka-Damir_Dzumhur,1
20180922-M-Kaohsiung_CH-SF-Gael_Monfils-Duck_Hee_Lee,1
20180923-M-Kaohsiung_CH-F-Gael_Monfils-Soon_Woo_Kwon,1
20180923-M-Metz-F-Matthias_Bachinger-Gilles_Simon,2
20180923-M-Sibiu_CH-F-Jelle_Sels-Dragos_Dima,2
20180926-M-Orleans_CH-R16-Constant_Lestienne-Aljaz_Bedene,2
20180928-M-Shenzhen-QF-Alex_De_Minaur-Damir_Dzumhur,1
20180928-M-Shenzhen-QF-Andy_Murray-Fernando_Verdasco,2
20180929-M-Shenzhen-SF-Fernando_Verdasco-Yoshihito_Nishioka,2
20181001-M-Tokyo-R32-Denis_Kudla-Richard_Gasquet,2
20181002-M-Beijing-R32-Albert_Ramos-Juan_Martin_Del_Potro,2
20181002-M-Tokyo-R32-Gilles_Simon-Alex_De_Minaur,2
20181003-M-Beijing-R16-Karen_Khachanov-Juan_Martin_Del_Potro,2
20181003-M-Tokyo-R32-Yoshihito_Nishioka-Nick_Kyrgios,2
20181004-M-Tokyo-R16-Nick_Kyrgios-Richard_Gasquet,2
20181005-M-Beijing-QF-Filip_Krajinovic-Juan_Martin_Del_Potro,2
20181007-M-Monterrey_CH-F-David_Ferrer-Ivo_Karlovic,1
20181008-M-Shanghai_Masters-R64-Gael_Monfils-Stefanos_Tsitsipas,2
20181009-M-Shanghai_Masters-R64-Benoit_Paire-Pablo_Carreno_Busta,1
20181009-M-Shanghai_Masters-R64-Hubert_Hurkacz-Hyeon_Chung,2
20181010-M-Shanghai_Masters-R32-Daniil_Medvedev-Roger_Federer,2
20181010-M-Shanghai_Masters-R32-Juan_Martin_Del_Potro-Richard_Gasquet,1
20181011-M-Shanghai_Masters-R16-Marco_Cecchinato-Novak_Djokovic,2
20181011-M-Shanghai_Masters-R16-Roger_Federer-Roberto_Bautista_Agut,1
20181012-M-Shanghai_Masters-QF-Matthew_Ebden-Borna_Coric,2
20181013-M-Shanghai_Masters-SF-Roger_Federer-Borna_Coric,2
20181014-M-Shanghai_Masters-F-Novak_Djokovic-Borna_Coric,1
20181015-M-Moscow-R32-Laslo_Djere-Aljaz_Bedene,2
20181016-M-Stockholm-R32-Philipp_Kohlschreiber-Alex_De_Minaur,1
20181017-M-Moscow-R16-Lukas_Rosol-Karen_Khachanov,2
20181017-M-Moscow-R16-Marco_Cecchinato-Adrian_Mannarino,2
20181018-M-Moscow-R16-Daniil_Medvedev-Dusan_Lajovic,1
20181019-M-Moscow-QF-Ricardas_Berankis-Daniil_Medvedev,2
20181020-M-Moscow-SF-Adrian_Mannarino-Andreas_Seppi,1
20181021-M-Stockholm-F-Stefanos_Tsitsipas-Ernests_Gulbis,1
20181028-M-Basel-F-Roger_Federer-Marius_Copil,1
20181031-M-Paris_Masters-R32-Daniil_Medvedev-Borna_Coric,2
20181031-M-Paris_Masters-R32-Gilles_Simon-Dominic_Thiem,2
20181101-M-Paris_Masters-R16-Diego_Schwartzman-Alexander_Zverev,2
20181101-M-Paris_Masters-R16-Dominic_Thiem-Borna_Coric,1
20181102-M-Paris_Masters-QF-Jack_Sock-Dominic_Thiem,2
20181103-M-Paris_Masters-SF-Dominic_Thiem-Karen_Khachanov,2
20181103-M-Paris_Masters-SF-Novak_Djokovic-Roger_Federer,1
20181104-M-Paris_Masters-F-Novak_Djokovic-Karen_Khachanov,2
20181106-M-NextGen_Finals-RR-Frances_Tiafoe-Hubert_Hurkacz,1
20181107-M-NextGen_Finals-RR-Hubert_Hurkacz-Jaume_Munar,1
20181108-M-NextGen_Finals-RR-Stefanos_Tsitsipas-Hubert_Hurkacz,1
20181111-M-Montevideo_CH-F-Guido_Pella-Carlos_Berlocq,1
20181111-M-Tour_Finals-RR-Roger_Federer-Kei_Nishikori,2
20181112-M-Tour_Finals-RR-John_Isner-Novak_Djokovic,2
20181114-M-Tour_Finals-RR-Dominic_Thiem-Roger_Federer,2
20181114-M-Tour_Finals-RR-John_Isner-Marin_Cilic,2
20181115-M-Tour_Finals-RR-Kevin_Anderson-Roger_Federer,2
20181116-M-Houston_CH-QF-Dominik_Koepfer-Ivo_Karlovic,1
20181116-M-Houston_CH-QF-Roy_Smith-Thai_Son_Kwiatkowski,1
20181117-M-Tour_Finals-SF-Kevin_Anderson-Novak_Djokovic,2
20181123-M-Davis_Cup_World_Group_F-RR-Jeremy_Chardy-Borna_Coric,2
20181123-M-Davis_Cup_World_Group_F-RR-Marin_Cilic-Jo_Wilfried_Tsonga,1
20181125-M-Davis_Cup_World_Group_F-RR-Lucas_Pouille-Marin_Cilic,2
20190102-M-Brisbane-R16-Andy_Murray-Daniil_Medvedev,2
20190102-M-Brisbane-R16-Grigor_Dimitrov-John_Millman,1
20190102-M-Brisbane-R16-Nick_Kyrgios-Jeremy_Chardy,2
20190102-M-Doha-R16-Nicolas_Jarry-Stan_Wawrinka,2
20190102-M-Doha-R16-Nikoloz_Basilashvili-Andrey_Rublev,1
20190102-M-Pune-R16-Ernests_Gulbis-Hyeon_Chung,1
20190103-M-Brisbane-QF-Jeremy_Chardy-Yasutaka_Uchiyama,1
20190103-M-Doha-QF-Marco_Cecchinato-Dusan_Lajovic,1
20190103-M-Doha-QF-Novak_Djokovic-Nikoloz_Basilashvili,1
20190103-M-Hopman_Cup-RR-Roger_Federer-Stefanos_Tsitsipas,1
20190104-M-Brisbane-QF-Alex_De_Minaur-Jo_Wilfried_Tsonga,2
20190104-M-Brisbane-QF-Milos_Raonic-Daniil_Medvedev,2
20190104-M-Doha-SF-Marco_Cecchinato-Tomas_Berdych,2
20190104-M-Doha-SF-Novak_Djokovic-Roberto_Bautista_Agut,2
20190104-M-Pune-SF-Kevin_Anderson-Gilles_Simon,1
20190105-M-Brisbane-SF-Jeremy_Chardy-Kei_Nishikori,2
20190106-M-Sydney-Q1-Guillermo_Garcia_Lopez-Aljaz_Bedene,1
20190107-M-Auckland-R32-Denis_Shapovalov-Joao_Sousa,2
20190108-M-Sydney-R16-John_Millman-Marton_Fucsovics,1
20190110-M-Sydney-QF-John_Millman-Gilles_Simon,2
20190110-M-Sydney-QF-Stefanos_Tsitsipas-Andreas_Seppi,2
20190111-M-Auckland-SF-Tennys_Sandgren-Philipp_Kohlschreiber,1
20190112-M-Canberra_CH-F-Ilya_Ivashka-Hubert_Hurkacz,2
20190112-M-Sydney-F-Alex_De_Minaur-Andreas_Seppi,1
20190114-M-Australian_Open-R128-Jason_Kubler-Thomas_Fabbiano,2
20190114-M-Australian_Open-R128-Mirza_Basic-Henri_Laaksonen,2
20190114-M-Australian_Open-R128-Stefanos_Tsitsipas-Matteo_Berrettini,1
20190114-M-Australian_Open-R128-Taylor_Fritz-Cameron_Norrie,1
20190115-M-Australian_Open-R128-Alexander_Zverev-Aljaz_Bedene,1
20190115-M-Australian_Open-R128-Andy_Murray-Roberto_Bautista_Agut,2
20190115-M-Australian_Open-R128-Dominic_Thiem-Benoit_Paire,1
20190115-M-Australian_Open-R128-Milos_Raonic-Nick_Kyrgios,1
20190115-M-Australian_Open-R128-Pierre_Hugues_Herbert-Sam_Querrey,1
20190115-M-Australian_Open-R128-Ugo_Humbert-Jeremy_Chardy,2
20190117-M-Australian_Open-R64-Denis_Shapovalov-Taro_Daniel,1
20190117-M-Australian_Open-R64-Marius_Copil-David_Goffin,2
20190118-M-Australian_Open-R32-Fernando_Verdasco-Marin_Cilic,2
20190118-M-Australian_Open-R32-Stefanos_Tsitsipas-Nikoloz_Basilashvili,1
20190119-M-Australian_Open-R32-Alexei_Popyrin-Lucas_Pouille,2
20190119-M-Australian_Open-R32-Fabio_Fognini-Pablo_Carreno_Busta,2
20190120-M-Australian_Open-R16-Stefanos_Tsitsipas-Roger_Federer,1
20190121-M-Australian_Open-R16-Milos_Raonic-Alexander_Zverev,1
20190121-M-Australian_Open-R16-Novak_Djokovic-Daniil_Medvedev,1
20190123-M-Australian_Open-QF-Novak_Djokovic-Kei_Nishikori,1
20190124-M-Australian_Open-SF-Stefanos_Tsitsipas-Rafael_Nadal,2
20190125-M-Australian_Open-SF-Novak_Djokovic-Lucas_Pouille,1
20190127-M-Newport_Beach_CH-F-Taylor_Fritz-Brayden_Schnur,1
20190127-M-Rennes_CH-F-Antoine_Hoang-Ricardas_Berankis,2
20190201-M-Davis_Cup_Qualifiers-RR-Felix_Auger_Aliassime-Martin_Klizan,2
20190201-M-Davis_Cup_Qualifiers-RR-Lukas_Rosol-Robin_Haase,2
20190201-M-Davis_Cup_Qualifiers-RR-Prajnesh_Gunneswaran-Matteo_Berrettini,2
20190202-M-Davis_Cup_Qualifiers-RR-Denis_Shapovalov-Martin_Klizan,1
20190202-M-Davis_Cup_Qualifiers-RR-Felix_Auger_Aliassime-Norbert_Gombos,1
20190202-M-Davis_Cup_Qualifiers-RR-Jiri_Lehecka-Robin_Haase,2
20190203-M-Launceston_CH-F-Lorenzo_Giustino-Lloyd_Harris,2
20190204-M-Cordoba-R16-Albert_Ramos-Guido_Pella,2
20190204-M-Cordoba-R32-Cameron_Norrie-Pedro_Cachin,2
20190204-M-Dallas_CH-Q1-Gijs_Brouwer-Martin_Redlicki,1
20190204-M-Dallas_CH-R64-Michael_Redlicki-Goncalo_Oliveira,1
20190205-M-Cordoba-R32-Aljaz_Bedene-Maximilian_Marterer,1
20190205-M-Cordoba-R32-Jaume_Munar-Guido_Andreozzi,1
20190205-M-Montpellier-R32-Hubert_Hurkacz-Ernests_Gulbis,2
20190205-M-Sofia-R32-Gael_Monfils-Viktor_Troicki,1
20190206-M-Cordoba-R16-Fabio_Fognini-Aljaz_Bedene,2
20190206-M-Cordoba-R16-Juan_Ignacio_Londero-Lorenzo_Sonego,1
20190206-M-Sofia-R32-Mikhail_Kukushkin-Laslo_Djere,1
20190207-M-Sofia-R16-Stefanos_Tsitsipas-Jan_Lennard_Struff,1
20190207-M-Sofia-R16-Yannick_Maden-Marton_Fucsovics,2
20190208-M-Cordoba-QF-Aljaz_Bedene-Pablo_Cuevas,2
20190208-M-Cordoba-QF-Jaume_Munar-Federico_Delbonis,2
20190208-M-Cordoba-QF-Pedro_Cachin-Juan_Ignacio_Londero,2
20190208-M-Dallas_CH-QF-Reilly_Opelka-Dominik_Koepfer,1
20190208-M-Montpellier-QF-Denis_Shapovalov-Pierre_Hugues_Herbert,2
20190208-M-Sofia-QF-Fernando_Verdasco-Matteo_Berrettini,2
20190208-M-Sofia-QF-Stefanos_Tsitsipas-Gael_Monfils,2
20190209-M-Montpellier-SF-Jo_Wilfried_Tsonga-Radu_Albot,1
20190209-M-Sofia-SF-Gael_Monfils-Daniil_Medvedev,2
20190210-M-Chennai_CH-F-Andrew_Harris-Corentin_Moutet,2
20190210-M-Cordoba-F-Guido_Pella-Juan_Ignacio_Londero,2
20190210-M-Sofia-F-Marton_Fucsovics-Daniil_Medvedev,2
20190211-M-Rotterdam-R32-Nikoloz_Basilashvili-Hyeon_Chung,1
20190211-M-Rotterdam-R32-Peter_Gojowczyk-Andreas_Seppi,2
20190211-M-Rotterdam-R32-Robin_Haase-Mikhail_Kukushkin,2
20190211-M-Rotterdam-R32-Stan_Wawrinka-Benoit_Paire,1
20190212-M-Bangkok_CH-R32-Zhe_Li-Thiemo_De_Bakker,2
20190212-M-Buenos_Aires-R16-Aljaz_Bedene-Diego_Schwartzman,2
20190212-M-Rotterdam-R32-Denis_Shapovalov-Franco_Skugor,1
20190212-M-Rotterdam-R32-Ernests_Gulbis-Marius_Copil,1
20190212-M-Rotterdam-R32-Karen_Khachanov-Tallon_Griekspoor,2
20190213-M-Bangkok_CH-R32-Marc_Polmans-Janko_Tipsarevic,2
20190213-M-Buenos_Aires-R16-Roberto_Carballes_Baena-Lorenzo_Sonego,1
20190213-M-New_York-R16-Jordan_Thompson-Christopher_Eubanks,1
20190213-M-Rotterdam-R32-Marton_Fucsovics-Martin_Klizan,1
20190213-M-Rotterdam-R32-Stefanos_Tsitsipas-Damir_Dzumhur,2
20190214-M-Rotterdam-R16-Fernando_Verdasco-Daniil_Medvedev,2
20190214-M-Rotterdam-R16-Jo_Wilfried_Tsonga-Tallon_Griekspoor,1
20190214-M-Rotterdam-R16-Marton_Fucsovics-Nikoloz_Basilashvili,1
20190214-M-Rotterdam-R16-Mikhail_Kukushkin-Damir_Dzumhur,2
20190215-M-Buenos_Aires-QF-Jaume_Munar-Guido_Pella,2
20190215-M-New_York-QF-Paolo_Lorenzi-Brayden_Schnur,2
20190215-M-New_York-QF-Reilly_Opelka-Guillermo_Garcia_Lopez,1
20190215-M-Rotterdam-QF-Denis_Shapovalov-Stan_Wawrinka,2
20190215-M-Rotterdam-QF-Gael_Monfils-Damir_Dzumhur,1
20190216-M-Buenos_Aires-SF-Marco_Cecchinato-Guido_Pella,1
20190216-M-New_York-QF-John_Isner-Jordan_Thompson,1
20190216-M-New_York-SF-John_Isner-Reilly_Opelka,2
20190216-M-New_York-SF-Sam_Querrey-Brayden_Schnur,2
20190216-M-Rotterdam-SF-Gael_Monfils-Daniil_Medvedev,1
20190216-M-Rotterdam-SF-Stan_Wawrinka-Kei_Nishikori,1
20190217-M-New_York-F-Reilly_Opelka-Brayden_Schnur,1
20190217-M-Rotterdam-F-Stan_Wawrinka-Gael_Monfils,2
20190218-M-Marseille-R32-Hubert_Hurkacz-Filip_Krajinovic,1
20190219-M-Bergamo_CH-R32-Elliot_Benchetrit-Tallon_Griekspoor,1
20190219-M-Delray_Beach-R32-Juan_Martin_Del_Potro-Yoshihito_Nishioka,1
20190219-M-Rio_de_Janeiro-R32-Marco_Cecchinato-Aljaz_Bedene,2
20190219-M-Rio_de_Janeiro-R32-Thiago_Monteiro-Pedro_Sousa,1
20190220-M-Delray_Beach-R16-Daniel_Evans-Lloyd_Harris,1
20190220-M-Rio_de_Janeiro-R16-Aljaz_Bedene-Thiago_Monteiro,1
20190220-M-Rio_de_Janeiro-R16-Roberto_Carballes_Baena-Hugo_Dellien,2
20190221-M-Marseille-R16-Ugo_Humbert-Borna_Coric,1
20190221-M-Rio_de_Janeiro-QF-Aljaz_Bedene-Hugo_Dellien,1
20190221-M-Rio_de_Janeiro-R16-Pablo_Cuevas-Juan_Ignacio_Londero,1
20190222-M-Bergamo_CH-QF-Jannik_Sinner-Gianluigi_Quinzi,1
20190222-M-Delray_Beach-QF-Juan_Martin_Del_Potro-Mackenzie_Mcdonald,2
20190222-M-Marseille-QF-Ugo_Humbert-Matthias_Bachinger,1
20190222-M-Rio_de_Janeiro-QF-Jaume_Munar-Felix_Auger_Aliassime,2
20190223-M-Delray_Beach-SF-Mackenzie_Mcdonald-Radu_Albot,2
20190223-M-Marseille-SF-Stefanos_Tsitsipas-David_Goffin,1
20190223-M-Marseille-SF-Ugo_Humbert-Mikhail_Kukushkin,2
20190225-M-Dubai-R32-Nikoloz_Basilashvili-Karen_Khachanov,1
20190226-M-Acapulco-R32-Rafael_Nadal-Mischa_Zverev,1
20190226-M-Dubai-R32-Egor_Gerasimov-Robin_Haase,1
20190226-M-Dubai-R32-Hubert_Hurkacz-Corentin_Moutet,1
20190226-M-Dubai-R32-Marin_Cilic-Gael_Monfils,2
20190227-M-Acapulco-R16-David_Ferrer-Alexander_Zverev,2
20190227-M-Acapulco-R16-Rafael_Nadal-Nick_Kyrgios,2
20190227-M-Dubai-R16-Gael_Monfils-Marcos_Baghdatis,1
20190227-M-Dubai-R16-Ricardas_Berankis-Denis_Kudla,1
20190227-M-Dubai-R16-Roger_Federer-Fernando_Verdasco,1
20190227-M-Sao_Paulo-R16-Thiago_Seyboth_Wild-Marco_Trungelliti,2
20190228-M-Acapulco-QF-Mackenzie_Mcdonald-Cameron_Norrie,2
20190228-M-Acapulco-QF-Nick_Kyrgios-Stan_Wawrinka,1
20190228-M-Dubai-QF-Borna_Coric-Nikoloz_Basilashvili,1
20190228-M-Dubai-QF-Gael_Monfils-Ricardas_Berankis,1
20190228-M-Dubai-QF-Roger_Federer-Marton_Fucsovics,1
20190228-M-Dubai-QF-Stefanos_Tsitsipas-Hubert_Hurkacz,1
20190301-M-Acapulco-SF-John_Isner-Nick_Kyrgios,2
20190301-M-Dubai-SF-Borna_Coric-Roger_Federer,2
20190301-M-Dubai-SF-Stefanos_Tsitsipas-Gael_Monfils,1
20190301-M-Sao_Paulo-QF-Casper_Ruud-Hugo_Dellien,1
20190302-M-Dubai-F-Stefanos_Tsitsipas-Roger_Federer,2
20190302-M-Sao_Paulo-SF-Casper_Ruud-Cristian_Garin,2
20190304-M-Zhuhai_CH-R64-Jose_Hernandez-Karim_Mohamed_Maamoun,1
20190307-M-Indian_Wells_Masters-R128-Felix_Auger_Aliassime-Cameron_Norrie,1
20190307-M-Indian_Wells_Masters-R128-Ilya_Ivashka-Guido_Andreozzi,2
20190307-M-Indian_Wells_Masters-R128-Marcos_Giron-Jeremy_Chardy,1
20190307-M-Indian_Wells_Masters-R128-Martin_Klizan-Mischa_Zverev,1
20190308-M-Indian_Wells_Masters-R128-Alexei_Popyrin-Jaume_Munar,1
20190308-M-Indian_Wells_Masters-R128-Denis_Istomin-Robin_Haase,2
20190308-M-Indian_Wells_Masters-R128-Hubert_Hurkacz-Donald_Young,1
20190308-M-Indian_Wells_Masters-R128-Taro_Daniel-Dusan_Lajovic,2
20190308-M-Indian_Wells_Masters-R128-Taylor_Fritz-Steve_Johnson,2
20190308-M-Indian_Wells_Masters-R128-Tomas_Berdych-Feliciano_Lopez,2
20190309-M-Indian_Wells_Masters-R64-Leonardo_Mayer-Gael_Monfils,2
20190309-M-Indian_Wells_Masters-R64-Marco_Cecchinato-Albert_Ramos,2
20190309-M-Indian_Wells_Masters-R64-Miomir_Kecmanovic-Maximilian_Marterer,1
20190309-M-Indian_Wells_Masters-R64-Stefanos_Tsitsipas-Felix_Auger_Aliassime,2
20190310-M-Indian_Wells_Masters-R64-Alex_Bolt-Guido_Pella,2
20190310-M-Indian_Wells_Masters-R64-Andrey_Rublev-Robin_Haase,1
20190310-M-Indian_Wells_Masters-R64-Fabio_Fognini-Radu_Albot,2
20190310-M-Indian_Wells_Masters-R64-Lucas_Pouille-Hubert_Hurkacz,2
20190311-M-Indian_Wells_Masters-R32-Ivo_Karlovic-Prajnesh_Gunneswaran,1
20190311-M-Indian_Wells_Masters-R32-Jan_Lennard_Struff-Alexander_Zverev,1
20190311-M-Indian_Wells_Masters-R32-Laslo_Djere-Miomir_Kecmanovic,2
20190311-M-Indian_Wells_Masters-R32-Novak_Djokovic-Philipp_Kohlschreiber,2
20190311-M-Indian_Wells_Masters-R64-Rafael_Nadal-Jared_Donaldson,1
20190311-M-Indian_Wells_Masters-R64-Stan_Wawrinka-Marton_Fucsovics,1
20190311-M-Shenzhen_CH-R64-Marc_Polmans-Karim_Mohamed_Maamoun,1
20190312-M-Indian_Wells_Masters-R32-Filip_Krajinovic-Daniil_Medvedev,1
20190312-M-Indian_Wells_Masters-R32-Gilles_Simon-Dominic_Thiem,2
20190312-M-Indian_Wells_Masters-R32-Kyle_Edmund-Radu_Albot,1
20190312-M-Indian_Wells_Masters-R32-Rafael_Nadal-Diego_Schwartzman,1
20190313-M-Indian_Wells_Masters-R16-Gael_Monfils-Philipp_Kohlschreiber,1
20190313-M-Indian_Wells_Masters-R16-Hubert_Hurkacz-Denis_Shapovalov,1
20190313-M-Indian_Wells_Masters-R16-Roger_Federer-Kyle_Edmund,1
20190314-M-Indian_Wells_Masters-QF-Milos_Raonic-Miomir_Kecmanovic,1
20190314-M-Indian_Wells_Masters-R16-Dominic_Thiem-Ivo_Karlovic,1
20190315-M-Indian_Wells_Masters-QF-Hubert_Hurkacz-Roger_Federer,2
20190315-M-Indian_Wells_Masters-QF-Rafael_Nadal-Karen_Khachanov,1
20190316-M-Indian_Wells_Masters-SF-Milos_Raonic-Dominic_Thiem,2
20190317-M-Indian_Wells_Masters-F-Roger_Federer-Dominic_Thiem,2
20190318-M-Zhangjiagang_CH-R64-Tsung_Hua_Yang-Karim_Mohamed_Maamoun,2
20190319-M-Indian_Wells_Masters-R32-Ivo_Karlovic-Prajnesh_Gunneswaran,1
20190319-M-Zhangjiagang_CH-R32-Karim_Mohamed_Maamoun-Ze_Zhang,2
20190320-M-Miami_Masters-R128-Hubert_Hurkacz-Matteo_Berrettini,1
20190321-M-Miami_Masters-R128-Chun_Hsin_Tseng-Joao_Sousa,2
20190321-M-Miami_Masters-R128-Leonardo_Mayer-Mikael_Ymer,1
20190321-M-Miami_Masters-R128-Lukas_Lacko-Robin_Haase,2
20190321-M-Miami_Masters-R128-Ugo_Humbert-Mackenzie_Mcdonald,2
20190321-M-Miami_Masters-R64-Aljaz_Bedene-Adrian_Mannarino,2
20190322-M-Miami_Masters-R64-Hubert_Hurkacz-Dominic_Thiem,1
20190322-M-Miami_Masters-R64-Nick_Kyrgios-Alexander_Bublik,1
20190322-M-Miami_Masters-R64-Robin_Haase-Lloyd_Harris,1
20190323-M-Miami_Masters-R64-Alexander_Zverev-David_Ferrer,2
20190323-M-Miami_Masters-R64-David_Goffin-Pablo_Andujar,1
20190323-M-Miami_Masters-R64-Marin_Cilic-Andrey_Rublev,2
20190323-M-Miami_Masters-R64-Roger_Federer-Radu_Albot,1
20190324-M-Miami_Masters-R32-Hubert_Hurkacz-Felix_Auger_Aliassime,2
20190324-M-Miami_Masters-R32-Roberto_Bautista_Agut-Fabio_Fognini,1
20190324-M-Miami_Masters-R32-Robin_Haase-Nikoloz_Basilashvili,2
20190324-M-Zhangjiagang_CH-F-Lorenzo_Giustino-Marc_Polmans,2
20190325-M-Miami_Masters-R32-Jordan_Thompson-Grigor_Dimitrov,1
20190325-M-Miami_Masters-R32-Nick_Kyrgios-Dusan_Lajovic,1
20190326-M-Miami_Masters-R16-Borna_Coric-Nick_Kyrgios,1
20190326-M-Miami_Masters-R16-Felix_Auger_Aliassime-Nikoloz_Basilashvili,1
20190327-M-Miami_Masters-QF-John_Isner-Roberto_Bautista_Agut,1
20190327-M-Miami_Masters-R16-Daniil_Medvedev-Roger_Federer,2
20190328-M-Miami_Masters-QF-Kevin_Anderson-Roger_Federer,2
20190329-M-Miami_Masters-SF-Denis_Shapovalov-Roger_Federer,2
20190329-M-Miami_Masters-SF-John_Isner-Felix_Auger_Aliassime,1
20190331-M-Marbella_CH-F-Benoit_Paire-Pablo_Andujar,2
20190331-M-Miami_Masters-F-John_Isner-Roger_Federer,2
20190401-M-Alicante_CH-R64-Tallon_Griekspoor-Tommy_Robredo,2
20190401-M-Sophia_Antipolis_CH-R64-Baptiste_Crepatte-Dustin_Brown,2
20190401-M-Sophia_Antipolis_CH-R64-Karim_Mohamed_Maamoun-Lorenzo_Musetti,2
20190402-M-Alicante_CH-R64-Carlos_Alcaraz-Jannik_Sinner,1
20190402-M-Monterrey_CH-R64-Kevin_King-Ernesto_Escobedo,1
20190402-M-Sophia_Antipolis_CH-R32-Dustin_Brown-Robin_Haase,1
20190403-M-Monterrey_CH-R32-Kevin_King-Mitchell_Krueger,2
20190406-M-Sophia_Antipolis_CH-SF-Rudolf_Molleker-Dustin_Brown,2
20190407-M-Monterrey_CH-SF-Alexander_Bublik-Tennys_Sandgren,1
20190407-M-Sophia_Antipolis_CH-F-Dustin_Brown-Filip_Krajinovic,1
20190408-M-Barletta_CH-R64-Vaclav_Safranek-Karim_Mohamed_Maamoun,2
20190409-M-Barletta_CH-R32-Nikola_Milojevic-Karim_Mohamed_Maamoun,1
20190409-M-Barletta_CH-R64-Federico_Coria-Thiemo_De_Bakker,1
20190409-M-Marrakech-R32-Robin_Haase-Malek_Jaziri,1
20190409-M-Murcia_CH-R64-Nicolas_Almagro-Mario_Vilella_Martinez,2
20190410-M-Marrakech-R16-Robin_Haase-Lorenzo_Sonego,2
20190410-M-Murcia_CH-R32-Carlos_Alcaraz-Pedro_Martinez,1
20190410-M-Taipei_CH-R32-Sergiy_Stakhovsky-Stephane_Robert,1
20190412-M-Marrakech-QF-Jaume_Munar-Benoit_Paire,2
20190413-M-Marrakech-SF-Jo_Wilfried_Tsonga-Benoit_Paire,2
20190414-M-Barletta_CH-F-Gianluca_Mager-Nikola_Milojevic,1
20190414-M-Monte_Carlo_Masters-R64-Hubert_Hurkacz-Borna_Coric,2
20190414-M-Monte_Carlo_Masters-R64-Laslo_Djere-Guido_Pella,2
20190414-M-Taipei_CH-F-Sergiy_Stakhovsky-Dennis_Novak,2
20190415-M-Monte_Carlo_Masters-R64-Andrey_Rublev-Fabio_Fognini,2
20190415-M-Monte_Carlo_Masters-R64-Daniil_Medvedev-Joao_Sousa,1
20190415-M-Monte_Carlo_Masters-R64-Nikoloz_Basilashvili-Marton_Fucsovics,2
20190415-M-San_Luis_Potosi_CH-R64-Kevin_King-Evan_King,1
20190416-M-Monte_Carlo_Masters-R64-Felix_Auger_Aliassime-Juan_Ignacio_Londero,1
20190417-M-Monte_Carlo_Masters-R32-Martin_Klizan-Dominic_Thiem,2
20190417-M-San_Luis_Potosi_CH-R32-Kevin_King-Alexander_Bublik,2
20190418-M-Monte_Carlo_Masters-R16-Stefanos_Tsitsipas-Daniil_Medvedev,2
20190419-M-Monte_Carlo_Masters-QF-Borna_Coric-Fabio_Fognini,2
20190419-M-Monte_Carlo_Masters-QF-Lorenzo_Sonego-Dusan_Lajovic,2
20190419-M-Monte_Carlo_Masters-QF-Rafael_Nadal-Guido_Pella,1
20190421-M-Leon_CH-R64-Kevin_King-Gonzalo_Escobar,2
20190421-M-Monte_Carlo_Masters-F-Fabio_Fognini-Dusan_Lajovic,1
20190422-M-Barcelona-R64-Fernando_Verdasco-Feliciano_Lopez,1
20190422-M-Budapest-R32-Aljaz_Bedene-Bernard_Tomic,1
20190423-M-Barcelona-R32-Martin_Klizan-Cristian_Garin,2
20190423-M-Barcelona-R32-Nicolas_Jarry-Alexander_Zverev,1
20190423-M-Budapest-R16-Aljaz_Bedene-Matteo_Berrettini,2
20190423-M-Budapest-R32-Attila_Balazs-Hubert_Hurkacz,1
20190424-M-Barcelona-R16-Rafael_Nadal-Leonardo_Mayer,1
20190424-M-Budapest-R32-Jannik_Sinner-Mate_Valkusz,1
20190425-M-Barcelona-R16-Rafael_Nadal-David_Ferrer,1
20190425-M-Budapest-R16-Laslo_Djere-Jannik_Sinner,1
20190425-M-Budapest-R16-Robin_Haase-Borna_Coric,2
20190425-M-Leon_CH-R32-Scott_Griekspoor-Alexander_Bublik,2
20190426-M-Barcelona-QF-Daniil_Medvedev-Nicolas_Jarry,1
20190426-M-Barcelona-QF-Guido_Pella-Dominic_Thiem,2
20190426-M-Budapest-QF-Nikoloz_Basilashvili-Laslo_Djere,2
20190427-M-Barcelona-SF-Kei_Nishikori-Daniil_Medvedev,2
20190427-M-Budapest-SF-Laslo_Djere-Matteo_Berrettini,2
20190429-M-Bordeaux_CH-R64-Pedro_Cachin-Karim_Mohamed_Maamoun,1
20190429-M-Puerto_Vallarta_CH-R64-Baptiste_Crepatte-Kevin_King,2
20190430-M-Puerto_Vallarta_CH-R32-Kevin_King-Dustin_Brown,2
20190503-M-Estoril-QF-Alejandro_Davidovich_Fokina-Gael_Monfils,1
20190504-M-Munich-SF-Marco_Cecchinato-Cristian_Garin,2
20190505-M-Madrid_Masters-R64-Denis_Shapovalov-Felix_Auger_Aliassime,2
20190505-M-Madrid_Masters-R64-Nick_Kyrgios-Jan_Lennard_Struff,2
20190505-M-Ostrava_CH-F-Kamil_Majchrzak-Jannik_Sinner,1
20190506-M-Busan_CH-R64-Tsung_Hua_Yang-Kevin_King,1
20190506-M-Madrid_Masters-R16-Gael_Monfils-Roger_Federer,2
20190506-M-Madrid_Masters-R64-Dusan_Lajovic-Laslo_Djere,2
20190506-M-Madrid_Masters-R64-Richard_Gasquet-Alejandro_Davidovich_Fokina,1
20190506-M-Shymkent_CH-R64-Sergey_Fomin-Karim_Mohamed_Maamoun,2
20190507-M-Madrid_Masters-R64-Kyle_Edmund-Fabio_Fognini,2
20190507-M-Madrid_Masters-R64-Roberto_Bautista_Agut-David_Ferrer,2
20190507-M-Madrid_Masters-R64-Stan_Wawrinka-Pierre_Hugues_Herbert,1
20190507-M-Shymkent_CH-R32-Karim_Mohamed_Maamoun-Roberto_Cid,2
20190508-M-Madrid_Masters-R32-David_Ferrer-Alexander_Zverev,2
20190508-M-Madrid_Masters-R32-Hubert_Hurkacz-Lucas_Pouille,1
20190508-M-Rome_Masters-PQ-Jannik_Sinner-Lorenzo_Musetti,1
20190509-M-Madrid_Masters-R16-Hubert_Hurkacz-Alexander_Zverev,2
20190510-M-Madrid_Masters-QF-Roger_Federer-Dominic_Thiem,2
20190511-M-Madrid_Masters-SF-Novak_Djokovic-Dominic_Thiem,1
20190512-M-Rome_Masters-R64-Roberto_Bautista_Agut-Andreas_Seppi,1
20190512-M-Rome_Masters-R64-Steve_Johnson-Jannik_Sinner,2
20190513-M-Gwangju_CH-R64-Kevin_King-Cem_Ilkel,2
20190514-M-Rome_Masters-R64-Grigor_Dimitrov-Jan_Lennard_Struff,2
20190514-M-Rome_Masters-R64-Nick_Kyrgios-Daniil_Medvedev,1
20190514-M-Samarkand_CH-R32-Roman_Safiullin-Karim_Mohamed_Maamoun,2
20190516-M-Rome_Masters-R16-Casper_Ruud-Juan_Martin_Del_Potro,2
20190516-M-Rome_Masters-R16-Rafael_Nadal-Nikoloz_Basilashvili,1
20190516-M-Rome_Masters-R16-Roger_Federer-Borna_Coric,1
20190516-M-Rome_Masters-R32-David_Goffin-Juan_Martin_Del_Potro,2
20190516-M-Rome_Masters-R32-Stefanos_Tsitsipas-Jannik_Sinner,1
20190516-M-Samarkand_CH-R16-Karim_Mohamed_Maamoun-Goncalo_Oliveira,2
20190517-M-Rome_Masters-QF-Novak_Djokovic-Juan_Martin_Del_Potro,1
20190518-M-Rome_Masters-SF-Novak_Djokovic-Diego_Schwartzman,1
20190518-M-Rome_Masters-SF-Rafael_Nadal-Stefanos_Tsitsipas,1
20190526-M-Roland_Garros-R128-Grigor_Dimitrov-Janko_Tipsarevic,1
20190526-M-Roland_Garros-R128-Robin_Haase-Philipp_Kohlschreiber,2
20190527-M-Roland_Garros-R128-Aljaz_Bedene-Borna_Coric,2
20190527-M-Roland_Garros-R128-Hubert_Hurkacz-Novak_Djokovic,2
20190528-M-Roland_Garros-R128-Gael_Monfils-Taro_Daniel,1
20190528-M-Roland_Garros-R128-Nicolas_Jarry-Juan_Martin_Del_Potro,2
20190529-M-Roland_Garros-R64-Stan_Wawrinka-Cristian_Garin,1
20190530-M-Roland_Garros-R64-Yoshihito_Nishioka-Juan_Martin_Del_Potro,2
20190531-M-Roland_Garros-R32-Casper_Ruud-Roger_Federer,2
20190601-M-Roland_Garros-R32-Jordan_Thompson-Juan_Martin_Del_Potro,2
20190602-M-Prostejov_CH-R64-Adam_Pavlasek-Karim_Mohamed_Maamoun,2
20190603-M-Roland_Garros-R16-Karen_Khachanov-Juan_Martin_Del_Potro,1
20190605-M-Roland_Garros-QF-Stan_Wawrinka-Roger_Federer,2
20190606-M-Surbiton_CH-R16-Feliciano_Lopez-Ivo_Karlovic,2
20190607-M-Roland_Garros-SF-Novak_Djokovic-Dominic_Thiem,2
20190607-M-Roland_Garros-SF-Rafael_Nadal-Roger_Federer,1
20190609-M-Prostejov_CH-R32-Karim_Mohamed_Maamoun-Guillermo_Garcia_Lopez,2
20190609-M-Surbiton_CH-F-Daniel_Evans-Viktor_Troicki,1
20190611-M-Stuttgart-R32-Matteo_Berrettini-Nick_Kyrgios,1
20190613-M-Stuttgart-R16-Alexander_Zverev-Dustin_Brown,2
20190614-M-Stuttgart-QF-Matteo_Berrettini-Denis_Kudla,1
20190617-M-Fergana_CH-R64-Karim_Mohamed_Maamoun-Saidalo_Saidkarimov,2
20190617-M-Halle-R32-Hubert_Hurkacz-Joao_Sousa,2
20190617-M-Halle-R32-Karen_Khachanov-Miomir_Kecmanovic,1
20190617-M-Queens_Club-R32-Alexander_Bublik-Diego_Schwartzman,2
20190617-M-Queens_Club-R32-Fernando_Verdasco-Daniil_Medvedev,2
20190618-M-Halle-R32-Rudolf_Molleker-Sergiy_Stakhovsky,2
20190619-M-Halle-R16-Pierre_Hugues_Herbert-Sergiy_Stakhovsky,1
20190619-M-Queens_Club-R32-Denis_Shapovalov-Juan_Martin_Del_Potro,2
20190620-M-Halle-R16-Roger_Federer-Jo_Wilfried_Tsonga,1
20190620-M-Queens_Club-R16-Felix_Auger_Aliassime-Nick_Kyrgios,1
20190620-M-Queens_Club-R16-Stan_Wawrinka-Nicolas_Mahut,2
20190621-M-Bratislava_CH-QF-Blaz_Rola-Mohamed_Safwat,1
20190621-M-Halle-QF-Roberto_Bautista_Agut-Roger_Federer,2
20190621-M-Queens_Club-QF-Gilles_Simon-Nicolas_Mahut,1
20190625-M-Antalya-R32-Cem_Ilkel-Kevin_Krawietz,2
20190626-M-Wimbledon-Q2-Mikael_Ymer-Dustin_Brown,1
20190627-M-Eastbourne-QF-Taylor_Fritz-Hubert_Hurkacz,1
20190701-M-Wimbledon-R128-Alexander_Zverev-Jiri_Vesely,2
20190701-M-Wimbledon-R128-Andrea_Arnaboldi-Ivo_Karlovic,2
20190701-M-Wimbledon-R128-Daniil_Medvedev-Paolo_Lorenzi,1
20190701-M-Wimbledon-R128-Jozef_Kovalik-Robin_Haase,2
20190701-M-Wimbledon-R128-Novak_Djokovic-Philipp_Kohlschreiber,1
20190701-M-Wimbledon-R128-Rafael_Nadal-Yuichi_Sugita,1
20190701-M-Wimbledon-R128-Stan_Wawrinka-Ruben_Bemelmans,1
20190701-M-Wimbledon-R128-Stefanos_Tsitsipas-Thomas_Fabbiano,2
20190702-M-Wimbledon-R128-Brayden_Schnur-Marcos_Baghdatis,2
20190702-M-Wimbledon-R128-Lucas_Pouille-Richard_Gasquet,1
20190702-M-Wimbledon-R128-Sam_Querrey-Dominic_Thiem,1
20190702-M-Wimbledon-R128-Thiago_Monteiro-Kei_Nishikori,2
20190703-M-Wimbledon-R64-Milos_Raonic-Robin_Haase,1
20190703-M-Wimbledon-R64-Novak_Djokovic-Denis_Kudla,1
20190703-M-Wimbledon-R64-Stan_Wawrinka-Reilly_Opelka,2
20190703-M-Wimbledon-R64-Thomas_Fabbiano-Ivo_Karlovic,1
20190704-M-Wimbledon-R64-Cameron_Norrie-Kei_Nishikori,2
20190704-M-Wimbledon-R64-Matteo_Berrettini-Marcos_Baghdatis,1
20190704-M-Wimbledon-R64-Rafael_Nadal-Nick_Kyrgios,1
20190704-M-Wimbledon-R64-Roger_Federer-Jay_Clarke,1
20190705-M-Wimbledon-R32-Daniil_Medvedev-David_Goffin,2
20190705-M-Wimbledon-R32-Guido_Pella-Kevin_Anderson,1
20190705-M-Wimbledon-R32-Hubert_Hurkacz-Novak_Djokovic,2
20190705-M-Wimbledon-R32-Reilly_Opelka-Milos_Raonic,2
20190705-M-Wimbledon-R32-Roberto_Bautista_Agut-Karen_Khachanov,1
20190706-M-Wimbledon-R32-Rafael_Nadal-Jo_Wilfried_Tsonga,1
20190706-M-Wimbledon-R32-Roger_Federer-Lucas_Pouille,1
20190706-M-Wimbledon-R32-Steve_Johnson-Kei_Nishikori,2
20190707-M-Braunschweig_CH-R64-Daniel_Altmaier-Karim_Mohamed_Maamoun,1
20190708-M-Wimbledon-R16-Fernando_Verdasco-David_Goffin,2
20190708-M-Wimbledon-R16-Joao_Sousa-Rafael_Nadal,2
20190708-M-Wimbledon-R16-Kei_Nishikori-Mikhail_Kukushkin,1
20190708-M-Wimbledon-R16-Roger_Federer-Matteo_Berrettini,1
20190710-M-Wimbledon-QF-Guido_Pella-Roberto_Bautista_Agut,2
20190710-M-Wimbledon-QF-Novak_Djokovic-David_Goffin,1
20190710-M-Wimbledon-QF-Roger_Federer-Kei_Nishikori,1
20190712-M-Wimbledon-SF-Novak_Djokovic-Roberto_Bautista_Agut,1
20190712-M-Wimbledon-SF-Roger_Federer-Rafael_Nadal,1
20190714-M-Wimbledon-F-Roger_Federer-Novak_Djokovic,2
20190715-M-Amersfoort_CH-R64-Corentin_Denolly-Karim_Mohamed_Maamoun,2
20190715-M-Bastad-R32-Jaume_Munar-Roberto_Carballes_Baena,2
20190716-M-Amersfoort_CH-R64-Gijs_Brouwer-Holger_Rune,2
20190716-M-Amersfoort_CH-R64-Stephane_Robert-Ivan_Gakhov,2
20190716-M-Umag-R32-Andrey_Rublev-Robin_Haase,1
20190717-M-Amersfoort_CH-R32-Karim_Mohamed_Maamoun-Pedro_Martinez,2
20190717-M-Bastad-R16-Hugo_Dellien-Juan_Ignacio_Londero,2
20190719-M-Umag-QF-Dusan_Lajovic-Aljaz_Bedene,1
20190719-M-Umag-QF-Leonardo_Mayer-Laslo_Djere,2
20190720-M-Bastad-SF-Nicolas_Jarry-Federico_Delbonis,1
20190720-M-Newport-SF-Marcel_Granollers-Alexander_Bublik,2
20190721-M-Newport-F-John_Isner-Alexander_Bublik,1
20190722-M-Gstaad-R32-Sandro_Ehrat-Thomas_Fabbiano,2
20190722-M-Hamburg-R32-Andrey_Rublev-Cristian_Garin,1
20190722-M-Hamburg-R32-Marton_Fucsovics-Philipp_Kohlschreiber,1
20190723-M-Gstaad-R32-Denis_Istomin-Marc_Andrea_Huesler,1
20190723-M-Hamburg-R32-Casper_Ruud-Robin_Haase,1
20190723-M-Prague_CH-R64-Riccardo_Bonadio-Karim_Mohamed_Maamoun,1
20190724-M-Prague_CH-R32-Mohamed_Safwat-Riccardo_Bonadio,1
20190726-M-Gstaad-QF-Pablo_Andujar-Dusan_Lajovic,1
20190726-M-Hamburg-QF-Dominic_Thiem-Andrey_Rublev,2
20190727-M-Atlanta-SF-Reilly_Opelka-Alex_De_Minaur,2
20190729-M-Liberec_CH-R64-Karim_Mohamed_Maamoun-Adam_Pavlasek,1
20190729-M-Washington-R64-Hubert_Hurkacz-Donald_Young,1
20190729-M-Washington-R64-Ivo_Karlovic-Bjorn_Fratangelo,2
20190730-M-Washington-R32-Jo_Wilfried_Tsonga-Karen_Khachanov,1
20190730-M-Washington-R64-Bradley_Klahn-Alexander_Bublik,2
20190731-M-Liberec_CH-R32-Karim_Mohamed_Maamoun-Tobias_Kamke,2
20190731-M-Washington-R32-Adrian_Mannarino-Norbert_Gombos,2
20190731-M-Washington-R32-Hubert_Hurkacz-John_Isner,2
20190731-M-Washington-R32-Reilly_Opelka-Felix_Auger_Aliassime,2
20190731-M-Washington-R32-Stefanos_Tsitsipas-Tommy_Paul,1
20190801-M-Sopot_CH-R16-Mohamed_Safwat-Pedro_Martinez,1
20190801-M-Washington-R16-Stefanos_Tsitsipas-Jordan_Thompson,1
20190801-M-Washington-R32-Gilles_Simon-Nick_Kyrgios,2
20190802-M-Los_Cabos-SF-Taylor_Fritz-Radu_Albot,1
20190802-M-Sopot_CH-QF-Stefano_Travaglia-Mohamed_Safwat,1
20190802-M-Washington-QF-Kyle_Edmund-Peter_Gojowczyk,2
20190802-M-Washington-R16-John_Isner-Benoit_Paire,2
20190802-M-Washington-R16-Yoshihito_Nishioka-Nick_Kyrgios,2
20190803-M-Los_Cabos-F-Taylor_Fritz-Diego_Schwartzman,2
20190803-M-Washington-SF-Peter_Gojowczyk-Daniil_Medvedev,2
20190803-M-Washington-SF-Stefanos_Tsitsipas-Nick_Kyrgios,2
20190804-M-Lexington_CH-F-Alex_Bolt-Jannik_Sinner,2
20190804-M-Washington-F-Nick_Kyrgios-Daniil_Medvedev,1
20190805-M-Canada_Masters-R64-Gael_Monfils-Peter_Polansky,1
20190806-M-Canada_Masters-R64-Hubert_Hurkacz-Taylor_Fritz,1
20190807-M-Canada_Masters-R32-Stefanos_Tsitsipas-Hubert_Hurkacz,2
20190808-M-Canada_Masters-R16-Dominic_Thiem-Marin_Cilic,1
20190808-M-Canada_Masters-R16-Felix_Auger_Aliassime-Karen_Khachanov,2
20190808-M-Canada_Masters-R16-Gael_Monfils-Hubert_Hurkacz,1
20190809-M-Canada_Masters-QF-Alexander_Zverev-Karen_Khachanov,2
20190809-M-Canada_Masters-QF-Dominic_Thiem-Daniil_Medvedev,2
20190812-M-Cincinnati_Masters-R64-Andy_Murray-Richard_Gasquet,2
20190812-M-Cincinnati_Masters-R64-Jordan_Thompson-Yoshihito_Nishioka,2
20190812-M-Meerbusch_CH-R64-Johan_Sebastien_Tatlot-Karim_Mohamed_Maamoun,2
20190813-M-Cincinnati_Masters-R64-Grigor_Dimitrov-Stan_Wawrinka,2
20190813-M-Cincinnati_Masters-R64-Kyle_Edmund-Daniil_Medvedev,2
20190813-M-Cincinnati_Masters-R64-Lorenzo_Sonego-Nick_Kyrgios,2
20190813-M-Cincinnati_Masters-R64-Roberto_Bautista_Agut-Hubert_Hurkacz,1
20190814-M-Cincinnati_Masters-R32-Daniil_Medvedev-Benoit_Paire,1
20190814-M-Cincinnati_Masters-R32-Karen_Khachanov-Nick_Kyrgios,1
20190814-M-Cordenons_CH-R16-Aleksandar_Vukic-Andrea_Collarini,2
20190814-M-Meerbusch_CH-R32-Karim_Mohamed_Maamoun-Pedro_Sousa,2
20190815-M-Cincinnati_Masters-R16-Alex_De_Minaur-Yoshihito_Nishioka,2
20190815-M-Cincinnati_Masters-R16-Andrey_Rublev-Roger_Federer,1
20190817-M-Cincinnati_Masters-SF-David_Goffin-Richard_Gasquet,1
20190817-M-Cincinnati_Masters-SF-Novak_Djokovic-Daniil_Medvedev,2
20190818-M-Cincinnati_Masters-F-Daniil_Medvedev-David_Goffin,1
20190818-M-Winston_Salem-R64-Denis_Kudla-Robin_Haase,2
20190819-M-Winston_Salem-R64-Marco_Cecchinato-Alexander_Bublik,1
20190820-M-Winston_Salem-R32-Denis_Shapovalov-Tennys_Sandgren,1
20190820-M-Winston_Salem-R32-Robin_Haase-Joao_Sousa,1
20190823-M-Winston_Salem-SF-Hubert_Hurkacz-Denis_Shapovalov,1
20190826-M-US_Open-R128-Janko_Tipsarevic-Denis_Kudla,2
20190826-M-US_Open-R128-Nikoloz_Basilashvili-Marton_Fucsovics,1
20190827-M-US_Open-R128-Dominic_Thiem-Thomas_Fabbiano,2
20190827-M-US_Open-R128-Robin_Haase-Diego_Schwartzman,2
20190827-M-US_Open-R128-Stan_Wawrinka-Jannik_Sinner,1
20190827-M-US_Open-R128-Stefanos_Tsitsipas-Andrey_Rublev,2
20190828-M-US_Open-R64-Alex_De_Minaur-Cristian_Garin,1
20190828-M-US_Open-R64-Reilly_Opelka-Dominik_Koepfer,2
20190829-M-US_Open-R64-Feliciano_Lopez-Yoshihito_Nishioka,1
20190829-M-US_Open-R64-Hugo_Dellien-Daniil_Medvedev,2
20190829-M-US_Open-R64-Paolo_Lorenzi-Miomir_Kecmanovic,1
20190829-M-US_Open-R64-Thomas_Fabbiano-Alexander_Bublik,2
20190830-M-US_Open-R32-Feliciano_Lopez-Daniil_Medvedev,2
20190830-M-US_Open-R32-Roger_Federer-Daniel_Evans,1
20190831-M-US_Open-R32-Denis_Shapovalov-Gael_Monfils,2
20190901-M-US_Open-R16-Grigor_Dimitrov-Alex_De_Minaur,1
20190901-M-US_Open-R16-Roger_Federer-David_Goffin,1
20190902-M-US_Open-R16-Novak_Djokovic-Stan_Wawrinka,2
20190903-M-US_Open-QF-Stan_Wawrinka-Daniil_Medvedev,2
20190904-M-US_Open-QF-Rafael_Nadal-Diego_Schwartzman,1
20190906-M-US_Open-SF-Grigor_Dimitrov-Daniil_Medvedev,2
20190913-M-Davis_Cup_G2_R1-RR-Aljaz_Bedene-Karim_Mohamed_Maamoun,1
20190913-M-Szczecin_CH-QF-Jeremy_Jahn-Albert_Ramos,2
20190915-M-Banja_Luka_CH-F-Sumit_Nagal-Tallon_Griekspoor,2
20190916-M-St_Petersburg-R32-Mikhail_Kukushkin-Jannik_Sinner,1
20190917-M-Sibiu_CH-R32-Danilo_Petrovic-Robin_Haase,1
20190919-M-Biella_CH-R16-Carlos_Berlocq-Paolo_Lorenzi,2
20190919-M-St_Petersburg-R16-Evgeny_Donskoy-Daniil_Medvedev,2
20190920-M-Laver_Cup-RR-Denis_Shapovalov-Dominic_Thiem,2
20190920-M-Laver_Cup-RR-Jack_Sock-Fabio_Fognini,1
20190920-M-Laver_Cup-RR-Taylor_Fritz-Stefanos_Tsitsipas,2
20190920-M-St_Petersburg-QF-Andrey_Rublev-Daniil_Medvedev,2
20190921-M-Laver_Cup-RR-John_Isner-Alexander_Zverev,1
20190921-M-Laver_Cup-RR-Milos_Raonic-Rafael_Nadal,2
20190921-M-Laver_Cup-RR-Roger_Federer-Nick_Kyrgios,1
20190922-M-Laver_Cup-RR-John_Isner-Roger_Federer,2
20190922-M-Laver_Cup-RR-Milos_Raonic-Alexander_Zverev,2
20190922-M-Laver_Cup-RR-Taylor_Fritz-Dominic_Thiem,1
20190924-M-Zhuhai-R32-Andy_Murray-Tennys_Sandgren,1
20190926-M-Florence_CH-R16-Jaume_Munar-Robin_Haase,2
20190926-M-Zhuhai-R16-Andy_Murray-Alex_De_Minaur,2
20190926-M-Zhuhai-R16-Zhizhen_Zhang-Andreas_Seppi,2
20190928-M-Zhuhai-SF-Roberto_Bautista_Agut-Alex_De_Minaur,2
20190930-M-Beijing-R32-Grigor_Dimitrov-Andrey_Rublev,2
20190930-M-Tokyo-R32-Lucas_Pouille-Hubert_Hurkacz,1
20191001-M-Beijing-R32-Dominic_Thiem-Richard_Gasquet,1
20191001-M-Beijing-R32-Felix_Auger_Aliassime-Albert_Ramos,1
20191001-M-Beijing-R32-Stefanos_Tsitsipas-Dusan_Lajovic,1
20191001-M-Tokyo-R32-Gilles_Simon-Pablo_Andujar,1
20191004-M-Beijing-QF-Andy_Murray-Dominic_Thiem,2
20191004-M-Beijing-QF-John_Isner-Stefanos_Tsitsipas,2
20191004-M-Beijing-QF-Sam_Querrey-Alexander_Zverev,2
20191005-M-Beijing-SF-Karen_Khachanov-Dominic_Thiem,2
20191005-M-Beijing-SF-Stefanos_Tsitsipas-Alexander_Zverev,1
20191007-M-Santo_Domingo_CH-R64-Marcelo_Arevalo-Victor_Estrella,2
20191007-M-Shanghai_Masters-R64-Andy_Murray-Juan_Ignacio_Londero,1
20191007-M-Shanghai_Masters-R64-Marco_Cecchinato-Benoit_Paire,2
20191007-M-Shanghai_Masters-R64-Mikhail_Kukushkin-Miomir_Kecmanovic,1
20191008-M-Shanghai_Masters-R32-Daniil_Medvedev-Cameron_Norrie,1
20191008-M-Shanghai_Masters-R32-Gael_Monfils-Hubert_Hurkacz,2
20191008-M-Shanghai_Masters-R64-Jan_Lennard_Struff-Matteo_Berrettini,2
20191008-M-Shanghai_Masters-R64-John_Isner-Alex_De_Minaur,1
20191008-M-Shanghai_Masters-R64-Reilly_Opelka-Dusan_Lajovic,1
20191009-M-Santo_Domingo_CH-R32-Victor_Estrella-Thiago_Monteiro,2
20191009-M-Shanghai_Masters-R32-Jeremy_Chardy-Alexander_Zverev,2
20191009-M-Shanghai_Masters-R32-Novak_Djokovic-Denis_Shapovalov,1
20191009-M-Shanghai_Masters-R32-Pablo_Carreno_Busta-Dominic_Thiem,2
20191009-M-Shanghai_Masters-R32-Reilly_Opelka-Roberto_Bautista_Agut,2
20191009-M-Shanghai_Masters-R32-Stefanos_Tsitsipas-Felix_Auger_Aliassime,1
20191010-M-Shanghai_Masters-R16-Alexander_Zverev-Andrey_Rublev,1
20191010-M-Shanghai_Masters-R16-Dominic_Thiem-Nikoloz_Basilashvili,1
20191010-M-Shanghai_Masters-R16-Hubert_Hurkacz-Stefanos_Tsitsipas,2
20191010-M-Shanghai_Masters-R16-Roberto_Bautista_Agut-Matteo_Berrettini,2
20191010-M-Shanghai_Masters-R16-Roger_Federer-David_Goffin,1
20191011-M-Shanghai_Masters-QF-Alexander_Zverev-Roger_Federer,1
20191011-M-Shanghai_Masters-QF-Novak_Djokovic-Stefanos_Tsitsipas,2
20191012-M-Shanghai_Masters-SF-Alexander_Zverev-Matteo_Berrettini,1
20191013-M-Shanghai_Masters-F-Daniil_Medvedev-Alexander_Zverev,1
20191014-M-Moscow-R32-Andreas_Seppi-Cristian_Garin,1
20191014-M-Stockholm-R32-Corentin_Moutet-Janko_Tipsarevic,2
20191016-M-Ismaning_CH-R32-Robin_Haase-Johannes_Haerteis,2
20191017-M-Antwerp-R16-Gael_Monfils-Jannik_Sinner,2
20191017-M-Stockholm-R16-Janko_Tipsarevic-Fabio_Fognini,1
20191018-M-Stockholm-QF-Yuichi_Sugita-Janko_Tipsarevic,1
20191019-M-Antwerp-SF-Stan_Wawrinka-Jannik_Sinner,1
20191019-M-Antwerp-SF-Ugo_Humbert-Andy_Murray,2
20191020-M-Stockholm-F-Filip_Krajinovic-Denis_Shapovalov,2
20191021-M-Vienna-R32-Hubert_Hurkacz-Karen_Khachanov,2
20191021-M-Vienna-R32-Lorenzo_Sonego-Marton_Fucsovics,2
20191022-M-Basel-R32-Taylor_Fritz-Alexander_Zverev,1
20191022-M-Vienna-R32-Jannik_Sinner-Philipp_Kohlschreiber,1
20191023-M-Basel-R16-Taylor_Fritz-Alex_De_Minaur,2
20191023-M-Hamburg_CH-R32-Jelle_Sels-Robin_Haase,1
20191024-M-Basel-R16-Fabio_Fognini-Filip_Krajinovic,2
20191024-M-Hamburg_CH-R16-Botic_Van_De_Zandschulp-Gianluca_Mager,1
20191024-M-Vienna-R16-Gael_Monfils-Jannik_Sinner,1
20191025-M-Hamburg_CH-QF-Cedrik_Marcel_Stebe-Botic_Van_De_Zandschulp,2
20191025-M-Vienna-QF-Gael_Monfils-Aljaz_Bedene,1
20191026-M-Basel-SF-Stefanos_Tsitsipas-Roger_Federer,2
20191026-M-Hamburg_CH-SF-Salvatore_Caruso-Botic_Van_De_Zandschulp,2
20191027-M-Basel-F-Roger_Federer-Alex_De_Minaur,1
20191027-M-Hamburg_CH-F-Bernabe_Zapata_Miralles-Botic_Van_De_Zandschulp,2
20191028-M-Paris_Masters-R64-Marin_Cilic-Hubert_Hurkacz,1
20191030-M-Paris_Masters-R32-Dominic_Thiem-Milos_Raonic,1
20191031-M-Paris_Masters-R16-Alexander_Zverev-Denis_Shapovalov,2
20191031-M-Paris_Masters-R16-Grigor_Dimitrov-Dominic_Thiem,1
20191101-M-Paris_Masters-QF-Gael_Monfils-Denis_Shapovalov,2
20191101-M-Paris_Masters-QF-Grigor_Dimitrov-Cristian_Garin,1
20191101-M-Paris_Masters-QF-Jo_Wilfried_Tsonga-Rafael_Nadal,2
20191101-M-Paris_Masters-QF-Novak_Djokovic-Stefanos_Tsitsipas,1
20191101-M-Paris_Masters-R16-Gael_Monfils-Radu_Albot,1
20191102-M-Paris_Masters-SF-Novak_Djokovic-Grigor_Dimitrov,1
20191103-M-Eckental_CH-F-Steve_Darcis-Jiri_Vesely,2
20191103-M-Paris_Masters-F-Novak_Djokovic-Denis_Shapovalov,1
20191105-M-NextGen_Finals-RR-Alejandro_Davidovich_Fokina-Alex_De_Minaur,2
20191105-M-NextGen_Finals-RR-Jannik_Sinner-Frances_Tiafoe,1
20191106-M-NextGen_Finals-RR-Miomir_Kecmanovic-Alex_De_Minaur,2
20191107-M-NextGen_Finals-RR-Casper_Ruud-Alex_De_Minaur,2
20191109-M-NextGen_Finals-F-Jannik_Sinner-Alex_De_Minaur,1
20191110-M-Tour_Finals-RR-Novak_Djokovic-Matteo_Berrettini,1
20191110-M-Tour_Finals-RR-Roger_Federer-Dominic_Thiem,2
20191111-M-Tour_Finals-RR-Rafael_Nadal-Alexander_Zverev,2
20191111-M-Tour_Finals-RR-Stefanos_Tsitsipas-Daniil_Medvedev,1
20191112-M-Tour_Finals-RR-Novak_Djokovic-Dominic_Thiem,2
20191112-M-Tour_Finals-RR-Roger_Federer-Matteo_Berrettini,1
20191113-M-Tour_Finals-RR-Rafael_Nadal-Daniil_Medvedev,1
20191113-M-Tour_Finals-RR-Stefanos_Tsitsipas-Alexander_Zverev,1
20191114-M-Tour_Finals-RR-Dominic_Thiem-Matteo_Berrettini,2
20191114-M-Tour_Finals-RR-Novak_Djokovic-Roger_Federer,2
20191115-M-Tour_Finals-RR-Daniil_Medvedev-Alexander_Zverev,2
20191115-M-Tour_Finals-RR-Rafael_Nadal-Stefanos_Tsitsipas,1
20191116-M-Tour_Finals-SF-Dominic_Thiem-Alexander_Zverev,1
20191116-M-Tour_Finals-SF-Stefanos_Tsitsipas-Roger_Federer,1
20191119-M-Davis_Cup_Finals-RR-Alexander_Bublik-Robin_Haase,2
20191119-M-Davis_Cup_Finals-RR-Botic_Van_De_Zandschulp-Mikhail_Kukushkin,2
20191119-M-Davis_Cup_Finals-RR-Vasek_Pospisil-Reilly_Opelka,1
20191120-M-Davis_Cup_Finals-RR-Andy_Murray-Tallon_Griekspoor,1
20191120-M-Davis_Cup_Finals-RR-Daniel_Evans-Robin_Haase,2
20191120-M-Davis_Cup_Finals-RR-Novak_Djokovic-Yoshihito_Nishioka,1
20191124-M-Davis_Cup_Finals-F-Felix_Auger_Aliassime-Roberto_Bautista_Agut,2
20191124-M-Davis_Cup_Finals-F-Rafael_Nadal-Denis_Shapovalov,1
20200103-M-ATP_Cup-RR-Alex_De_Minaur-Alexander_Zverev,1
20200103-M-ATP_Cup-RR-Stefanos_Tsitsipas-Denis_Shapovalov,2
20200103-M-ATP_Cup-RR-Steve_Darcis-Alexander_Cozbinov,1
20200104-M-ATP_Cup-RR-Hubert_Hurkacz-Diego_Schwartzman,1
20200104-M-ATP_Cup-RR-Nicolas_Jarry-Benoit_Paire,2
20200104-M-ATP_Cup-RR-Stefanos_Tsitsipas-Alexander_Zverev,1
20200105-M-ATP_Cup-RR-Alex_De_Minaur-Denis_Shapovalov,1
20200105-M-ATP_Cup-RR-Casper_Ruud-Fabio_Fognini,1
20200106-M-ATP_Cup-RR-Hubert_Hurkacz-Borna_Coric,1
20200106-M-ATP_Cup-RR-Taylor_Fritz-Karen_Khachanov,2
20200107-M-ATP_Cup-RR-Alexander_Zverev-Denis_Shapovalov,2
20200107-M-ATP_Cup-RR-Jan_Lennard_Struff-Felix_Auger_Aliassime,1
20200107-M-ATP_Cup-RR-Stefanos_Tsitsipas-Nick_Kyrgios,2
20200107-M-Noumea_CH-R32-Mohamed_Safwat-Ernests_Gulbis,2
20200108-M-ATP_Cup-RR-Hubert_Hurkacz-Dominic_Thiem,1
20200109-M-ATP_Cup-QF-Alex_De_Minaur-Daniel_Evans,2
20200110-M-Doha-SF-Andrey_Rublev-Miomir_Kecmanovic,1
20200110-M-Doha-SF-Stan_Wawrinka-Corentin_Moutet,2
20200111-M-ATP_Cup-SF-Dusan_Lajovic-Karen_Khachanov,1
20200111-M-ATP_Cup-SF-Novak_Djokovic-Daniil_Medvedev,1
20200112-M-ATP_Cup-F-Roberto_Bautista_Agut-Dusan_Lajovic,1
20200113-M-Auckland-R32-Hubert_Hurkacz-Lorenzo_Sonego,1
20200113-M-Auckland-R32-Jannik_Sinner-Benoit_Paire,2
20200115-M-Australian_Open-Q1-Elliot_Benchetrit-Steve_Darcis,1
20200116-M-Auckland-QF-Hubert_Hurkacz-Feliciano_Lopez,1
20200117-M-Adelaide-SF-Felix_Auger_Aliassime-Andrey_Rublev,2
20200117-M-Adelaide-SF-Tommy_Paul-Lloyd_Harris,2
20200117-M-Auckland-SF-Hubert_Hurkacz-Benoit_Paire,2
20200118-M-Australian_Open-Q3-Lorenzo_Musetti-Tallon_Griekspoor,2
20200118-M-Bangkok_CH-F-Attila_Balazs-Aslan_Karatsev,1
20200120-M-Australian_Open-R128-Denis_Shapovalov-Marton_Fucsovics,2
20200120-M-Australian_Open-R128-Roger_Federer-Steve_Johnson,1
20200120-M-Rennes_CH-R64-Jurij_Rodionov-Karim_Mohamed_Maamoun,2
20200121-M-Australian_Open-R128-Casper_Ruud-Egor_Gerasimov,2
20200121-M-Australian_Open-R128-Ernests_Gulbis-Felix_Auger_Aliassime,1
20200121-M-Australian_Open-R128-Marc_Polmans-Mikhail_Kukushkin,1
20200121-M-Australian_Open-R128-Pedro_Martinez-Dominik_Koepfer,1
20200121-M-Australian_Open-R128-Taylor_Fritz-Tallon_Griekspoor,1
20200121-M-Australian_Open-R128-Vasek_Pospisil-Ivo_Karlovic,2
20200122-M-Australian_Open-R64-Diego_Schwartzman-Alejandro_Davidovich_Fokina,1
20200122-M-Australian_Open-R64-Jannik_Sinner-Marton_Fucsovics,2
20200122-M-Australian_Open-R64-Tennys_Sandgren-Matteo_Berrettini,1
20200123-M-Australian_Open-R64-Gael_Monfils-Ivo_Karlovic,1
20200124-M-Australian_Open-R32-Guido_Pella-Fabio_Fognini,2
20200124-M-Australian_Open-R32-John_Millman-Roger_Federer,2
20200125-M-Australian_Open-R32-Alexei_Popyrin-Daniil_Medvedev,2
20200125-M-Australian_Open-R32-Fernando_Verdasco-Alexander_Zverev,2
20200125-M-Australian_Open-R32-Rafael_Nadal-Pablo_Carreno_Busta,1
20200125-M-Australian_Open-R32-Taylor_Fritz-Dominic_Thiem,2
20200126-M-Australian_Open-R16-Novak_Djokovic-Diego_Schwartzman,1
20200126-M-Australian_Open-R16-Roger_Federer-Marton_Fucsovics,1
20200126-M-Australian_Open-R16-Tennys_Sandgren-Fabio_Fognini,1
20200126-M-Bangkok_CH-F-Robin_Haase-Federico_Gaio,2
20200127-M-Australian_Open-R16-Andrey_Rublev-Alexander_Zverev,2
20200127-M-Australian_Open-R16-Gael_Monfils-Dominic_Thiem,2
20200127-M-Australian_Open-R16-Rafael_Nadal-Nick_Kyrgios,1
20200127-M-Australian_Open-R16-Stan_Wawrinka-Daniil_Medvedev,1
20200128-M-Australian_Open-QF-Novak_Djokovic-Milos_Raonic,1
20200128-M-Australian_Open-QF-Roger_Federer-Tennys_Sandgren,1
20200129-M-Australian_Open-QF-Rafael_Nadal-Dominic_Thiem,2
20200129-M-Australian_Open-QF-Stan_Wawrinka-Alexander_Zverev,2
20200130-M-Australian_Open-SF-Roger_Federer-Novak_Djokovic,2
20200131-M-Australian_Open-SF-Dominic_Thiem-Alexander_Zverev,1
20200201-M-Australian_Open_Juniors-F-Arthur_Cazaux-Harold_Mayot,2
20200202-M-Australian_Open-F-Novak_Djokovic-Dominic_Thiem,1
20200202-M-Punta_del_Este_CH-F-Marco_Cecchinato-Thiago_Monteiro,2
20200204-M-Montpellier-R32-Mikael_Ymer-Jannik_Sinner,1
20200204-M-Montpellier-R32-Sergiy_Stakhovsky-Pierre_Hugues_Herbert,2
20200208-M-Pune-SF-James_Duckworth-Egor_Gerasimov,2
20200209-M-Montpellier-F-Gael_Monfils-Vasek_Pospisil,1
20200210-M-Rotterdam-R32-Grigor_Dimitrov-Denis_Shapovalov,1
20200211-M-Rotterdam-R32-Nikoloz_Basilashvili-Andrey_Rublev,2
20200211-M-Rotterdam-R32-Stefanos_Tsitsipas-Hubert_Hurkacz,1
20200211-M-Rotterdam-R32-Tallon_Griekspoor-Filip_Krajinovic,2
20200212-M-Rotterdam-R32-Robin_Haase-David_Goffin,2
20200213-M-Rotterdam-R16-Gilles_Simon-Gael_Monfils,2
20200213-M-Rotterdam-R16-Jannik_Sinner-David_Goffin,1
20200214-M-New_York-QF-Ugo_Humbert-Miomir_Kecmanovic,2
20200214-M-Rotterdam-QF-Filip_Krajinovic-Andrey_Rublev,1
20200214-M-Rotterdam-QF-Jannik_Sinner-Pablo_Carreno_Busta,2
20200215-M-Rotterdam-SF-Gael_Monfils-Filip_Krajinovic,1
20200216-M-Rotterdam-F-Felix_Auger_Aliassime-Gael_Monfils,2
20200217-M-Rio_de_Janeiro-R32-Alejandro_Davidovich_Fokina-Thiago_Seyboth_Wild,2
20200218-M-Bergamo_CH-R64-Leo_Borg-Chun_Hsin_Tseng,2
20200218-M-Rio_de_Janeiro-R32-Carlos_Alcaraz-Albert_Ramos,1
20200219-M-Rio_de_Janeiro-R16-Carlos_Alcaraz-Federico_Coria,2
20200220-M-Marseille-R16-Jannik_Sinner-Daniil_Medvedev,2
20200220-M-Marseille-R16-Pierre_Hugues_Herbert-Felix_Auger_Aliassime,2
20200221-M-Marseille-QF-Gilles_Simon-Daniil_Medvedev,1
20200222-M-Koblenz_CH-SF-Nicola_Kuhn-Botic_Van_De_Zandschulp,2
20200223-M-Koblenz_CH-F-Tomas_Machac-Botic_Van_De_Zandschulp,1
20200224-M-Acapulco-R32-Alex_De_Minaur-Miomir_Kecmanovic,2
20200225-M-Columbus_CH-R32-Antoine_Escoffier-Aleksandar_Vukic,2
20200225-M-Dubai-R32-Hubert_Hurkacz-Alexander_Bublik,2
20200225-M-Dubai-R32-Marin_Cilic-Benoit_Paire,2
20200226-M-Pau_CH-R32-Ernests_Gulbis-Norbert_Gombos,1
20200227-M-Columbus_CH-R16-Emilio_Gomez-Aleksandar_Vukic,2
20200227-M-Dubai-QF-Andrey_Rublev-Daniel_Evans,2
20200228-M-Acapulco-SF-Rafael_Nadal-Grigor_Dimitrov,1
20200228-M-Columbus_CH-QF-Denis_Istomin-Aleksandar_Vukic,1
20200228-M-Dubai-SF-Novak_Djokovic-Gael_Monfils,1
20200229-M-Dubai-F-Novak_Djokovic-Stefanos_Tsitsipas,1
20200301-M-Pau_CH-F-Ernests_Gulbis-Jerzy_Janowicz,1
20200306-M-Davis_Cup_Qualifiers-RR-Alexander_Bublik-Tallon_Griekspoor,1
20200306-M-Davis_Cup_Qualifiers-RR-Mikhail_Kukushkin-Robin_Haase,2
20200306-M-Davis_Cup_WG_II-RR-Ernests_Gulbis-Karim_Mohamed_Maamoun,1
20200307-M-Davis_Cup_Qualifiers-RR-Alexander_Bublik-Robin_Haase,1
20200307-M-Davis_Cup_WG_II-RR-Ernests_Gulbis-Mohamed_Safwat,1
20200825-M-Cincinnati_Masters-R16-Reilly_Opelka-Matteo_Berrettini,1
20200901-M-US_Open-R128-Andy_Murray-Yoshihito_Nishioka,1
20200901-M-US_Open-R128-Jeremy_Chardy-Andrey_Rublev,2
20200902-M-US_Open-R128-John_Millman-Nikoloz_Basilashvili,1
20200903-M-US_Open-R64-Felix_Auger_Aliassime-Andy_Murray,1
20200903-M-US_Open-R64-Milos_Raonic-Vasek_Pospisil,2
20200903-M-US_Open-R64-Ugo_Humbert-Matteo_Berrettini,2
20200904-M-US_Open-R32-Taylor_Fritz-Denis_Shapovalov,2
20200905-M-US_Open-R32-Casper_Ruud-Matteo_Berrettini,2
20200905-M-US_Open-R32-Felix_Auger_Aliassime-Corentin_Moutet,1
20200905-M-US_Open-R32-Novak_Djokovic-Jan_Lennard_Struff,1
20200906-M-US_Open-R16-Novak_Djokovic-Pablo_Carreno_Busta,2
20200906-M-US_Open-R32-Marin_Cilic-Dominic_Thiem,2
20200907-M-US_Open-R16-Andrey_Rublev-Matteo_Berrettini,1
20200907-M-US_Open-R16-Felix_Auger_Aliassime-Dominic_Thiem,2
20200907-M-US_Open-R16-Vasek_Pospisil-Alex_De_Minaur,2
20200908-M-US_Open-QF-Borna_Coric-Alexander_Zverev,2
20200908-M-US_Open-QF-Denis_Shapovalov-Pablo_Carreno_Busta,2
20200909-M-US_Open-QF-Andrey_Rublev-Daniil_Medvedev,2
20200911-M-US_Open-SF-Dominic_Thiem-Daniil_Medvedev,1
20200913-M-US_Open-F-Dominic_Thiem-Alexander_Zverev,1
20200916-M-Rome_Masters-R32-Stefanos_Tsitsipas-Jannik_Sinner,2
20200917-M-Rome_Masters-R32-Hubert_Hurkacz-Andrey_Rublev,1
20200920-M-Rome_Masters-SF-Diego_Schwartzman-Denis_Shapovalov,1
20200920-M-Rome_Masters-SF-Novak_Djokovic-Casper_Ruud,1
20200921-M-Roland_Garros-Q1-Carlos_Alcaraz-Aleksandar_Vukic,2
20200922-M-Hamburg-R32-Roberto_Bautista_Agut-Nikoloz_Basilashvili,1
20200923-M-Roland_Garros-Q2-Prajnesh_Gunneswaran-Aleksandar_Vukic,2
20200924-M-Roland_Garros-Q3-Aleksandar_Vukic-Jason_Jung,1
20200927-M-Roland_Garros-R128-Elliot_Benchetrit-John_Isner,2
20200927-M-Roland_Garros-R128-Marco_Cecchinato-Alex_De_Minaur,1
20200928-M-Roland_Garros-R128-Andy_Murray-Stan_Wawrinka,2
20200928-M-Roland_Garros-R128-Daniil_Medvedev-Marton_Fucsovics,2
20200928-M-Roland_Garros-R128-Gael_Monfils-Alexander_Bublik,2
20200928-M-Roland_Garros-R128-Jannik_Sinner-David_Goffin,1
20200928-M-Roland_Garros-R128-Reilly_Opelka-Jack_Sock,2
20201004-M-Roland_Garros-R16-Jannik_Sinner-Alexander_Zverev,1
20201006-M-Roland_Garros-QF-Dominic_Thiem-Diego_Schwartzman,2
20201009-M-Roland_Garros-SF-Novak_Djokovic-Stefanos_Tsitsipas,1
20201013-M-St_Petersburg-R32-Vasek_Pospisil-Andrey_Rublev,2
20201014-M-Cologne-R16-Hubert_Hurkacz-Mischa_Zverev,1
20201015-M-St_Petersburg-R16-Reilly_Opelka-Daniil_Medvedev,1
20201016-M-Cologne-QF-Alejandro_Davidovich_Fokina-Dennis_Novak,1
20201016-M-Cologne-QF-Hubert_Hurkacz-Roberto_Bautista_Agut,2
20201024-M-Ismaning_CH-SF-Prajnesh_Gunneswaran-Botic_Van_De_Zandschulp,2
20201025-M-Ismaning_CH-F-Botic_Van_De_Zandschulp-Marc_Andrea_Huesler,2
20201027-M-Vienna-R32-Hubert_Hurkacz-Attila_Balazs,1
20201029-M-Vienna-R16-Dominic_Thiem-Cristian_Garin,1
20201029-M-Vienna-R16-Hubert_Hurkacz-Lorenzo_Sonego,2
20201101-M-Vienna-F-Lorenzo_Sonego-Andrey_Rublev,2
20201106-M-Paris_Masters-QF-Diego_Schwartzman-Daniil_Medvedev,2
20201107-M-Paris_Masters-SF-Rafael_Nadal-Alexander_Zverev,2
20201108-M-Paris_Masters-F-Alexander_Zverev-Daniil_Medvedev,2
20201114-M-Sofia-F-Vasek_Pospisil-Jannik_Sinner,2
20201115-M-Tour_Finals-RR-Rafael_Nadal-Andrey_Rublev,1
20201119-M-Tour_Finals-RR-Dominic_Thiem-Andrey_Rublev,2
20201121-M-Tour_Finals-SF-Novak_Djokovic-Dominic_Thiem,2
20201122-M-Orlando_CH-F-Brandon_Nakashima-Prajnesh_Gunneswaran,1
20201129-M-Lima_CH-F-Daniel_Elahi_Galan-Thiago_Agustin_Tirante,1
20201206-M-Campinas_CH-F-Roberto_Carballes_Baena-Francisco_Cerundolo,2
20210110-M-Delray_Beach-R16-Daniel_Elahi_Galan-Hubert_Hurkacz,2
20210111-M-Delray_Beach-QF-Hubert_Hurkacz-Roberto_Quiroz,1
20210113-M-Antalya-F-Alex_De_Minaur-Alexander_Bublik,1
20210202-M-ATP_Cup-RR-Andrey_Rublev-Guido_Pella,1
20210202-M-ATP_Cup-RR-Dominic_Thiem-Matteo_Berrettini,2
20210202-M-Great_Ocean_Road_Open-R64-Tristan_Schoolkate-Botic_Van_De_Zandschulp,2
20210203-M-ATP_Cup-RR-Andrey_Rublev-Yoshihito_Nishioka,1
20210204-M-Great_Ocean_Road_Open-R16-Reilly_Opelka-Botic_Van_De_Zandschulp,2
20210205-M-ATP_Cup-RR-Nicolas_Mahut-Dennis_Novak,1
20210205-M-Great_Ocean_Road_Open-QF-Karen_Khachanov-Botic_Van_De_Zandschulp,1
20210206-M-ATP_Cup-SF-Andrey_Rublev-Jan_Lennard_Struff,1
20210206-M-ATP_Cup-SF-Matteo_Berrettini-Roberto_Bautista_Agut,1
20210208-M-Australian_Open-R128-Egor_Gerasimov-Benoit_Paire,1
20210208-M-Australian_Open-R128-Elias_Ymer-Diego_Schwartzman,2
20210208-M-Australian_Open-R128-Jannik_Sinner-Denis_Shapovalov,2
20210209-M-Australian_Open-R128-Carlos_Alcaraz-Botic_Van_De_Zandschulp,1
20210209-M-Australian_Open-R128-Feliciano_Lopez-Li_Tu,1
20210209-M-Australian_Open-R128-Hubert_Hurkacz-Mikael_Ymer,2
20210209-M-Australian_Open-R128-Robin_Haase-Filip_Krajinovic,2
20210209-M-Australian_Open-R128-Vasek_Pospisil-Daniil_Medvedev,2
20210210-M-Australian_Open-R64-Stan_Wawrinka-Marton_Fucsovics,2
20210211-M-Australian_Open-R64-Daniil_Medvedev-Roberto_Carballes_Baena,1
20210211-M-Australian_Open-R64-Lorenzo_Sonego-Feliciano_Lopez,2
20210211-M-Australian_Open-R64-Stefanos_Tsitsipas-Thanasi_Kokkinakis,1
20210212-M-Australian_Open-R32-Andrey_Rublev-Feliciano_Lopez,1
20210212-M-Australian_Open-R32-Dominic_Thiem-Nick_Kyrgios,1
20210212-M-Australian_Open-R32-Novak_Djokovic-Taylor_Fritz,1
20210213-M-Australian_Open-R32-Karen_Khachanov-Matteo_Berrettini,2
20210215-M-Australian_Open-QF-Grigor_Dimitrov-Aslan_Karatsev,2
20210217-M-Australian_Open-QF-Rafael_Nadal-Stefanos_Tsitsipas,2
20210219-M-Australian_Open-SF-Stefanos_Tsitsipas-Daniil_Medvedev,2
20210221-M-Australian_Open-F-Novak_Djokovic-Daniil_Medvedev,1
20210224-M-Cordoba-R16-Federico_Coria-Francisco_Cerundolo,1
20210225-M-Montpellier-R16-Hubert_Hurkacz-Alejandro_Davidovich_Fokina,2
20210228-M-Singapore-F-Alexei_Popyrin-Alexander_Bublik,1
20210301-M-Rotterdam-R32-Andy_Murray-Robin_Haase,1
20210301-M-Rotterdam-R32-Felix_Auger_Aliassime-Kei_Nishikori,2
20210302-M-Rotterdam-R16-John_Millman-Alex_De_Minaur,2
20210302-M-Rotterdam-R32-Hubert_Hurkacz-Adrian_Mannarino,1
20210302-M-Rotterdam-R32-Stan_Wawrinka-Karen_Khachanov,2
20210303-M-Rotterdam-R16-Andy_Murray-Andrey_Rublev,2
20210303-M-Rotterdam-R32-Alexander_Bublik-Alexander_Zverev,1
20210304-M-Rotterdam-R16-Marton_Fucsovics-Alejandro_Davidovich_Fokina,1
20210304-M-Rotterdam-R16-Stefanos_Tsitsipas-Hubert_Hurkacz,1
20210305-M-Rotterdam-QF-Borna_Coric-Kei_Nishikori,1
20210307-M-Rotterdam-F-Andrey_Rublev-Marton_Fucsovics,1
20210310-M-Doha-R16-Roger_Federer-Daniel_Evans,1
20210312-M-Doha-SF-Roberto_Bautista_Agut-Andrey_Rublev,1
20210315-M-Dubai-R64-Marco_Cecchinato-Richard_Gasquet,2
20210316-M-Dubai-R32-Denis_Shapovalov-Jan_Lennard_Struff,1
20210316-M-Dubai-R32-Hubert_Hurkacz-Richard_Gasquet,1
20210317-M-Acapulco-R32-Casper_Ruud-Daniel_Elahi_Galan,1
20210317-M-Acapulco-R32-Stefanos_Tsitsipas-Benoit_Paire,1
20210317-M-Dubai-R16-Hubert_Hurkacz-Denis_Shapovalov,2
20210317-M-Dubai-R16-Taylor_Fritz-Andrey_Rublev,2
20210318-M-Acapulco-R16-Grigor_Dimitrov-Miomir_Kecmanovic,1
20210318-M-Acapulco-R16-Stefanos_Tsitsipas-John_Isner,1
20210319-M-Acapulco-QF-Lorenzo_Musetti-Grigor_Dimitrov,1
20210320-M-Acapulco-F-Stefanos_Tsitsipas-Alexander_Zverev,2
20210320-M-Acapulco-SF-Stefanos_Tsitsipas-Lorenzo_Musetti,1
20210322-M-Miami_Masters-R64-Karen_Khachanov-Yannick_Hanfmann,1
20210324-M-Miami_Masters-R128-Carlos_Alcaraz-Emil_Ruusuvuori,2
20210326-M-Miami_Masters-R64-Alexei_Popyrin-Reilly_Opelka,1
20210327-M-Miami_Masters-R64-Aslan_Karatsev-Mikhail_Kukushkin,1
20210327-M-Miami_Masters-R64-Hubert_Hurkacz-Denis_Kudla,1
20210327-M-Miami_Masters-R64-Milos_Raonic-Jordan_Thompson,1
20210328-M-Lille_CH-F-Gregoire_Barrere-Zizou_Bergs,2
20210328-M-Miami_Masters-R64-Andrey_Rublev-Tennys_Sandgren,1
20210329-M-Miami_Masters-R32-Hubert_Hurkacz-Denis_Shapovalov,1
20210329-M-Miami_Masters-R32-Marin_Cilic-Lorenzo_Musetti,1
20210329-M-Miami_Masters-R32-Marton_Fucsovics-Andrey_Rublev,2
20210330-M-Miami_Masters-R16-Hubert_Hurkacz-Milos_Raonic,1
20210330-M-Miami_Masters-R16-Jannik_Sinner-Emil_Ruusuvuori,1
20210331-M-Miami_Masters-R16-Marin_Cilic-Andrey_Rublev,2
20210402-M-Miami_Masters-SF-Hubert_Hurkacz-Andrey_Rublev,1
20210402-M-Miami_Masters-SF-Jannik_Sinner-Roberto_Bautista_Agut,1
20210404-M-Miami_Masters-F-Hubert_Hurkacz-Jannik_Sinner,1
20210413-M-Monte_Carlo_Masters-R32-Stefanos_Tsitsipas-Aslan_Karatsev,1
20210413-M-Monte_Carlo_Masters-R64-Lucas_Catarina-Salvatore_Caruso,2
20210414-M-Monte_Carlo_Masters-R32-Hubert_Hurkacz-Daniel_Evans,2
20210414-M-Split_CH-R16-Filip_Horansky-Thanasi_Kokkinakis,2
20210415-M-Monte_Carlo_Masters-R16-Novak_Djokovic-Daniel_Evans,2
20210415-M-Orlando_CH-R16-Aleksandar_Kovacevic-Christian_Harrison,2
20210417-M-Monte_Carlo_Masters-SF-Stefanos_Tsitsipas-Daniel_Evans,1
20210421-M-Barcelona-R32-Stefanos_Tsitsipas-Jaume_Munar,1
20210423-M-Barcelona-QF-Andrey_Rublev-Jannik_Sinner,2
20210424-M-Barcelona-SF-Stefanos_Tsitsipas-Jannik_Sinner,1
20210425-M-Barcelona-F-Rafael_Nadal-Stefanos_Tsitsipas,1
20210430-M-Estoril-QF-Cristian_Garin-Cameron_Norrie,2
20210501-M-Estoril-SF-Marin_Cilic-Cameron_Norrie,2
20210502-M-Estoril-F-Albert_Ramos-Cameron_Norrie,1
20210503-M-Madrid_Masters-R64-John_Isner-Miomir_Kecmanovic,1
20210504-M-Madrid_Masters-R32-Dominic_Thiem-Marcos_Giron,1
20210504-M-Madrid_Masters-R64-Benoit_Paire-Nikoloz_Basilashvili,1
20210504-M-Madrid_Masters-R64-Casper_Ruud-Felix_Auger_Aliassime,1
20210504-M-Madrid_Masters-R64-Hubert_Hurkacz-John_Millman,2
20210505-M-Madrid_Masters-R32-Casper_Ruud-Yoshihito_Nishioka,1
20210505-M-Madrid_Masters-R32-John_Isner-Roberto_Bautista_Agut,1
20210505-M-Madrid_Masters-R32-Stefanos_Tsitsipas-Benoit_Paire,1
20210506-M-Madrid_Masters-R16-Dominic_Thiem-Alex_De_Minaur,1
20210506-M-Madrid_Masters-R16-Federico_Delbonis-Matteo_Berrettini,2
20210506-M-Madrid_Masters-R32-Rafael_Nadal-Carlos_Alcaraz,1
20210507-M-Madrid_Masters-QF-Casper_Ruud-Alexander_Bublik,1
20210507-M-Madrid_Masters-QF-John_Isner-Dominic_Thiem,2
20210507-M-Madrid_Masters-QF-Matteo_Berrettini-Cristian_Garin,1
20210507-M-Madrid_Masters-QF-Rafael_Nadal-Alexander_Zverev,2
20210508-M-Madrid_Masters-SF-Alexander_Zverev-Dominic_Thiem,1
20210508-M-Madrid_Masters-SF-Casper_Ruud-Matteo_Berrettini,2
20210509-M-Madrid_Masters-F-Alexander_Zverev-Matteo_Berrettini,1
20210509-M-Prague_CH-F-Oscar_Otte-Tallon_Griekspoor,2
20210509-M-Rome_Masters-R64-Reilly_Opelka-Richard_Gasquet,1
20210510-M-Rome_Masters-R64-Lorenzo_Musetti-Hubert_Hurkacz,1
20210511-M-Rome_Masters-R32-Lorenzo_Musetti-Reilly_Opelka,2
20210511-M-Rome_Masters-R64-Grigor_Dimitrov-Alejandro_Davidovich_Fokina,2
20210512-M-Rome_Masters-R32-John_Millman-Matteo_Berrettini,2
20210513-M-Rome_Masters-R16-Reilly_Opelka-Aslan_Karatsev,1
20210513-M-Rome_Masters-R16-Roberto_Bautista_Agut-Andrey_Rublev,2
20210514-M-Rome_Masters-QF-Reilly_Opelka-Federico_Delbonis,1
20210515-M-Rome_Masters-SF-Novak_Djokovic-Lorenzo_Sonego,1
20210518-M-Lyon-R32-Lorenzo_Musetti-Felix_Auger_Aliassime,1
20210522-M-Lyon-SF-Stefanos_Tsitsipas-Lorenzo_Musetti,1
20210523-M-Lyon-F-Stefanos_Tsitsipas-Cameron_Norrie,1
20210524-M-Roland_Garros-Q1-Thiago_Seyboth_Wild-Viktor_Troicki,2
20210525-M-Roland_Garros-Q1-Renzo_Olivo-Robin_Haase,1
20210527-M-Roland_Garros-Q3-Botic_Van_De_Zandschulp-Illya_Marchenko,1
20210530-M-Little_Rock_CH-Q1-Brian_Battistone-Stefan_Kozlov,2
20210530-M-Roland_Garros-R128-Gilles_Simon-Marton_Fucsovics,2
20210530-M-Roland_Garros-R128-Hubert_Hurkacz-Botic_Van_De_Zandschulp,2
20210531-M-Roland_Garros-R128-Denis_Istomin-Roger_Federer,2
20210531-M-Roland_Garros-R128-Pierre_Hugues_Herbert-Jannik_Sinner,2
20210601-M-Roland_Garros-R128-Albert_Ramos-Gael_Monfils,2
20210602-M-Roland_Garros-R64-Botic_Van_De_Zandschulp-Alejandro_Davidovich_Fokina,2
20210602-M-Roland_Garros-R64-Jannik_Sinner-Gianluca_Mager,1
20210602-M-Roland_Garros-R64-Marin_Cilic-Roger_Federer,2
20210602-M-Roland_Garros-R64-Reilly_Opelka-Jaume_Munar,1
20210603-M-Roland_Garros-R64-Mikael_Ymer-Gael_Monfils,1
20210604-M-Roland_Garros-R32-Casper_Ruud-Alejandro_Davidovich_Fokina,2
20210605-M-Madrid_Masters-R16-Alexander_Bublik-Aslan_Karatsev,1
20210605-M-Madrid_Masters-R16-Casper_Ruud-Stefanos_Tsitsipas,1
20210605-M-Roland_Garros-R32-Marco_Cecchinato-Lorenzo_Musetti,2
20210605-M-Roland_Garros-R32-Rafael_Nadal-Cameron_Norrie,1
20210605-M-Roland_Garros-R32-Roger_Federer-Dominik_Koepfer,1
20210607-M-Roland_Garros-R16-Rafael_Nadal-Jannik_Sinner,1
20210608-M-Roland_Garros-QF-Alexander_Zverev-Alejandro_Davidovich_Fokina,1
20210608-M-Roland_Garros-QF-Stefanos_Tsitsipas-Daniil_Medvedev,1
20210609-M-Roland_Garros-QF-Novak_Djokovic-Matteo_Berrettini,1
20210609-M-Roland_Garros-QF-Rafael_Nadal-Diego_Schwartzman,1
20210610-M-Stuttgart-R16-Hubert_Hurkacz-Dominic_Stricker,2
20210611-M-Roland_Garros-SF-Rafael_Nadal-Novak_Djokovic,2
20210611-M-Roland_Garros-SF-Stefanos_Tsitsipas-Alexander_Zverev,1
20210613-M-Bratislava_CH-F-Tallon_Griekspoor-Sebastian_Baez,1
20210613-M-Lyon_CH-F-Pablo_Cuevas-Elias_Ymer,1
20210613-M-Roland_Garros-F-Stefanos_Tsitsipas-Novak_Djokovic,2
20210615-M-Halle-R32-Felix_Auger_Aliassime-Hubert_Hurkacz,1
20210615-M-Halle-R32-Ricardas_Berankis-Kei_Nishikori,2
20210615-M-Queens_Club-R32-Andy_Murray-Benoit_Paire,1
20210619-M-Almaty_CH-F-Jesper_De_Jong-Tomas_Barrios_Vera,1
20210620-M-Queens_Club-F-Cameron_Norrie-Matteo_Berrettini,2
20210627-M-Eastbourne-F-Lorenzo_Sonego-Alex_De_Minaur,2
20210627-M-ITF_Alkmaar-F-Jelle_Sels-Nicolas_Alvarez_Varona,1
20210629-M-Wimbledon-R128-Feliciano_Lopez-Daniel_Evans,2
20210629-M-Wimbledon-R128-Jannik_Sinner-Marton_Fucsovics,2
20210629-M-Wimbledon-R128-Roger_Federer-Adrian_Mannarino,1
20210630-M-Wimbledon-R128-Brandon_Nakashima-Taylor_Fritz,2
20210630-M-Wimbledon-R128-Gregoire_Barrere-Botic_Van_De_Zandschulp,2
20210701-M-Wimbledon-QF-Hubert_Hurkacz-Roger_Federer,1
20210701-M-Wimbledon-R64-Daniil_Medvedev-Carlos_Alcaraz,1
20210701-M-Wimbledon-R64-Matteo_Berrettini-Botic_Van_De_Zandschulp,1
20210701-M-Wimbledon-R64-Richard_Gasquet-Roger_Federer,2
20210703-M-Wimbledon-R32-Andy_Murray-Denis_Shapovalov,2
20210703-M-Wimbledon-R32-Cameron_Norrie-Roger_Federer,2
20210703-M-Wimbledon-R32-Hubert_Hurkacz-Alexander_Bublik,1
20210704-M-ITF_The_Hague-F-Javier_Barranco_Cosano-Jelle_Sels,1
20210705-M-Wimbledon-R16-Felix_Auger_Aliassime-Alexander_Zverev,1
20210705-M-Wimbledon-R16-Lorenzo_Sonego-Roger_Federer,2
20210706-M-Wimbledon-R16-Hubert_Hurkacz-Daniil_Medvedev,1
20210707-M-Wimbledon-QF-Felix_Auger_Aliassime-Matteo_Berrettini,2
20210707-M-Wimbledon-QF-Novak_Djokovic-Marton_Fucsovics,1
20210709-M-Wimbledon-SF-Hubert_Hurkacz-Matteo_Berrettini,2
20210709-M-Wimbledon-SF-Novak_Djokovic-Denis_Shapovalov,1
20210711-M-Wimbledon-F-Novak_Djokovic-Matteo_Berrettini,1
20210716-M-Newport-QF-Jenson_Brooksby-Peter_Gojowczyk,1
20210717-M-Newport-SF-Jenson_Brooksby-Jordan_Thompson,1
20210718-M-Amersfoort_CH-F-Tallon_Griekspoor-Botic_Van_De_Zandschulp,1
20210720-M-Umag-R32-Lucas_Pouille-Carlos_Alcaraz,2
20210722-M-Gstaad-R16-Feliciano_Lopez-Mikael_Ymer,2
20210722-M-Umag-R16-Andrej_Martin-Carlos_Alcaraz,2
20210723-M-Gstaad-QF-Casper_Ruud-Benoit_Paire,1
20210723-M-Gstaad-QF-Cristian_Garin-Hugo_Gaston,2
20210724-M-Olympics-R64-Alexander_Bublik-Daniil_Medvedev,2
20210724-M-Olympics-R64-Joao_Menezes-Marin_Cilic,2
20210724-M-Tokyo_Olympics-R64-Novak_Djokovic-Hugo_Dellien,1
20210726-M-Poznan_CH-QF-Jiri_Lehecka-Botic_Van_De_Zandschulp,1
20210726-M-Tokyo_Olympics-R32-Novak_Djokovic-Jan_Lennard_Struff,1
20210728-M-Tokyo_Olympics-R16-Novak_Djokovic-Alejandro_Davidovich_Fokina,1
20210729-M-Olympics-QF-Jeremy_Chardy-Alexander_Zverev,2
20210729-M-Olympics-QF-Novak_Djokovic-Kei_Nishikori,1
20210729-M-Olympics-SF-Pablo_Carreno_Busta-Karen_Khachanov,2
20210729-M-Tokyo_Olympics-QF-Pablo_Carreno_Busta-Daniil_Medvedev,1
20210730-M-Olympics-SF-Novak_Djokovic-Alexander_Zverev,2
20210731-M-Olympics-BR-Novak_Djokovic-Pablo_Carreno_Busta,2
20210801-M-ITF_Champaign-F-Ben_Shelton-Gijs_Brouwer,1
20210801-M-Olympics-F-Karen_Khachanov-Alexander_Zverev,2
20210801-M-Segovia_CH-F-Benjamin_Bonzi-Tim_Van_Rijthoven,1
20210803-M-Canada_Masters-QF-Stefanos_Tsitsipas-Casper_Ruud,1
20210804-M-Washington-R32-Jannik_Sinner-Emil_Ruusuvuori,1
20210805-M-Washington-R16-Sebastian_Korda-Jannik_Sinner,2
20210806-M-Washington-QF-Steve_Johnson-Jannik_Sinner,2
20210807-M-Washington-SF-Jenson_Brooksby-Jannik_Sinner,2
20210808-M-Washington-F-Jannik_Sinner-Mackenzie_Mcdonald,1
20210810-M-Canada_Masters-R64-John_Isner-Alejandro_Davidovich_Fokina,1
20210810-M-Canada_Masters-R64-Reilly_Opelka-Nick_Kyrgios,1
20210811-M-Canada_Masters-R32-Karen_Khachanov-Aslan_Karatsev,1
20210811-M-Canada_Masters-R32-Nikoloz_Basilashvili-Alex_De_Minaur,1
20210811-M-Canada_Masters-R32-Reilly_Opelka-Grigor_Dimitrov,1
20210812-M-Canada_Masters-R16-Casper_Ruud-Dusan_Lajovic,1
20210812-M-Canada_Masters-R16-Hubert_Hurkacz-Nikoloz_Basilashvili,1
20210812-M-Canada_Masters-R16-John_Isner-Andrey_Rublev,1
20210813-M-Canada_Masters-QF-Hubert_Hurkacz-Daniil_Medvedev,2
20210813-M-Canada_Masters-QF-Reilly_Opelka-Roberto_Bautista_Agut,1
20210814-M-Canada_Masters-QF-John_Isner-Gael_Monfils,1
20210815-M-Canada_Masters-F-Reilly_Opelka-Daniil_Medvedev,2
20210815-M-Canada_Masters-SF-John_Isner-Daniil_Medvedev,2
20210816-M-Cincinnati_Masters-R64-Andy_Murray-Richard_Gasquet,1
20210817-M-Cincinnati_Masters-R64-Hubert_Hurkacz-Alejandro_Davidovich_Fokina,1
20210817-M-Cincinnati_Masters-R64-Marin_Cilic-Aslan_Karatsev,1
20210818-M-Cincinnati_Masters-R32-Andy_Murray-Hubert_Hurkacz,2
20210818-M-Cincinnati_Masters-R32-Gael_Monfils-Alex_De_Minaur,1
20210819-M-Cincinnati_Masters-R16-Casper_Ruud-Diego_Schwartzman,1
20210819-M-Cincinnati_Masters-R16-Hubert_Hurkacz-Pablo_Carreno_Busta,2
20210820-M-Cincinnati_Masters-QF-Benoit_Paire-Andrey_Rublev,2
20210820-M-Cincinnati_Masters-QF-Daniil_Medvedev-Pablo_Carreno_Busta,1
20210821-M-Cincinnati_Masters-QF-Casper_Ruud-Alexander_Zverev,2
20210821-M-Cincinnati_Masters-SF-Andrey_Rublev-Daniil_Medvedev,1
20210821-M-Cincinnati_Masters-SF-Stefanos_Tsitsipas-Alexander_Zverev,2
20210825-M-US_Open-Q1-Botic_Van_De_Zandschulp-Tomas_Barrios_Vera,1
20210826-M-US_Open-Q2-Ben_Shelton-Botic_Van_De_Zandschulp,2
20210827-M-US_Open-Q3-Enzo_Couacaud-Botic_Van_De_Zandschulp,2
20210827-M-US_Open-Q3-Ivo_Karlovic-Yuichi_Sugita,1
20210830-M-US_Open-R128-Andrey_Rublev-Ivo_Karlovic,1
20210830-M-US_Open-R128-Cameron_Norrie-Carlos_Alcaraz,2
20210830-M-US_Open-R128-Carlos_Taberner-Botic_Van_De_Zandschulp,2
20210830-M-US_Open-R128-Stefanos_Tsitsipas-Andy_Murray,1
20210831-M-US_Open-R128-Andreas_Seppi-Marton_Fucsovics,1
20210831-M-US_Open-R128-Daniil_Medvedev-Richard_Gasquet,1
20210831-M-US_Open-R128-Feliciano_Lopez-Bernabe_Zapata_Miralles,2
20210831-M-US_Open-R128-Maxime_Cressy-Pablo_Carreno_Busta,1
20210831-M-US_Open-R128-Mikael_Ymer-Jenson_Brooksby,2
20210831-M-US_Open-R128-Roberto_Bautista_Agut-Nick_Kyrgios,1
20210831-M-US_Open-R128-Tallon_Griekspoor-Jan_Lennard_Struff,1
20210901-M-US_Open-R64-Casper_Ruud-Botic_Van_De_Zandschulp,2
20210902-M-US_Open-R64-Jordan_Thompson-Aslan_Karatsev,2
20210902-M-US_Open-R64-Novak_Djokovic-Tallon_Griekspoor,1
20210902-M-US_Open-R64-Reilly_Opelka-Lorenzo_Musetti,1
20210902-M-US_Open-R64-Taylor_Fritz-Jenson_Brooksby,2
20210903-M-US_Open-R32-Facundo_Bagnis-Botic_Van_De_Zandschulp,2
20210903-M-US_Open-R32-Felix_Auger_Aliassime-Roberto_Bautista_Agut,1
20210903-M-US_Open-R32-Pablo_Andujar-Daniil_Medvedev,2
20210903-M-US_Open-R32-Stefanos_Tsitsipas-Carlos_Alcaraz,2
20210904-M-US_Open-R32-Jannik_Sinner-Gael_Monfils,1
20210904-M-US_Open-R32-Novak_Djokovic-Kei_Nishikori,1
20210905-M-US_Open-R16-Daniil_Medvedev-Daniel_Evans,1
20210905-M-US_Open-R16-Diego_Schwartzman-Botic_Van_De_Zandschulp,2
20210905-M-US_Open-R16-Peter_Gojowczyk-Carlos_Alcaraz,2
20210905-M-US_Open-R32-Reilly_Opelka-Nikoloz_Basilashvili,1
20210906-M-US_Open-R16-Jannik_Sinner-Alexander_Zverev,2
20210906-M-US_Open-R16-Jenson_Brooksby-Novak_Djokovic,2
20210907-M-US_Open-QF-Botic_Van_De_Zandschulp-Daniil_Medvedev,2
20210908-M-US_Open-QF-Novak_Djokovic-Matteo_Berrettini,1
20210910-M-US_Open-SF-Felix_Auger_Aliassime-Daniil_Medvedev,2
20210910-M-US_Open-SF-Novak_Djokovic-Alexander_Zverev,1
20210912-M-US_Open-F-Novak_Djokovic-Daniil_Medvedev,2
20210918-M-Davis_Cup_Group_I-RR-Francisco_Llanes-Botic_Van_De_Zandschulp,2
20210918-M-Davis_Cup_Group_I-RR-Martin_Cuevas-Tallon_Griekspoor,2
20210923-M-Metz-R16-Hubert_Hurkacz-Lucas_Pouille,1
20210924-M-Metz-QF-Andy_Murray-Hubert_Hurkacz,2
20210925-M-Metz-SF-Hubert_Hurkacz-Peter_Gojowczyk,1
20210929-M-San_Diego-R32-Alex_Bolt-Hubert_Hurkacz,2
20211003-M-Murcia_CH-F-Roberto_Carballes_Baena-Tallon_Griekspoor,2
20211003-M-Sofia-F-Jannik_Sinner-Gael_Monfils,1
20211004-M-Santiago_CH-R32-Sebastian_Baez-Dalibor_Svrcina,1
20211007-M-Indian_Wells_Masters-R128-Marcos_Giron-Botic_Van_De_Zandschulp,1
20211008-M-Santiago_CH-QF-Facundo_Mena-Sebastian_Baez,2
20211009-M-Indian_Wells_Masters-R64-Hubert_Hurkacz-Alexei_Popyrin,1
20211010-M-Indian_Wells_Masters-R64-Andy_Murray-Carlos_Alcaraz,1
20211010-M-Napoli_CH-F-Tallon_Griekspoor-Andrea_Pellegrino,1
20211011-M-Indian_Wells_Masters-R32-Grigor_Dimitrov-Reilly_Opelka,1
20211011-M-Indian_Wells_Masters-R32-Hubert_Hurkacz-Frances_Tiafoe,1
20211011-M-Indian_Wells_Masters-R64-John_Isner-Yoshihito_Nishioka,1
20211012-M-Indian_Wells_Masters-R32-Denis_Shapovalov-Aslan_Karatsev,2
20211012-M-Indian_Wells_Masters-R32-Taylor_Fritz-Matteo_Berrettini,1
20211013-M-Indian_Wells_Masters-R16-Grigor_Dimitrov-Daniil_Medvedev,1
20211013-M-Indian_Wells_Masters-R16-Hubert_Hurkacz-Aslan_Karatsev,1
20211013-M-Villena_CH-R32-Feliciano_Lopez-Roberto_Marcora,1
20211014-M-Indian_Wells_Masters-QF-Hubert_Hurkacz-Grigor_Dimitrov,2
20211014-M-Villena_CH-R16-Hugo_Grenier-Feliciano_Lopez,1
20211016-M-Indian_Wells_Masters-SF-Grigor_Dimitrov-Cameron_Norrie,2
20211016-M-Indian_Wells_Masters-SF-Taylor_Fritz-Nikoloz_Basilashvili,2
20211017-M-Ercolano_CH-F-Alexander_Ritschard-Tallon_Griekspoor,2
20211017-M-Indian_Wells_Masters-F-Nikoloz_Basilashvili-Cameron_Norrie,2
20211020-M-Antwerp-R16-Botic_Van_De_Zandschulp-Jenson_Brooksby,2
20211021-M-Antwerp-R32-Reilly_Opelka-Jenson_Brooksby,2
20211021-M-Buenos_Aires_CH-R16-Sebastian_Baez-Juan_Ignacio_Londero,1
20211021-M-Moscow-R16-Mackenzie_Mcdonald-Gilles_Simon,2
20211021-M-Vienna-R32-Alexei_Popyrin-Matteo_Berrettini,2
20211022-M-Antwerp-QF-Arthur_Rinderknech-Jannik_Sinner,2
20211022-M-Antwerp-QF-Brandon_Nakashima-Diego_Schwartzman,2
20211022-M-Antwerp-QF-Jenson_Brooksby-Alejandro_Davidovich_Fokina,1
20211022-M-Moscow-QF-Gilles_Simon-Aslan_Karatsev,2
20211022-M-Moscow-QF-Marin_Cilic-Pedro_Martinez,1
20211023-M-Buenos_Aires_CH-QF-Juan_Pablo_Varillas-Sebastian_Baez,2
20211024-M-Antwerp-F-Diego_Schwartzman-Jannik_Sinner,2
20211025-M-Vienna-R32-Carlos_Alcaraz-Daniel_Evans,1
20211025-M-Vienna-R32-Hubert_Hurkacz-Andy_Murray,2
20211027-M-Vienna-R32-Reilly_Opelka-Jannik_Sinner,2
20211028-M-St_Petersburg-R16-John_Millman-Aslan_Karatsev,1
20211028-M-Vienna-R16-Gael_Monfils-Diego_Schwartzman,2
20211029-M-St_Petersburg-QF-John_Millman-Taylor_Fritz,2
20211029-M-Vienna-QF-Casper_Ruud-Jannik_Sinner,2
20211030-M-Vienna-SF-Frances_Tiafoe-Jannik_Sinner,1
20211031-M-Ismaning_CH-F-Lukas_Lacko-Oscar_Otte,2
20211102-M-Paris_Masters-R32-Casper_Ruud-Alexander_Bublik,1
20211102-M-Paris_Masters-R64-Carlos_Alcaraz-Pierre_Hugues_Herbert,1
20211102-M-Paris_Masters-R64-Marin_Cilic-Alejandro_Davidovich_Fokina,1
20211102-M-Paris_Masters-R64-Reilly_Opelka-Filip_Krajinovic,1
20211102-M-Tenerife_CH-R32-Dalibor_Svrcina-Feliciano_Lopez,2
20211103-M-Paris_Masters-R32-Cameron_Norrie-Reilly_Opelka,1
20211103-M-Paris_Masters-R32-Carlos_Alcaraz-Jannik_Sinner,1
20211103-M-Paris_Masters-R32-Hubert_Hurkacz-Tommy_Paul,1
20211103-M-Paris_Masters-R32-Taylor_Fritz-Andrey_Rublev,1
20211104-M-Paris_Masters-R16-Carlos_Alcaraz-Hugo_Gaston,2
20211104-M-Paris_Masters-R16-Casper_Ruud-Marcos_Giron,1
20211104-M-Paris_Masters-R16-Hubert_Hurkacz-Dominik_Koepfer,1
20211105-M-Paris_Masters-QF-Casper_Ruud-Alexander_Zverev,2
20211105-M-Paris_Masters-QF-James_Duckworth-Hubert_Hurkacz,2
20211105-M-Paris_Masters-QF-Novak_Djokovic-Taylor_Fritz,1
20211106-M-Paris_Masters-SF-Alexander_Zverev-Daniil_Medvedev,2
20211106-M-Paris_Masters-SF-Hubert_Hurkacz-Novak_Djokovic,2
20211107-M-Eckental_CH-F-Maxime_Cressy-Daniel_Masur,2
20211107-M-Guayaquil_CH-F-Jesper_De_Jong-Alejandro_Tabilo,2
20211107-M-Paris_Masters-F-Novak_Djokovic-Daniil_Medvedev,1
20211107-M-Stockholm-R32-Tommy_Paul-Leo_Borg,1
20211107-M-Tenerife_CH-F-Feliciano_Lopez-Tallon_Griekspoor,2
20211108-M-Stockholm-R32-Andrea_Vavassori-Pavel_Kotov,1
20211109-M-NextGen_Finals-RR-Hugo_Gaston-Sebastian_Korda,2
20211109-M-Stockholm-R32-Andy_Murray-Viktor_Durasovic,1
20211114-M-Bratislava_CH-F-Tallon_Griekspoor-Zsombor_Piros,1
20211114-M-Tour_Finals-RR-Hubert_Hurkacz-Daniil_Medvedev,2
20211114-M-Tour_Finals-RR-Matteo_Berrettini-Alexander_Zverev,2
20211115-M-Tour_Finals-RR-Novak_Djokovic-Casper_Ruud,1
20211115-M-Tour_Finals-RR-Stefanos_Tsitsipas-Andrey_Rublev,2
20211116-M-Tour_Finals-RR-Hubert_Hurkacz-Jannik_Sinner,2
20211117-M-Tour_Finals-RR-Novak_Djokovic-Andrey_Rublev,1
20211118-M-Tour_Finals-RR-Hubert_Hurkacz-Alexander_Zverev,2
20211118-M-Tour_Finals-RR-Jannik_Sinner-Daniil_Medvedev,2
20211119-M-Tour_Finals-RR-Casper_Ruud-Andrey_Rublev,1
20211120-M-Campinas_CH-SF-Francisco_Cerundolo-Sebastian_Baez,2
20211120-M-Tour_Finals-SF-Casper_Ruud-Daniil_Medvedev,2
20211120-M-Tour_Finals-SF-Novak_Djokovic-Alexander_Zverev,2
20211121-M-Pau_CH-F-Jiri_Lehecka-Radu_Albot,2
20211121-M-Tour_Finals-F-Daniil_Medvedev-Alexander_Zverev,2
20211125-M-Davis_Cup_Finals-RR-Marin_Cilic-Alex_De_Minaur,1
20211126-M-Davis_Cup_Finals-RR-John_Isner-Jannik_Sinner,2
20211127-M-Davis_Cup_Finals-RR-Daniel_Elahi_Galan-Jannik_Sinner,2
20211128-M-Davis_Cup_Finals-RR-Fabian_Marozsan-Nino_Serdarusic,2
20211128-M-Davis_Cup_Finals-RR-Nicolas_Mejia-Frances_Tiafoe,2
20211201-M-Davis_Cup_Finals-QF-Mikhail_Kukushkin-Miomir_Kecmanovic,1
20211208-M-French_Club-RR-Benjamin_Bonzi-Lucas_Pouille,1
20211208-M-French_Club-RR-Hugo_Gaston-Botic_Van_De_Zandschulp,1
20211210-M-Maia_CH-QF-Kimmer_Coppejans-Nuno_Borges,2
20211219-M-Dutch_Championships-F-Gijs_Brouwer-Botic_Van_De_Zandschulp,2
20220101-M-ATP_Cup-RR-Aristotelis_Thanos-Hubert_Hurkacz,2
20220103-M-ATP_Cup-RR-Hubert_Hurkacz-Aleksandre_Metreveli,1
20220103-M-ATP_Cup-RR-Stefanos_Tsitsipas-Diego_Schwartzman,2
20220104-M-Nonthaburi_CH-R16-Tung_Lin_Wu-Yasutaka_Uchiyama,1
20220105-M-ATP_Cup-RR-Hubert_Hurkacz-Diego_Schwartzman,1
20220105-M-Melbourne-R16-Rafael_Nadal-Ricardas_Berankis,1
20220106-M-ATP_Cup-RR-Daniil_Medvedev-Matteo_Berrettini,1
20220106-M-ATP_Cup-RR-Roman_Safiullin-Jannik_Sinner,2
20220106-M-Melbourne-R16-Maxime_Cressy-Reilly_Opelka,1
20220107-M-ATP_Cup-SF-Hubert_Hurkacz-Roberto_Bautista_Agut,2
20220107-M-Melbourne-QF-Emil_Ruusuvuori-Alex_Molcan,1
20220107-M-Melbourne-QF-Grigor_Dimitrov-Botic_Van_De_Zandschulp,1
20220108-M-Melbourne-SF-Maxime_Cressy-Grigor_Dimitrov,1
20220109-M-Melbourne-F-Maxime_Cressy-Rafael_Nadal,2
20220110-M-Australian_Open-Q1-Robin_Haase-Andrej_Martin,1
20220111-M-Australian_Open-Q1-J_J_Wolf-Sergiy_Stakhovsky,1
20220111-M-Sydney-R16-Brandon_Nakashima-Fabio_Fognini,1
20220113-M-Adelaide-QF-Aleksandar_Vukic-Thanasi_Kokkinakis,2
20220113-M-Sydney-QF-Maxime_Cressy-Daniel_Evans,2
20220114-M-Adelaide-SF-Marin_Cilic-Thanasi_Kokkinakis,2
20220115-M-Adelaide-F-Arthur_Rinderknech-Thanasi_Kokkinakis,2
20220115-M-Sydney-F-Andy_Murray-Aslan_Karatsev,2
20220117-M-Australian_Open-R128-Aslan_Karatsev-Jaume_Munar,1
20220117-M-Australian_Open-R128-Federico_Delbonis-Pedro_Martinez,2
20220117-M-Australian_Open-R128-Hubert_Hurkacz-Egor_Gerasimov,1
20220117-M-Australian_Open-R128-John_Millman-Feliciano_Lopez,1
20220117-M-Australian_Open-R128-Tallon_Griekspoor-Fabio_Fognini,1
20220118-M-Australian_Open-R128-Alex_Molcan-Roman_Safiullin,1
20220118-M-Australian_Open-R128-Daniel_Evans-David_Goffin,1
20220118-M-Australian_Open-R128-Daniil_Medvedev-Henri_Laaksonen,1
20220118-M-Australian_Open-R128-Lorenzo_Musetti-Alex_De_Minaur,2
20220119-M-Australian_Open-R64-Gael_Monfils-Alexander_Bublik,1
20220119-M-Australian_Open-R64-Hubert_Hurkacz-Adrian_Mannarino,2
20220119-M-Australian_Open-R64-Pablo_Carreno_Busta-Tallon_Griekspoor,1
20220120-M-Australian_Open-R128-Christopher_Oconnell-Diego_Schwartzman,1
20220120-M-Australian_Open-R64-Nick_Kyrgios-Daniil_Medvedev,2
20220120-M-Australian_Open-R64-Steve_Johnson-Jannik_Sinner,2
20220120-M-Australian_Open-R64-Taylor_Fritz-Frances_Tiafoe,1
20220121-M-Australian_Open-R32-Aslan_Karatsev-Adrian_Mannarino,2
20220121-M-Australian_Open-R32-Carlos_Alcaraz-Matteo_Berrettini,2
20220121-M-Australian_Open-R32-Lorenzo_Sonego-Miomir_Kecmanovic,2
20220122-M-Australian_Open-R16-Rafael_Nadal-Adrian_Mannarino,1
20220122-M-Australian_Open-R32-Botic_Van_De_Zandschulp-Daniil_Medvedev,2
20220122-M-Australian_Open-R32-Marin_Cilic-Andrey_Rublev,1
20220123-M-Australian_Open-R16-Gael_Monfils-Miomir_Kecmanovic,1
20220123-M-Australian_Open-R16-Pablo_Carreno_Busta-Matteo_Berrettini,2
20220123-M-Australian_Open-R16-Stefanos_Tsitsipas-Taylor_Fritz,1
20220124-M-Australian_Open-R16-Maxime_Cressy-Daniil_Medvedev,2
20220125-M-Australian_Open-QF-Gael_Monfils-Matteo_Berrettini,2
20220125-M-Australian_Open-QF-Rafael_Nadal-Denis_Shapovalov,1
20220126-M-Australian_Open-QF-Daniil_Medvedev-Felix_Auger_Aliassime,1
20220126-M-Australian_Open-QF-Stefanos_Tsitsipas-Jannik_Sinner,1
20220128-M-Australian_Open-SF-Rafael_Nadal-Matteo_Berrettini,1
20220128-M-Australian_Open-SF-Stefanos_Tsitsipas-Daniil_Medvedev,2
20220129-M-Australian_Open_Juniors-F-Bruno_Kuzuhara-Jakub_Mensik,1
20220130-M-Australian_Open-F-Rafael_Nadal-Daniil_Medvedev,1
20220203-M-Montpellier-R16-David_Goffin-Adrian_Mannarino,2
20220203-M-Montpellier-R16-Soon_Woo_Kwon-Richard_Gasquet,2
20220204-M-Cordoba-QF-Alejandro_Tabilo-Sebastian_Baez,1
20220204-M-Montpellier-QF-Roberto_Bautista_Agut-Alexander_Bublik,2
20220207-M-Rotterdam-R32-Hubert_Hurkacz-Jo_Wilfried_Tsonga,1
20220208-M-Buenos_Aires-R32-Federico_Delbonis-Juan_Martin_Del_Potro,1
20220208-M-Rotterdam-R32-Aslan_Karatsev-Tallon_Griekspoor,2
20220208-M-Rotterdam-R32-Denis_Shapovalov-Jiri_Lehecka,2
20220209-M-Buenos_Aires-R16-Casper_Ruud-Roberto_Carballes_Baena,1
20220209-M-Buenos_Aires-R16-Sebastian_Baez-Lorenzo_Sonego,2
20220209-M-Rotterdam-R16-Hubert_Hurkacz-Lorenzo_Musetti,2
20220211-M-Rotterdam-QF-Marton_Fucsovics-Andrey_Rublev,2
20220212-M-Dallas-QF-Reilly_Opelka-Adrian_Mannarino,1
20220212-M-Dallas-SF-Jenson_Brooksby-Marcos_Giron,1
20220212-M-Dallas-SF-John_Isner-Reilly_Opelka,2
20220212-M-Rotterdam-SF-Felix_Auger_Aliassime-Andrey_Rublev,1
20220213-M-Dallas-F-Reilly_Opelka-Jenson_Brooksby,1
20220213-M-Rotterdam-F-Stefanos_Tsitsipas-Felix_Auger_Aliassime,2
20220214-M-Rio_de_Janeiro-R32-Carlos_Alcaraz-Jaume_Munar,1
20220217-M-Doha-QF-Denis_Shapovalov-Arthur_Rinderknech,2
20220217-M-Rio_de_Janeiro-R16-Federico_Delbonis-Carlos_Alcaraz,2
20220219-M-Rio_de_Janeiro-QF-Carlos_Alcaraz-Matteo_Berrettini,1
20220219-M-Rio_de_Janeiro-SF-Fabio_Fognini-Carlos_Alcaraz,2
20220220-M-Forli_CH-F-Jack_Draper-Tim_Van_Rijthoven,1
20220220-M-Rio_de_Janeiro-F-Diego_Schwartzman-Carlos_Alcaraz,2
20220221-M-Acapulco-R32-Grigor_Dimitrov-Stefan_Kozlov,2
20220222-M-Acapulco-R32-Jenson_Brooksby-Alexander_Zverev,2
20220222-M-Dubai-R32-Hubert_Hurkacz-Alexander_Bublik,1
20220223-M-Acapulco-R32-Benoit_Paire-Daniil_Medvedev,2
20220223-M-Dubai-R16-Alex_Molcan-Hubert_Hurkacz,2
20220223-M-Santiago-R16-Sebastian_Baez-Juan_Ignacio_Londero,1
20220224-M-Acapulco-QF-Daniil_Medvedev-Yoshihito_Nishioka,1
20220224-M-Acapulco-R16-Daniil_Medvedev-Pablo_Andujar,1
20220224-M-Dubai-QF-Hubert_Hurkacz-Jannik_Sinner,1
20220224-M-ITF_Santo_Domingo-R16-Peter_Bertran-Nick_Hardt,2
20220225-M-Acapulco-QF-Peter_Gojowczyk-Cameron_Norrie,2
20220225-M-Acapulco-SF-Rafael_Nadal-Daniil_Medvedev,1
20220225-M-Dubai-SF-Hubert_Hurkacz-Andrey_Rublev,2
20220225-M-Santiago-QF-Thiago_Monteiro-Sebastian_Baez,2
20220226-M-Acapulco-SF-Stefanos_Tsitsipas-Cameron_Norrie,2
20220226-M-Dubai-F-Andrey_Rublev-Jiri_Vesely,1
20220227-M-Santiago-F-Pedro_Martinez-Sebastian_Baez,1
20220228-M-Acapulco-R32-Taylor_Fritz-Adrian_Mannarino,1
20220304-M-Davis_Cup_Qualifiers-RR-Alexis_Galarneau-Botic_Van_De_Zandschulp,2
20220304-M-Davis_Cup_Qualifiers-RR-Tallon_Griekspoor-Steven_Diez,1
20220305-M-Davis_Cup_Qualifiers-RR-Robin_Haase-Steven_Diez,1
20220310-M-Indian_Wells_Masters-R128-Sebastian_Baez-Nick_Kyrgios,2
20220311-M-Indian_Wells_Masters-R128-Brandon_Nakashima-Adrian_Mannarino,1
20220312-M-Indian_Wells_Masters-R64-Federico_Coria-Daniel_Evans,2
20220312-M-Indian_Wells_Masters-R64-Gael_Monfils-Filip_Krajinovic,1
20220312-M-Indian_Wells_Masters-R64-Reilly_Opelka-Lorenzo_Musetti,1
20220312-M-Indian_Wells_Masters-R64-Sebastian_Korda-Rafael_Nadal,2
20220313-M-Indian_Wells_Masters-R64-Federico_Delbonis-Nick_Kyrgios,2
20220313-M-Indian_Wells_Masters-R64-Felix_Auger_Aliassime-Botic_Van_De_Zandschulp,2
20220313-M-Indian_Wells_Masters-R64-Hubert_Hurkacz-Oscar_Otte,1
20220313-M-Indian_Wells_Masters-R64-Sam_Querrey-John_Isner,2
20220314-M-Indian_Wells_Masters-R32-Gael_Monfils-Daniil_Medvedev,1
20220314-M-Indian_Wells_Masters-R32-Rafael_Nadal-Daniel_Evans,1
20220314-M-Indian_Wells_Masters-R32-Roberto_Bautista_Agut-Carlos_Alcaraz,2
20220315-M-Indian_Wells_Masters-R16-Lloyd_Harris-Matteo_Berrettini,2
20220315-M-Indian_Wells_Masters-R32-Casper_Ruud-Nick_Kyrgios,2
20220315-M-Indian_Wells_Masters-R32-John_Isner-Diego_Schwartzman,1
20220315-M-Indian_Wells_Masters-R32-Steve_Johnson-Hubert_Hurkacz,2
20220316-M-Indian_Wells_Masters-R16-Grigor_Dimitrov-John_Isner,1
20220316-M-Indian_Wells_Masters-R16-Hubert_Hurkacz-Andrey_Rublev,2
20220316-M-Indian_Wells_Masters-R32-Andrey_Rublev-Frances_Tiafoe,1
20220316-M-Indian_Wells_Masters-R32-Grigor_Dimitrov-Alexander_Bublik,1
20220317-M-Indian_Wells_Masters-QF-Rafael_Nadal-Nick_Kyrgios,1
20220317-M-Indian_Wells_Masters-R16-Gael_Monfils-Carlos_Alcaraz,2
20220318-M-Indian_Wells_Masters-QF-Grigor_Dimitrov-Andrey_Rublev,2
20220319-M-Indian_Wells_Masters-SF-Rafael_Nadal-Carlos_Alcaraz,1
20220319-M-Indian_Wells_Masters-SF-Taylor_Fritz-Andrey_Rublev,1
20220320-M-Indian_Wells_Masters-F-Rafael_Nadal-Taylor_Fritz,2
20220323-M-Miami_Masters-R128-Tallon_Griekspoor-Francisco_Cerundolo,2
20220324-M-Miami_Masters-R128-Adrian_Mannarino-Nick_Kyrgios,2
20220324-M-Miami_Masters-R128-Botic_Van_De_Zandschulp-Mikhail_Kukushkin,2
20220325-M-Miami_Masters-R128-Jack_Sock-Miomir_Kecmanovic,2
20220325-M-Miami_Masters-R64-Brandon_Nakashima-Frances_Tiafoe,2
20220325-M-Miami_Masters-R64-Emil_Ruusuvuori-Jannik_Sinner,2
20220325-M-Miami_Masters-R64-Juan_Manuel_Cerundolo-Kevin_Anderson,1
20220325-M-Miami_Masters-R64-Nick_Kyrgios-Andrey_Rublev,1
20220326-M-Miami_Masters-R64-Andy_Murray-Daniil_Medvedev,2
20220326-M-Miami_Masters-R64-Felix_Auger_Aliassime-Miomir_Kecmanovic,2
20220326-M-Miami_Masters-R64-Hubert_Hurkacz-Arthur_Rinderknech,1
20220327-M-Miami_Masters-R32-Casper_Ruud-Alexander_Bublik,1
20220327-M-Miami_Masters-R32-Fabio_Fognini-Nick_Kyrgios,2
20220327-M-Miami_Masters-R32-Pablo_Carreno_Busta-Jannik_Sinner,2
20220327-M-Zadar_CH-F-Daniel_Michalski-Flavio_Cobolli,2
20220328-M-Miami_Masters-R32-Hubert_Hurkacz-Aslan_Karatsev,1
20220328-M-Miami_Masters-R32-Roberto_Bautista_Agut-Jenson_Brooksby,2
20220328-M-Miami_Masters-R32-Taylor_Fritz-Tommy_Paul,1
20220329-M-Miami_Masters-R16-Daniil_Medvedev-Jenson_Brooksby,1
20220329-M-Miami_Masters-R16-Hubert_Hurkacz-Lloyd_Harris,1
20220329-M-Miami_Masters-R16-Jannik_Sinner-Nick_Kyrgios,1
20220329-M-Miami_Masters-R16-Stefanos_Tsitsipas-Carlos_Alcaraz,2
20220330-M-Miami_Masters-QF-Casper_Ruud-Alexander_Zverev,1
20220330-M-Miami_Masters-QF-Francisco_Cerundolo-Jannik_Sinner,1
20220331-M-Miami_Masters-QF-Hubert_Hurkacz-Daniil_Medvedev,1
20220331-M-Miami_Masters-QF-Miomir_Kecmanovic-Carlos_Alcaraz,2
20220401-M-Miami_Masters-SF-Hubert_Hurkacz-Carlos_Alcaraz,2
20220403-M-Lugano_CH-F-Luca_Nardi-Leandro_Riedi,1
20220403-M-Miami_Masters-F-Casper_Ruud-Carlos_Alcaraz,2
20220406-M-Houston-R16-J_J_Wolf-Gijs_Brouwer,2
20220406-M-Houston-R16-Tommy_Paul-Nick_Kyrgios,2
20220408-M-Houston-QF-Reilly_Opelka-Gijs_Brouwer,1
20220409-M-Houston-SF-Reilly_Opelka-Nick_Kyrgios,1
20220410-M-Houston-F-Reilly_Opelka-John_Isner,1
20220411-M-Monte_Carlo_Masters-R64-Borna_Coric-Jannik_Sinner,2
20220411-M-Monte_Carlo_Masters-R64-Hugo_Dellien-Hubert_Hurkacz,2
20220411-M-Monte_Carlo_Masters-R64-Jo_Wilfried_Tsonga-Marin_Cilic,2
20220412-M-Monte_Carlo_Masters-R32-Novak_Djokovic-Alejandro_Davidovich_Fokina,2
20220412-M-Monte_Carlo_Masters-R64-Benoit_Paire-Lorenzo_Musetti,2
20220412-M-Monte_Carlo_Masters-R64-Maxime_Cressy-Laslo_Djere,2
20220413-M-Monte_Carlo_Masters-R32-Andrey_Rublev-Alex_De_Minaur,1
20220413-M-Monte_Carlo_Masters-R32-Cameron_Norrie-Albert_Ramos,2
20220413-M-Monte_Carlo_Masters-R32-Emil_Ruusuvuori-Jannik_Sinner,2
20220413-M-Monte_Carlo_Masters-R32-Felix_Auger_Aliassime-Lorenzo_Musetti,2
20220413-M-Monte_Carlo_Masters-R32-Hubert_Hurkacz-Pedro_Martinez,1
20220413-M-Monte_Carlo_Masters-R32-Sebastian_Korda-Carlos_Alcaraz,1
20220414-M-Barletta_CH-R16-Oleksandr_Ovcharenko-Nuno_Borges,2
20220414-M-Monte_Carlo_Masters-R16-Casper_Ruud-Grigor_Dimitrov,2
20220414-M-Monte_Carlo_Masters-R16-Hubert_Hurkacz-Albert_Ramos,1
20220414-M-Monte_Carlo_Masters-R16-Jannik_Sinner-Andrey_Rublev,1
20220414-M-Monte_Carlo_Masters-R16-Taylor_Fritz-Sebastian_Korda,1
20220415-M-Barletta_CH-QF-Nuno_Borges-Luciano_Darderi,1
20220415-M-Monte_Carlo_Masters-QF-Alexander_Zverev-Jannik_Sinner,1
20220415-M-Monte_Carlo_Masters-QF-Hubert_Hurkacz-Grigor_Dimitrov,2
20220415-M-Monte_Carlo_Masters-QF-Stefanos_Tsitsipas-Diego_Schwartzman,1
20220416-M-Barletta_CH-SF-Zdenek_Kolar-Nuno_Borges,2
20220416-M-Monte_Carlo_Masters-SF-Grigor_Dimitrov-Alejandro_Davidovich_Fokina,2
20220416-M-Monte_Carlo_Masters-SF-Stefanos_Tsitsipas-Alexander_Zverev,1
20220417-M-Barletta_CH-F-Nuno_Borges-Miljan_Zekic,1
20220417-M-Monte_Carlo_Masters-F-Stefanos_Tsitsipas-Alejandro_Davidovich_Fokina,1
20220418-M-Barcelona-R64-Bernabe_Zapata_Miralles-Tommy_Robredo,1
20220418-M-Barcelona-R64-Lorenzo_Musetti-Sebastian_Baez,1
20220418-M-Belgrade-R32-Holger_Rune-Cristian_Garin,1
20220418-M-Belgrade-R32-Richard_Gasquet-Miomir_Kecmanovic,2
20220419-M-Barcelona-R32-Casper_Ruud-Brandon_Nakashima,1
20220419-M-Barcelona-R32-Egor_Gerasimov-Cameron_Norrie,2
20220419-M-Barcelona-R64-Emil_Ruusuvuori-Feliciano_Lopez,1
20220422-M-Barcelona-QF-Stefanos_Tsitsipas-Carlos_Alcaraz,2
20220422-M-Belgrade-QF-Taro_Daniel-Andrey_Rublev,2
20220423-M-Belgrade-SF-Fabio_Fognini-Andrey_Rublev,2
20220424-M-Barcelona-F-Pablo_Carreno_Busta-Carlos_Alcaraz,2
20220424-M-Barcelona-SF-Alex_De_Minaur-Carlos_Alcaraz,2
20220424-M-Belgrade-F-Novak_Djokovic-Andrey_Rublev,2
20220425-M-Munich-R32-Max_Hans_Rehberg-Miomir_Kecmanovic,2
20220428-M-Munich-R16-Egor_Gerasimov-Botic_Van_De_Zandschulp,2
20220429-M-Munich-QF-Casper_Ruud-Botic_Van_De_Zandschulp,2
20220430-M-Munich-SF-Miomir_Kecmanovic-Botic_Van_De_Zandschulp,2
20220501-M-Madrid_Masters-R64-John_Isner-Filip_Krajinovic,1
20220501-M-Munich-F-Botic_Van_De_Zandschulp-Holger_Rune,2
20220502-M-Madrid_Masters-R64-Andy_Murray-Dominic_Thiem,1
20220502-M-Madrid_Masters-R64-Gael_Monfils-Carlos_Gimeno_Valero,1
20220502-M-Madrid_Masters-R64-Jannik_Sinner-Tommy_Paul,1
20220502-M-Madrid_Masters-R64-Maxime_Cressy-Grigor_Dimitrov,2
20220503-M-Madrid_Masters-R32-Andy_Murray-Denis_Shapovalov,1
20220503-M-Madrid_Masters-R32-Novak_Djokovic-Gael_Monfils,1
20220503-M-Madrid_Masters-R64-Alexander_Bublik-Miomir_Kecmanovic,2
20220503-M-Madrid_Masters-R64-Frances_Tiafoe-Cristian_Garin,2
20220503-M-Madrid_Masters-R64-Hubert_Hurkacz-Hugo_Dellien,1
20220504-M-Madrid_Masters-R32-Diego_Schwartzman-Grigor_Dimitrov,2
20220504-M-Madrid_Masters-R32-Hubert_Hurkacz-Alejandro_Davidovich_Fokina,1
20220504-M-Madrid_Masters-R32-Jannik_Sinner-Alex_De_Minaur,1
20220504-M-Madrid_Masters-R32-Stefanos_Tsitsipas-Lucas_Pouille,1
20220505-M-Madrid_Masters-R16-Felix_Auger_Aliassime-Jannik_Sinner,1
20220505-M-Madrid_Masters-R16-Hubert_Hurkacz-Dusan_Lajovic,1
20220505-M-Madrid_Masters-R16-Rafael_Nadal-David_Goffin,1
20220505-M-Madrid_Masters-R16-Stefanos_Tsitsipas-Grigor_Dimitrov,1
20220506-M-Madrid_Masters-QF-Felix_Auger_Aliassime-Alexander_Zverev,2
20220506-M-Madrid_Masters-QF-Novak_Djokovic-Hubert_Hurkacz,1
20220506-M-Madrid_Masters-QF-Rafael_Nadal-Carlos_Alcaraz,2
20220507-M-Madrid_Masters-SF-Stefanos_Tsitsipas-Alexander_Zverev,2
20220508-M-Madrid_Masters-F-Carlos_Alcaraz-Alexander_Zverev,1
20220508-M-Rome_Masters-R64-Francesco_Passaro-Cristian_Garin,2
20220508-M-Rome_Masters-R64-Marin_Cilic-Matteo_Arnaldi,1
20220509-M-Rome_Masters-R64-Dominic_Thiem-Fabio_Fognini,2
20220509-M-Rome_Masters-R64-Reilly_Opelka-Stan_Wawrinka,2
20220510-M-Rome_Masters-R32-Andrey_Rublev-Filip_Krajinovic,2
20220510-M-Rome_Masters-R32-Casper_Ruud-Botic_Van_De_Zandschulp,1
20220510-M-Rome_Masters-R32-Felix_Auger_Aliassime-Alejandro_Davidovich_Fokina,1
20220510-M-Rome_Masters-R64-Brandon_Nakashima-Grigor_Dimitrov,2
20220510-M-Rome_Masters-R64-Hubert_Hurkacz-David_Goffin,2
20220510-M-Rome_Masters-R64-Jannik_Sinner-Pedro_Martinez,1
20220510-M-Rome_Masters-R64-Sebastian_Baez-Tallon_Griekspoor,1
20220511-M-Rome_Masters-R32-Novak_Djokovic-Aslan_Karatsev,1
20220511-M-Rome_Masters-R32-Sebastian_Baez-Alexander_Zverev,2
20220511-M-Rome_Masters-R32-Stefanos_Tsitsipas-Grigor_Dimitrov,1
20220512-M-Rome_Masters-R16-Casper_Ruud-Jenson_Brooksby,1
20220512-M-Rome_Masters-R16-Stan_Wawrinka-Novak_Djokovic,2
20220513-M-Rome_Masters-QF-Casper_Ruud-Denis_Shapovalov,1
20220513-M-Rome_Masters-QF-Novak_Djokovic-Felix_Auger_Aliassime,1
20220513-M-Rome_Masters-QF-Stefanos_Tsitsipas-Jannik_Sinner,1
20220514-M-Rome_Masters-SF-Casper_Ruud-Novak_Djokovic,2
20220514-M-Rome_Masters-SF-Stefanos_Tsitsipas-Alexander_Zverev,1
20220514-M-Zagreb_CH-F-Filip_Misolic-Mili_Poljicak,1
20220515-M-Rome_Masters-F-Stefanos_Tsitsipas-Novak_Djokovic,2
20220516-M-Roland_Garros-Q1-Sascha_Gueymard_Wayenburg-Flavio_Cobolli,2
20220517-M-Roland_Garros-Q1-Christopher_Eubanks-Paul_Jubb,2
20220518-M-Geneva-R16-Casper_Ruud-Benoit_Paire,1
20220518-M-Roland_Garros-Q2-Radu_Albot-Jason_Kubler,2
20220519-M-Lyon-R16-Alex_Molcan-Karen_Khachanov,1
20220521-M-Shymkent_CH-F-Robin_Haase-Sergey_Fomin,2
20220522-M-Geneva-SF-Casper_Ruud-Reilly_Opelka,1
20220522-M-Roland_Garros-R128-Aslan_Karatsev-Camilo_Ugo_Carabelli,2
20220522-M-Roland_Garros-R128-Botic_Van_De_Zandschulp-Pavel_Kotov,1
20220524-M-Roland_Garros-R128-Casper_Ruud-Jo_Wilfried_Tsonga,1
20220524-M-Roland_Garros-R128-Giulio_Zeppieri-Hubert_Hurkacz,2
20220524-M-Roland_Garros-R128-Jannik_Sinner-Bjorn_Fratangelo,1
20220524-M-Roland_Garros-R128-Marco_Cecchinato-Pablo_Andujar,1
20220524-M-Roland_Garros-R128-Pablo_Carreno_Busta-Gilles_Simon,2
20220524-M-Roland_Garros-R128-Stefanos_Tsitsipas-Lorenzo_Musetti,1
20220525-M-Roland_Garros-R64-Alexander_Zverev-Sebastian_Baez,1
20220526-M-Roland_Garros-R64-Daniil_Medvedev-Laslo_Djere,1
20220526-M-Roland_Garros-R64-Gilles_Simon-Steve_Johnson,1
20220526-M-Roland_Garros-R64-Hubert_Hurkacz-Marco_Cecchinato,1
20220526-M-Roland_Garros-R64-Stefanos_Tsitsipas-Zdenek_Kolar,1
20220527-M-Roland_Garros-R32-Rafael_Nadal-Botic_Van_De_Zandschulp,1
20220528-M-Roland_Garros-R16-Jannik_Sinner-Mackenzie_Mcdonald,1
20220528-M-Roland_Garros-R32-Hubert_Hurkacz-David_Goffin,1
20220528-M-Roland_Garros-R32-Marin_Cilic-Gilles_Simon,1
20220528-M-Roland_Garros-R32-Miomir_Kecmanovic-Daniil_Medvedev,2
20220530-M-Roland_Garros-R16-Casper_Ruud-Hubert_Hurkacz,1
20220530-M-Roland_Garros-R16-Jannik_Sinner-Andrey_Rublev,2
20220530-M-Roland_Garros-R16-Marin_Cilic-Daniil_Medvedev,1
20220531-M-Roland_Garros-QF-Carlos_Alcaraz-Alexander_Zverev,2
20220531-M-Roland_Garros-QF-Novak_Djokovic-Rafael_Nadal,2
20220603-M-Roland_Garros-R64-Carlos_Alcaraz-Albert_Ramos,1
20220603-M-Roland_Garros-SF-Casper_Ruud-Marin_Cilic,1
20220605-M-Roland_Garros-F-Rafael_Nadal-Casper_Ruud,1
20220609-M-Stuttgart-R16-Andy_Murray-Alexander_Bublik,1
20220609-M-Stuttgart-R16-Nick_Kyrgios-Nikoloz_Basilashvili,1
20220609-M-s_Hertogenbosch-R16-Gilles_Simon-Daniil_Medvedev,2
20220609-M-s_Hertogenbosch-R16-Taylor_Fritz-Tim_Van_Rijthoven,2
20220610-M-Stuttgart-QF-Stefanos_Tsitsipas-Andy_Murray,2
20220610-M-s_Hertogenbosch-QF-Tim_Van_Rijthoven-Hugo_Gaston,1
20220611-M-Stuttgart-SF-Andy_Murray-Nick_Kyrgios,1
20220611-M-s_Hertogenbosch-SF-Tim_Van_Rijthoven-Felix_Auger_Aliassime,1
20220612-M-Stuttgart-F-Andy_Murray-Matteo_Berrettini,2
20220612-M-s_Hertogenbosch-F-Tim_Van_Rijthoven-Daniil_Medvedev,1
20220613-M-Halle-R32-Nikoloz_Basilashvili-Andrey_Rublev,1
20220613-M-Queens_Club-R32-Reilly_Opelka-Alex_De_Minaur,2
20220614-M-Halle-R32-Daniel_Altmaier-Nick_Kyrgios,2
20220614-M-Halle-R32-Maxime_Cressy-Hubert_Hurkacz,2
20220614-M-Queens_Club-R32-Matteo_Berrettini-Daniel_Evans,1
20220614-M-Queens_Club-R32-Sam_Querrey-Diego_Schwartzman,1
20220615-M-Halle-R16-Stefanos_Tsitsipas-Nick_Kyrgios,2
20220615-M-Halle-R16-Ugo_Humbert-Hubert_Hurkacz,2
20220615-M-Halle-R32-Daniil_Medvedev-David_Goffin,1
20220616-M-Queens_Club-R16-Tommy_Paul-Stan_Wawrinka,1
20220617-M-Halle-QF-Hubert_Hurkacz-Felix_Auger_Aliassime,1
20220617-M-Halle-QF-Pablo_Carreno_Busta-Nick_Kyrgios,2
20220617-M-Halle-QF-Roberto_Bautista_Agut-Daniil_Medvedev,2
20220617-M-Queens_Club-QF-Alejandro_Davidovich_Fokina-Botic_Van_De_Zandschulp,2
20220617-M-Queens_Club-QF-Tommy_Paul-Matteo_Berrettini,2
20220618-M-Halle-SF-Hubert_Hurkacz-Nick_Kyrgios,1
20220618-M-Queens_Club-SF-Marin_Cilic-Filip_Krajinovic,2
20220619-M-Corrientes_CH-F-Francisco_Comesana-Mariano_Navone,1
20220619-M-Queens_Club-F-Filip_Krajinovic-Matteo_Berrettini,2
20220621-M-Buenos_Aires_CH-R32-Malek_Jaziri-Roman_Andres_Burruchaga,1
20220622-M-Buenos_Aires_CH-R16-Conner_Huertas_Del_Pino-Arklon_Huertas_Del_Pino,2
20220622-M-Eastbourne-R16-Maxime_Cressy-Daniel_Evans,1
20220622-M-Eastbourne-R16-Tommy_Paul-Jannik_Sinner,1
20220623-M-Eastbourne-QF-Maxime_Cressy-Cameron_Norrie,1
20220623-M-Eastbourne-QF-Taylor_Fritz-Alexander_Bublik,1
20220623-M-Eastbourne-QF-Tommy_Paul-Alex_De_Minaur,2
20220624-M-Eastbourne-SF-Maxime_Cressy-Jack_Draper,1
20220624-M-Eastbourne-SF-Taylor_Fritz-Alex_De_Minaur,1
20220627-M-Wimbledon-R128-Adrian_Mannarino-Max_Purcell,1
20220627-M-Wimbledon-R128-Alejandro_Tabilo-Laslo_Djere,1
20220627-M-Wimbledon-R128-Federico_Delbonis-Tim_Van_Rijthoven,2
20220627-M-Wimbledon-R128-Hubert_Hurkacz-Alejandro_Davidovich_Fokina,2
20220627-M-Wimbledon-R128-Jannik_Sinner-Stan_Wawrinka,1
20220628-M-Wimbledon-R128-Feliciano_Lopez-Botic_Van_De_Zandschulp,2
20220628-M-Wimbledon-R128-Maxime_Cressy-Felix_Auger_Aliassime,1
20220628-M-Wimbledon-R128-Paul_Jubb-Nick_Kyrgios,2
20220629-M-Wimbledon-R64-Jannik_Sinner-Mikael_Ymer,1
20220629-M-Wimbledon-R64-Jiri_Vesely-Alejandro_Davidovich_Fokina,1
20220629-M-Wimbledon-R64-Reilly_Opelka-Tim_Van_Rijthoven,2
20220630-M-Wimbledon-R64-Andy_Murray-John_Isner,2
20220630-M-Wimbledon-R64-Nick_Kyrgios-Filip_Krajinovic,1
20220701-M-Wimbledon-R32-John_Isner-Jannik_Sinner,2
20220702-M-Wimbledon-R32-Stefanos_Tsitsipas-Nick_Kyrgios,2
20220703-M-Wimbledon-R16-Frances_Tiafoe-David_Goffin,2
20220703-M-Wimbledon-R16-Jannik_Sinner-Carlos_Alcaraz,1
20220703-M-Wimbledon-R16-Novak_Djokovic-Tim_Van_Rijthoven,1
20220704-M-Wimbledon-R16-Brandon_Nakashima-Nick_Kyrgios,2
20220704-M-Wimbledon-R16-Cristian_Garin-Alex_De_Minaur,1
20220704-M-Wimbledon-R16-Rafael_Nadal-Botic_Van_De_Zandschulp,1
20220705-M-Wimbledon-QF-Novak_Djokovic-Jannik_Sinner,1
20220706-M-Stuttgart-R32-Jiri_Lehecka-Nick_Kyrgios,2
20220706-M-Wimbledon-QF-Nick_Kyrgios-Cristian_Garin,1
20220710-M-Wimbledon-F-Novak_Djokovic-Nick_Kyrgios,1
20220710-M-Wimbledon_Juniors-F-Michael_Zheng-Mili_Poljicak,2
20220711-M-Amersfoort_CH-R32-Max_Houkes-Timofey_Skatov,1
20220711-M-Rome_GA_CH-R32-Alexis_Galarneau-Billy_Harris,1
20220712-M-Bastad-R32-Emil_Ruusuvuori-Dominic_Thiem,2
20220712-M-Newport-R32-Andy_Murray-Sam_Querrey,1
20220713-M-Newport-R16-Andy_Murray-Max_Purcell,1
20220714-M-Bastad-R16-Roberto_Bautista_Agut-Dominic_Thiem,2
20220715-M-Bastad-QF-Sebastian_Baez-Dominic_Thiem,1
20220715-M-Newport-QF-Andy_Murray-Alexander_Bublik,2
20220715-M-Newport-QF-Maxime_Cressy-Steve_Johnson,1
20220716-M-Bastad-SF-Sebastian_Baez-Andrey_Rublev,1
20220716-M-Newport-SF-Maxime_Cressy-John_Isner,1
20220716-M-Verona_CH-F-Pedro_Cachin-Francesco_Maestrelli,2
20220717-M-Amersfoort_CH-F-Tallon_Griekspoor-Roberto_Carballes_Baena,1
20220718-M-Hamburg-R32-Lorenzo_Musetti-Dusan_Lajovic,1
20220719-M-Gstaad-R32-Hugo_Gaston-Dominic_Thiem,2
20220719-M-Hamburg-R32-Aslan_Karatsev-Nikoloz_Basilashvili,1
20220719-M-Hamburg-R32-Emil_Ruusuvuori-Diego_Schwartzman,1
20220719-M-Hamburg-R32-Nicola_Kuhn-Carlos_Alcaraz,2
20220720-M-Hamburg-R16-Emil_Ruusuvuori-Lorenzo_Musetti,2
20220721-M-Gstaad-R16-Casper_Ruud-Jiri_Lehecka,1
20220721-M-Gstaad-R16-Dominic_Thiem-Federico_Delbonis,1
20220721-M-Hamburg-R16-Andrey_Rublev-Francisco_Cerundolo,2
20220722-M-Gstaad-QF-Casper_Ruud-Jaume_Munar,1
20220722-M-Gstaad-QF-Juan_Pablo_Varillas-Dominic_Thiem,2
20220723-M-Gstaad-SF-Casper_Ruud-Albert_Ramos,1
20220723-M-Gstaad-SF-Matteo_Berrettini-Dominic_Thiem,1
20220724-M-Hamburg-F-Carlos_Alcaraz-Lorenzo_Musetti,2
20220724-M-Indianapolis_CH-F-Yibing_Wu-Aleksandar_Kovacevic,1
20220725-M-Gstaad-F-Casper_Ruud-Matteo_Berrettini,1
20220725-M-Kitzbuhel-R32-Daniel_Dutra_Da_Silva-Filip_Misolic,2
20220725-M-Kitzbuhel-R32-Jurij_Rodionov-Hernan_Casanova,1
20220728-M-Kitzbuhel-R16-Sebastian_Ofner-Dominic_Thiem,2
20220729-M-Umag-QF-Roberto_Carballes_Baena-Jannik_Sinner,2
20220731-M-San_Benedetto_del_Tronto_CH-F-Andrea_Vavassori-Raul_Brancaccio,2
20220731-M-Umag-F-Jannik_Sinner-Carlos_Alcaraz,1
20220802-M-Washington-R32-Jack_Draper-Andrey_Rublev,2
20220802-M-Washington-R64-Emil_Ruusuvuori-Mackenzie_Mcdonald,1
20220802-M-Washington-R64-Peter_Gojowczyk-Benoit_Paire,2
20220803-M-Washington-R32-Alex_De_Minaur-Yoshihito_Nishioka,2
20220803-M-Washington-R32-Grigor_Dimitrov-Adrian_Mannarino,1
20220803-M-Washington-R32-Holger_Rune-Benoit_Paire,1
20220803-M-Washington-R32-Hubert_Hurkacz-Emil_Ruusuvuori,2
20220803-M-Washington-R64-Nick_Kyrgios-Marcos_Giron,1
20220804-M-Washington-R32-Tommy_Paul-Nick_Kyrgios,2
20220805-M-Washington-R16-Maxime_Cressy-Andrey_Rublev,2
20220805-M-Washington-R16-Reilly_Opelka-Nick_Kyrgios,2
20220807-M-Washington-F-Yoshihito_Nishioka-Nick_Kyrgios,2
20220807-M-Washington-SF-Mikael_Ymer-Nick_Kyrgios,2
20220807-M-Washington-SF-Yoshihito_Nishioka-Andrey_Rublev,1
20220808-M-Canada_Masters-R64-Emil_Ruusuvuori-Stan_Wawrinka,1
20220809-M-Canada_Masters-R32-Hubert_Hurkacz-Emil_Ruusuvuori,1
20220809-M-Canada_Masters-R64-Gael_Monfils-Pedro_Martinez,1
20220809-M-Canada_Masters-R64-Holger_Rune-Fabio_Fognini,1
20220809-M-Canada_Masters-R64-Maxime_Cressy-Aslan_Karatsev,1
20220809-M-Canada_Masters-R64-Pablo_Carreno_Busta-Matteo_Berrettini,1
20220809-M-Canada_Masters-R64-Sebastian_Baez-Nick_Kyrgios,2
20220810-M-Canada_Masters-R32-Felix_Auger_Aliassime-Yoshihito_Nishioka,1
20220810-M-Canada_Masters-R32-Grigor_Dimitrov-Alex_De_Minaur,2
20220810-M-Canada_Masters-R32-Marin_Cilic-Karen_Khachanov,1
20220810-M-Canada_Masters-R32-Nick_Kyrgios-Daniil_Medvedev,1
20220810-M-Canada_Masters-R32-Roberto_Bautista_Agut-Jenson_Brooksby,1
20220810-M-Canada_Masters-R32-Tommy_Paul-Carlos_Alcaraz,1
20220810-M-Canada_Masters-R64-Brandon_Nakashima-Cameron_Norrie,2
20220810-M-Canada_Masters-R64-Yoshihito_Nishioka-Benoit_Paire,1
20220811-M-Canada_Masters-R16-Alex_De_Minaur-Nick_Kyrgios,2
20220811-M-Canada_Masters-R16-Felix_Auger_Aliassime-Cameron_Norrie,1
20220811-M-Canada_Masters-R16-Hubert_Hurkacz-Albert_Ramos,1
20220811-M-Canada_Masters-R32-Cameron_Norrie-Botic_Van_De_Zandschulp,1
20220812-M-Canada_Masters-QF-Casper_Ruud-Felix_Auger_Aliassime,1
20220812-M-Canada_Masters-QF-Hubert_Hurkacz-Nick_Kyrgios,1
20220812-M-Canada_Masters-R16-Jannik_Sinner-Pablo_Carreno_Busta,2
20220812-M-Canada_Masters-R16-Marin_Cilic-Tommy_Paul,2
20220815-M-Cincinnati_Masters-R64-Andy_Murray-Stan_Wawrinka,1
20220815-M-Cincinnati_Masters-R64-Marin_Cilic-Jaume_Munar,1
20220816-M-Cincinnati_Masters-R32-Mackenzie_Mcdonald-Carlos_Alcaraz,2
20220816-M-Cincinnati_Masters-R64-Alejandro_Davidovich_Fokina-Nick_Kyrgios,2
20220816-M-Cincinnati_Masters-R64-Grigor_Dimitrov-Denis_Shapovalov,2
20220816-M-Cincinnati_Masters-R64-Taylor_Fritz-Sebastian_Baez,1
20220816-M-Cincinnati_Masters-R64-Tommy_Paul-Jenson_Brooksby,1
20220817-M-Cincinnati_Masters-R32-Botic_Van_De_Zandschulp-Daniil_Medvedev,2
20220817-M-Cincinnati_Masters-R32-John_Isner-Hubert_Hurkacz,1
20220817-M-Cincinnati_Masters-R32-Roberto_Bautista_Agut-Marcos_Giron,1
20220817-M-Cincinnati_Masters-R64-Filip_Krajinovic-Daniel_Evans,1
20220818-M-Cincinnati_Masters-R16-Denis_Shapovalov-Daniil_Medvedev,2
20220818-M-Cincinnati_Masters-R16-Jannik_Sinner-Felix_Auger_Aliassime,2
20220819-M-Cincinnati_Masters-QF-John_Isner-Stefanos_Tsitsipas,2
20220819-M-Cincinnati_Masters-QF-Taylor_Fritz-Daniil_Medvedev,2
20220820-M-Cincinnati_Masters-SF-Stefanos_Tsitsipas-Daniil_Medvedev,1
20220821-M-Cincinnati_Masters-F-Stefanos_Tsitsipas-Borna_Coric,2
20220822-M-Winston_Salem-R64-J_J_Wolf-Dominic_Thiem,2
20220823-M-Winston_Salem-R32-Grigor_Dimitrov-Dominic_Thiem,2
20220823-M-Winston_Salem-R32-Tallon_Griekspoor-Botic_Van_De_Zandschulp,2
20220825-M-Winston_Salem-QF-Maxime_Cressy-Adrian_Mannarino,2
20220825-M-Winston_Salem-QF-Richard_Gasquet-Laslo_Djere,2
20220826-M-US_Open-Q3-Paul_Jubb-Gijs_Brouwer,2
20220827-M-Winston_Salem-R32-James_Duckworth-Maxime_Cressy,2
20220829-M-US_Open-R128-Alejandro_Davidovich_Fokina-Yoshihito_Nishioka,1
20220829-M-US_Open-R128-Andy_Murray-Francisco_Cerundolo,1
20220829-M-US_Open-R128-John_Millman-Emilio_Nava,2
20220829-M-US_Open-R128-Nicolas_Jarry-Matteo_Berrettini,2
20220829-M-US_Open-R128-Nuno_Borges-Ben_Shelton,1
20220829-M-US_Open-R128-Pablo_Carreno_Busta-Dominic_Thiem,1
20220829-M-US_Open-R128-Tomas_Machac-Botic_Van_De_Zandschulp,2
20220829-M-US_Open-R128-Zhizhen_Zhang-Tim_Van_Rijthoven,2
20220830-M-US_Open-R128-Benoit_Paire-Cameron_Norrie,2
20220830-M-US_Open-R128-Gijs_Brouwer-Adrian_Mannarino,1
20220830-M-US_Open-R128-Grigor_Dimitrov-Steve_Johnson,1
20220830-M-US_Open-R128-Hugo_Gaston-Alexander_Bublik,2
20220830-M-US_Open-R128-Jannik_Sinner-Daniel_Altmaier,1
20220830-M-US_Open-R128-John_Isner-Federico_Delbonis,1
20220830-M-US_Open-R128-Lorenzo_Musetti-David_Goffin,1
20220830-M-US_Open-R128-Miomir_Kecmanovic-Learner_Tien,1
20220830-M-US_Open-R128-Oscar_Otte-Hubert_Hurkacz,2
20220830-M-US_Open-R128-Sam_Querrey-Ilya_Ivashka,2
20220830-M-US_Open-R128-Soon_Woo_Kwon-Fernando_Verdasco,1
20220830-M-US_Open-R64-Gijs_Brouwer-Lorenzo_Musetti,2
20220831-M-US_Open-R64-Botic_Van_De_Zandschulp-Corentin_Moutet,2
20220831-M-US_Open-R64-Casper_Ruud-Tim_Van_Rijthoven,1
20220831-M-US_Open-R64-Daniel_Elahi_Galan-Jordan_Thompson,1
20220831-M-US_Open-R64-Pedro_Cachin-Brandon_Holt,1
20220831-M-US_Open-R64-Sebastian_Korda-Tommy_Paul,2
20220901-M-US_Open-R64-Christopher_Eubanks-Jannik_Sinner,2
20220901-M-US_Open-R64-Hubert_Hurkacz-Ilya_Ivashka,2
20220902-M-US_Open-R32-Andy_Murray-Matteo_Berrettini,2
20220903-M-US_Open-R32-Andrey_Rublev-Denis_Shapovalov,1
20220903-M-US_Open-R32-Brandon_Nakashima-Jannik_Sinner,2
20220903-M-US_Open-R32-Carlos_Alcaraz-Jenson_Brooksby,1
20220903-M-US_Open-R32-J_J_Wolf-Nick_Kyrgios,2
20220904-M-US_Open-R16-Casper_Ruud-Corentin_Moutet,1
20220905-M-US_Open-R16-Cameron_Norrie-Andrey_Rublev,2
20220905-M-US_Open-R16-Jannik_Sinner-Ilya_Ivashka,1
20220905-M-US_Open-R16-Marin_Cilic-Carlos_Alcaraz,2
20220905-M-US_Open-R16-Nick_Kyrgios-Daniil_Medvedev,1
20220905-M-US_Open-R16-Rafael_Nadal-Frances_Tiafoe,2
20220906-M-US_Open-QF-Casper_Ruud-Matteo_Berrettini,1
20220907-M-US_Open-QF-Andrey_Rublev-Frances_Tiafoe,2
20220907-M-US_Open-QF-Jannik_Sinner-Carlos_Alcaraz,2
20220909-M-US_Open-SF-Frances_Tiafoe-Carlos_Alcaraz,2
20220910-M-Tulln_CH-F-Jozef_Kovalik-Jelle_Sels,1
20220911-M-US_Open-F-Casper_Ruud-Carlos_Alcaraz,2
20220913-M-Rennes_CH-R32-Dominic_Thiem-Gilles_Simon,1
20220913-M-Rennes_CH-R32-Filip_Bergevi-Evan_Furness,2
20220916-M-Davis_Cup_Finals-RR-Cameron_Norrie-Botic_Van_De_Zandschulp,2
20220916-M-Davis_Cup_Finals-RR-Tallon_Griekspoor-Daniel_Evans,2
20220918-M-Davis_Cup_Finals-RR-Andy_Murray-Dmitry_Popko,1
20220918-M-Rennes_CH-F-Ugo_Humbert-Dominic_Thiem,1
20220920-M-Metz-R32-David_Goffin-Gilles_Simon,2
20220921-M-Metz-R32-Richard_Gasquet-Dominic_Thiem,2
20220922-M-Metz-R16-Daniil_Medvedev-Stan_Wawrinka,2
20220922-M-Metz-R16-Hubert_Hurkacz-Dominic_Thiem,1
20220922-M-San_Diego-R16-Mackenzie_Mcdonald-Jenson_Brooksby,2
20220923-M-Metz-QF-Hubert_Hurkacz-Arthur_Rinderknech,1
20220923-M-San_Diego-QF-Daniel_Elahi_Galan-Brandon_Nakashima,2
20220924-M-Metz-SF-Lorenzo_Sonego-Hubert_Hurkacz,1
20220925-M-Laver_Cup-RR-Felix_Auger_Aliassime-Novak_Djokovic,1
20220925-M-Metz-F-Lorenzo_Sonego-Alexander_Bublik,1
20220926-M-Seoul-R32-Aleksandar_Kovacevic-Miomir_Kecmanovic,1
20220926-M-Tel_Aviv-R32-Dominic_Thiem-Laslo_Djere,1
20220927-M-Tel_Aviv-R32-Tomas_Martin_Etcheverry-Aslan_Karatsev,1
20220928-M-Seoul-R32-Emilio_Gomez-Taro_Daniel,2
20220928-M-Tel_Aviv-R16-Marin_Cilic-Dominic_Thiem,1
20220928-M-Tel_Aviv-R16-Sebastian_Korda-Maxime_Cressy,2
20220929-M-Orleans_CH-R16-Corentin_Moutet-Adrian_Andreev,2
20220929-M-Seoul-R16-Jenson_Brooksby-Soon_Woo_Kwon,1
20220929-M-Seoul-R16-Nicolas_Jarry-Casper_Ruud,2
20220929-M-Sofia-R16-Ugo_Humbert-Jan_Lennard_Struff,2
20220929-M-Tel_Aviv-R16-Novak_Djokovic-Pablo_Andujar,1
20220930-M-Seoul-QF-Casper_Ruud-Yoshihito_Nishioka,2
20220930-M-Seoul-QF-Radu_Albot-Denis_Shapovalov,2
20220930-M-Tel_Aviv-QF-Maxime_Cressy-Constant_Lestienne,2
20221001-M-Seoul-SF-Jenson_Brooksby-Denis_Shapovalov,2
20221001-M-Sofia-SF-Jannik_Sinner-Holger_Rune,2
20221002-M-Tel_Aviv-F-Novak_Djokovic-Marin_Cilic,1
20221003-M-Astana-R32-Francisco_Cerundolo-Hubert_Hurkacz,2
20221003-M-Tokyo-R32-Alexei_Popyrin-Pedro_Martinez,2
20221004-M-Astana-R32-David_Goffin-Carlos_Alcaraz,1
20221004-M-Astana-R32-Maxime_Cressy-Karen_Khachanov,2
20221005-M-Astana-R16-Luca_Nardi-Stefanos_Tsitsipas,2
20221005-M-Astana-R32-Cristian_Garin-Novak_Djokovic,2
20221005-M-Tokyo-R16-Jaume_Munar-Pedro_Martinez,2
20221005-M-Tokyo-R32-Steve_Johnson-Denis_Shapovalov,2
20221006-M-Astana-R16-Alexander_Bublik-Hubert_Hurkacz,2
20221006-M-Astana-R16-Novak_Djokovic-Botic_Van_De_Zandschulp,1
20221006-M-Tokyo-R16-Rio_Noguchi-Denis_Shapovalov,2
20221007-M-Alicante_CH-QF-Dimitar_Kuzmanov-Fabian_Marozsan,2
20221007-M-Astana-QF-Andrey_Rublev-Adrian_Mannarino,1
20221007-M-Astana-QF-Hubert_Hurkacz-Stefanos_Tsitsipas,2
20221007-M-Astana-QF-Novak_Djokovic-Karen_Khachanov,1
20221007-M-Astana-QF-Roberto_Bautista_Agut-Daniil_Medvedev,2
20221007-M-Tokyo-QF-Denis_Shapovalov-Borna_Coric,1
20221007-M-Tokyo-QF-Pedro_Martinez-Soon_Woo_Kwon,2
20221008-M-Astana-SF-Novak_Djokovic-Daniil_Medvedev,1
20221008-M-Tokyo-SF-Taylor_Fritz-Denis_Shapovalov,1
20221009-M-Astana-F-Novak_Djokovic-Stefanos_Tsitsipas,1
20221009-M-Mouilleron_CH-F-Vasek_Pospisil-Jelle_Sels,2
20221010-M-Gijon-R32-Joao_Sousa-Dominic_Thiem,2
20221010-M-Gijon-R32-Tommy_Paul-Martin_Landaluce,1
20221011-M-Florence-R32-Mikael_Ymer-Tim_Van_Rijthoven,1
20221011-M-Gijon-R32-Andy_Murray-Alejandro_Davidovich_Fokina,1
20221012-M-Florence-R16-Roberto_Carballes_Baena-Matteo_Berrettini,1
20221012-M-Gijon-R16-Marcos_Giron-Dominic_Thiem,2
20221014-M-Gijon-QF-Francisco_Cerundolo-Dominic_Thiem,2
20221015-M-Florence-SF-Mikael_Ymer-J_J_Wolf,2
20221015-M-Gijon-SF-Andrey_Rublev-Dominic_Thiem,1
20221016-M-Ismaning_CH-F-Max_Hans_Rehberg-Quentin_Halys,2
20221016-M-Ortisei_CH-R16-Antoine_Escoffier-Mattia_Bellucci,1
20221018-M-Antwerp-R32-David_Goffin-Gilles_Arnaud_Bailly,1
20221018-M-Naples_CH-R32-Taro_Daniel-Pedro_Martinez,1
20221019-M-Antwerp-R32-Dominic_Thiem-Michael_Geerts,1
20221019-M-Naples-R32-Nicolas_Jarry-Roberto_Carballes_Baena,2
20221020-M-Antwerp-R16-Dominic_Thiem-Francisco_Cerundolo,1
20221021-M-Antwerp-QF-Hubert_Hurkacz-Dominic_Thiem,2
20221021-M-Naples-QF-Taro_Daniel-Matteo_Berrettini,2
20221022-M-Antwerp-SF-Sebastian_Korda-Dominic_Thiem,1
20221022-M-Stockholm-SF-Emil_Ruusuvuori-Stefanos_Tsitsipas,2
20221022-M-Vilnius_CH-SF-Viktor_Durasovic-Mattia_Bellucci,2
20221023-M-Vilnius_CH-F-Cem_Ilkel-Mattia_Bellucci,2
20221024-M-Basel-R32-Alexander_Bublik-Aslan_Karatsev,1
20221024-M-Basel-R32-Brandon_Nakashima-David_Goffin,1
20221024-M-Basel-R32-Carlos_Alcaraz-Jack_Draper,1
20221025-M-Basel-R32-Casper_Ruud-Stan_Wawrinka,2
20221025-M-Basel-R32-Roberto_Bautista_Agut-Laslo_Djere,1
20221025-M-Brest_CH-R32-Benjamin_Bonzi-Gabriel_Decamps,1
20221025-M-Brest_CH-R32-Laurent_Lokoli-Gilles_Simon,2
20221025-M-Vienna-R32-Grigor_Dimitrov-Thiago_Monteiro,1
20221025-M-Vienna-R32-Hubert_Hurkacz-Frances_Tiafoe,1
20221026-M-Basel-R16-Botic_Van_De_Zandschulp-Carlos_Alcaraz,2
20221026-M-Vienna-R16-Karen_Khachanov-Daniel_Evans,2
20221026-M-Vienna-R16-Taylor_Fritz-Denis_Shapovalov,2
20221026-M-Vienna-R32-Daniil_Medvedev-Nikoloz_Basilashvili,1
20221026-M-Vienna-R32-Jannik_Sinner-Cristian_Garin,1
20221027-M-Basel-R16-Alexander_Bublik-Albert_Ramos,1
20221027-M-Basel-R16-Brandon_Nakashima-Stan_Wawrinka,2
20221027-M-Vienna-R16-Dominic_Thiem-Daniil_Medvedev,2
20221027-M-Vienna-R16-Grigor_Dimitrov-Andrey_Rublev,1
20221027-M-Vienna-R16-Hubert_Hurkacz-Emil_Ruusuvuori,1
20221028-M-Basel-QF-Alexander_Bublik-Felix_Auger_Aliassime,2
20221028-M-Basel-QF-Stan_Wawrinka-Roberto_Bautista_Agut,2
20221028-M-Vienna-QF-Daniel_Evans-Denis_Shapovalov,2
20221028-M-Vienna-QF-Hubert_Hurkacz-Borna_Coric,2
20221028-M-Vienna-QF-Jannik_Sinner-Daniil_Medvedev,2
20221029-M-Basel-SF-Felix_Auger_Aliassime-Carlos_Alcaraz,1
20221029-M-Vienna-SF-Denis_Shapovalov-Borna_Coric,1
20221029-M-Vienna-SF-Grigor_Dimitrov-Daniil_Medvedev,2
20221031-M-Paris_Masters-R64-Andy_Murray-Gilles_Simon,2
20221031-M-Paris_Masters-R64-Lorenzo_Sonego-Frances_Tiafoe,2
20221031-M-Paris_Masters-R64-Marin_Cilic-Lorenzo_Musetti,2
20221031-M-Paris_Masters-R64-Maxime_Cressy-Diego_Schwartzman,1
20221031-M-Paris_Masters-R64-Sebastian_Baez-Karen_Khachanov,2
20221031-M-Paris_Masters-R64-Sebastian_Korda-Alex_De_Minaur,2
20221031-M-Paris_Masters-R64-Yoshihito_Nishioka-Aslan_Karatsev,1
20221101-M-Paris_Masters-R32-Andrey_Rublev-John_Isner,1
20221101-M-Paris_Masters-R32-Casper_Ruud-Richard_Gasquet,1
20221101-M-Paris_Masters-R32-Novak_Djokovic-Maxime_Cressy,1
20221101-M-Paris_Masters-R64-Hubert_Hurkacz-Adrian_Mannarino,1
20221102-M-Paris_Masters-R32-Alex_De_Minaur-Daniil_Medvedev,1
20221102-M-Paris_Masters-R32-Hubert_Hurkacz-Holger_Rune,2
20221102-M-Paris_Masters-R32-Rafael_Nadal-Tommy_Paul,2
20221102-M-Paris_Masters-R32-Taylor_Fritz-Gilles_Simon,2
20221102-M-Paris_Masters-R32-Yoshihito_Nishioka-Carlos_Alcaraz,2
20221103-M-Paris_Masters-R16-Andrey_Rublev-Holger_Rune,2
20221103-M-Paris_Masters-R16-Casper_Ruud-Lorenzo_Musetti,2
20221103-M-Paris_Masters-R16-Felix_Auger_Aliassime-Gilles_Simon,1
20221103-M-Paris_Masters-R16-Grigor_Dimitrov-Carlos_Alcaraz,2
20221103-M-Paris_Masters-R16-Novak_Djokovic-Karen_Khachanov,1
20221103-M-Paris_Masters-R16-Pablo_Carreno_Busta-Tommy_Paul,2
20221103-M-Paris_Masters-R16-Stefanos_Tsitsipas-Corentin_Moutet,1
20221104-M-Paris_Masters-QF-Felix_Auger_Aliassime-Frances_Tiafoe,1
20221104-M-Paris_Masters-QF-Novak_Djokovic-Lorenzo_Musetti,1
20221104-M-Paris_Masters-QF-Stefanos_Tsitsipas-Tommy_Paul,1
20221105-M-Paris_Masters-SF-Novak_Djokovic-Stefanos_Tsitsipas,1
20221106-M-Bergamo_CH-F-Jan_Lennard_Struff-Otto_Virtanen,2
20221106-M-Paris_Masters-F-Novak_Djokovic-Holger_Rune,2
20221110-M-Roanne_CH-R16-Ugo_Blanchet-Otto_Virtanen,2
20221113-M-Tour_Finals-RR-Casper_Ruud-Felix_Auger_Aliassime,1
20221113-M-Tour_Finals-RR-Rafael_Nadal-Taylor_Fritz,2
20221114-M-Tour_Finals-RR-Andrey_Rublev-Daniil_Medvedev,1
20221114-M-Tour_Finals-RR-Stefanos_Tsitsipas-Novak_Djokovic,2
20221115-M-Tour_Finals-RR-Casper_Ruud-Taylor_Fritz,1
20221115-M-Tour_Finals-RR-Felix_Auger_Aliassime-Rafael_Nadal,1
20221116-M-Tour_Finals-RR-Novak_Djokovic-Andrey_Rublev,1
20221116-M-Tour_Finals-RR-Stefanos_Tsitsipas-Daniil_Medvedev,1
20221117-M-Helsinki_CH-R16-Otto_Virtanen-Tomas_Machac,2
20221117-M-Tour_Finals-RR-Rafael_Nadal-Casper_Ruud,1
20221117-M-Tour_Finals-RR-Taylor_Fritz-Felix_Auger_Aliassime,1
20221118-M-Tour_Finals-RR-Novak_Djokovic-Daniil_Medvedev,1
20221118-M-Tour_Finals-RR-Stefanos_Tsitsipas-Andrey_Rublev,2
20221119-M-Tour_Finals-SF-Andrey_Rublev-Casper_Ruud,2
20221119-M-Tour_Finals-SF-Taylor_Fritz-Novak_Djokovic,2
20221120-M-Tour_Finals-F-Novak_Djokovic-Casper_Ruud,1
20221122-M-Davis_Cup_Finals-QF-Botic_Van_De_Zandschulp-Alex_De_Minaur,2
20221122-M-Davis_Cup_Finals-QF-Jordan_Thompson-Tallon_Griekspoor,1
20221123-M-Davis_Cup_Finals-QF-Marin_Cilic-Pablo_Carreno_Busta,1
20221126-M-Davis_Cup_Finals-SF-Lorenzo_Sonego-Denis_Shapovalov,1
20221127-M-Valencia_CH-F-Oleksii_Krutykh-Luca_Van_Assche,1
20221204-M-Maia_CH-F-Maximilian_Neuchrist-Luca_Van_Assche,2
20221218-M-Dutch_Championships-F-Tallon_Griekspoor-Botic_Van_De_Zandschulp,2
20230101-M-United_Cup-RR-Alexander_Bublik-Hubert_Hurkacz,2
20230102-M-Adelaide-R32-Holger_Rune-Yoshihito_Nishioka,2
20230102-M-Pune-R32-Alex_Molcan-Laslo_Djere,2
20230103-M-Adelaide-R32-Lorenzo_Sonego-Daniil_Medvedev,2
20230103-M-Adelaide-R32-Roberto_Bautista_Agut-Andrey_Rublev,1
20230103-M-Pune-R32-Radu_Albot-Tim_Van_Rijthoven,2
20230103-M-United_Cup-RR-Casper_Ruud-Matteo_Berrettini,2
20230103-M-United_Cup-RR-Hubert_Hurkacz-Stan_Wawrinka,1
20230104-M-Adelaide-R16-Daniil_Medvedev-Miomir_Kecmanovic,1
20230104-M-United_Cup-RR-Hubert_Hurkacz-Matteo_Berrettini,2
20230105-M-Adelaide-R16-Jannik_Sinner-Thanasi_Kokkinakis,1
20230105-M-Adelaide-R16-Quentin_Halys-Novak_Djokovic,2
20230106-M-Adelaide-QF-Jannik_Sinner-Sebastian_Korda,2
20230106-M-Adelaide-QF-Karen_Khachanov-Daniil_Medvedev,2
20230106-M-Pune-SF-Aslan_Karatsev-Tallon_Griekspoor,2
20230106-M-Pune-SF-Benjamin_Bonzi-Botic_Van_De_Zandschulp,1
20230107-M-Pune-F-Benjamin_Bonzi-Tallon_Griekspoor,2
20230107-M-United_Cup-SF-Hubert_Hurkacz-Taylor_Fritz,2
20230108-M-Adelaide-F-Novak_Djokovic-Sebastian_Korda,1
20230109-M-Australian_Open-Q1-Dimitar_Kuzmanov-Damir_Dzumhur,2
20230110-M-Auckland-R32-Ben_Shelton-Sebastian_Baez,1
20230111-M-Auckland-R16-Casper_Ruud-Laslo_Djere,2
20230111-M-Nonthaburi_CH-R16-Yasutaka_Uchiyama-Evgeny_Donskoy,2
20230112-M-Adelaide-QF-Alejandro_Davidovich_Fokina-Roberto_Bautista_Agut,2
20230114-M-Oeiras_CH-F-Arthur_Fils-Joris_De_Loore,1
20230115-M-Tigre_CH-F-Jesper_De_Jong-Juan_Manuel_Cerundolo,2
20230116-M-Australian_Open-R128-Brandon_Nakashima-Mackenzie_Mcdonald,2
20230116-M-Australian_Open-R128-Cristian_Garin-Sebastian_Korda,2
20230116-M-Australian_Open-R128-Daniil_Medvedev-Marcos_Giron,1
20230116-M-Australian_Open-R128-Denis_Shapovalov-Dusan_Lajovic,1
20230116-M-Australian_Open-R128-Hubert_Hurkacz-Pedro_Martinez,1
20230116-M-Australian_Open-R128-John_Millman-Marc_Andrea_Huesler,1
20230116-M-Australian_Open-R128-Kyle_Edmund-Jannik_Sinner,2
20230116-M-Australian_Open-R128-Rafael_Nadal-Jack_Draper,1
20230116-M-Australian_Open-R128-Stan_Wawrinka-Alex_Molcan,2
20230116-M-Australian_Open-R128-Stefanos_Tsitsipas-Quentin_Halys,1
20230116-M-Australian_Open-R128-Vasek_Pospisil-Felix_Auger_Aliassime,2
20230117-M-Australian_Open-R128-Alejandro_Davidovich_Fokina-Alexander_Bublik,1
20230117-M-Australian_Open-R128-Alexander_Zverev-Juan_Pablo_Varillas,1
20230117-M-Australian_Open-R128-Andrey_Rublev-Dominic_Thiem,1
20230117-M-Australian_Open-R128-Andy_Murray-Matteo_Berrettini,1
20230117-M-Australian_Open-R128-Casper_Ruud-Tomas_Machac,1
20230117-M-Australian_Open-R128-Filip_Krajinovic-Holger_Rune,2
20230117-M-Australian_Open-R128-Grigor_Dimitrov-Aslan_Karatsev,1
20230117-M-Australian_Open-R128-John_Isner-Adrian_Mannarino,2
20230117-M-Australian_Open-R128-Nicolas_Jarry-Miomir_Kecmanovic,1
20230117-M-Australian_Open-R128-Novak_Djokovic-Roberto_Carballes_Baena,1
20230117-M-Australian_Open-R128-Oleksii_Krutykh-Diego_Schwartzman,2
20230117-M-Australian_Open-R128-Tommy_Paul-Jan_Lennard_Struff,1
20230117-M-Australian_Open-R128-Yu_Hsiou_Hsu-Alex_De_Minaur,2
20230118-M-Australian_Open-R64-Botic_Van_De_Zandschulp-Tallon_Griekspoor,2
20230118-M-Australian_Open-R64-Jannik_Sinner-Tomas_Martin_Etcheverry,1
20230118-M-Australian_Open-R64-Jason_Kubler-Karen_Khachanov,2
20230118-M-Australian_Open-R64-John_Millman-Daniil_Medvedev,2
20230118-M-Australian_Open-R64-Lorenzo_Sonego-Hubert_Hurkacz,2
20230118-M-Australian_Open-R64-Rafael_Nadal-Mackenzie_Mcdonald,2
20230118-M-Australian_Open-R64-Sebastian_Korda-Yosuke_Watanuki,1
20230118-M-Australian_Open-R64-Stefanos_Tsitsipas-Rinky_Hijikata,1
20230119-M-Australian_Open-R64-Adrian_Mannarino-Alex_De_Minaur,2
20230119-M-Australian_Open-R64-Andy_Murray-Thanasi_Kokkinakis,1
20230119-M-Australian_Open-R64-Casper_Ruud-Jenson_Brooksby,2
20230119-M-Australian_Open-R64-Emil_Ruusuvuori-Andrey_Rublev,2
20230119-M-Australian_Open-R64-Maxime_Cressy-Holger_Rune,2
20230119-M-Australian_Open-R64-Novak_Djokovic-Enzo_Couacaud,1
20230119-M-Australian_Open-R64-Taylor_Fritz-Alexei_Popyrin,2
20230120-M-Australian_Open-R32-Cameron_Norrie-Jiri_Lehecka,2
20230120-M-Australian_Open-R32-Daniil_Medvedev-Sebastian_Korda,2
20230120-M-Australian_Open-R32-Felix_Auger_Aliassime-Francisco_Cerundolo,1
20230120-M-Australian_Open-R32-Hubert_Hurkacz-Denis_Shapovalov,1
20230120-M-Australian_Open-R32-Jannik_Sinner-Marton_Fucsovics,1
20230120-M-Australian_Open-R32-Karen_Khachanov-Frances_Tiafoe,1
20230120-M-Australian_Open-R32-Tallon_Griekspoor-Stefanos_Tsitsipas,2
20230121-M-Australian_Open-R32-Grigor_Dimitrov-Novak_Djokovic,2
20230121-M-Australian_Open-R32-Roberto_Bautista_Agut-Andy_Murray,1
20230122-M-Australian_Open-R16-Hubert_Hurkacz-Sebastian_Korda,2
20230122-M-Australian_Open-R16-Jannik_Sinner-Stefanos_Tsitsipas,2
20230122-M-Australian_Open-R16-Jiri_Lehecka-Felix_Auger_Aliassime,1
20230123-M-Australian_Open-R16-Andrey_Rublev-Holger_Rune,1
20230123-M-Australian_Open-R16-Novak_Djokovic-Alex_De_Minaur,1
20230123-M-Australian_Open-R16-Roberto_Bautista_Agut-Tommy_Paul,2
20230124-M-Australian_Open-QF-Karen_Khachanov-Sebastian_Korda,1
20230124-M-Australian_Open-QF-Stefanos_Tsitsipas-Jiri_Lehecka,1
20230125-M-Australian_Open-QF-Novak_Djokovic-Andrey_Rublev,1
20230127-M-Australian_Open-SF-Stefanos_Tsitsipas-Karen_Khachanov,1
20230128-M-Australian_Open_Juniors-F-Learner_Tien-Alexander_Blockx,2
20230129-M-Australian_Open-F-Novak_Djokovic-Stefanos_Tsitsipas,1
20230204-M-Davis_Cup_Qualifiers-RR-Alex_Molcan-Tim_Van_Rijthoven,2
20230204-M-Davis_Cup_Qualifiers-RR-Alexander_Bublik-Nicolas_Jarry,2
20230204-M-Davis_Cup_Qualifiers-RR-Lukas_Klein-Tallon_Griekspoor,2
20230204-M-Davis_Cup_WG2-PO-Fitriadi_M_Rifqi-Minhtuan_Pham,1
20230205-M-Davis_Cup_Qualifiers-RR-Jozef_Kovalik-Matwe_Middelkoop,2
20230212-M-Cordoba-F-Sebastian_Baez-Federico_Coria,1
20230212-M-Montpellier-F-Maxime_Cressy-Jannik_Sinner,2
20230213-M-Rotterdam-R32-Aslan_Karatsev-Grigor_Dimitrov,2
20230214-M-Buenos_Aires-R32-Alex_Molcan-Dominic_Thiem,2
20230214-M-Rotterdam-R32-Alejandro_Davidovich_Fokina-Daniil_Medvedev,2
20230214-M-Rotterdam-R32-Felix_Auger_Aliassime-Lorenzo_Sonego,1
20230214-M-Rotterdam-R32-Gijs_Brouwer-Marc_Andrea_Huesler,1
20230214-M-Rotterdam-R32-Hubert_Hurkacz-Roberto_Bautista_Agut,1
20230215-M-Buenos_Aires-R16-Laslo_Djere-Carlos_Alcaraz,2
20230215-M-Rotterdam-R16-Hubert_Hurkacz-Grigor_Dimitrov,2
20230215-M-Rotterdam-R16-Stan_Wawrinka-Richard_Gasquet,1
20230215-M-Rotterdam-R16-Stefanos_Tsitsipas-Jannik_Sinner,2
20230215-M-Rotterdam-R32-Andrey_Rublev-Alex_De_Minaur,2
20230215-M-Rotterdam-R32-Maxime_Cressy-Tim_Van_Rijthoven,1
20230216-M-Buenos_Aires-R16-Dominic_Thiem-Juan_Pablo_Varillas,2
20230216-M-Buenos_Aires-R16-Jaume_Munar-Francisco_Cerundolo,2
20230216-M-Rotterdam-QF-Stan_Wawrinka-Jannik_Sinner,2
20230216-M-Rotterdam-R16-Daniil_Medvedev-Botic_Van_De_Zandschulp,1
20230216-M-Rotterdam-R16-Gijs_Brouwer-Holger_Rune,1
20230217-M-Buenos_Aires-QF-Bernabe_Zapata_Miralles-Francisco_Cerundolo,1
20230217-M-Buenos_Aires-QF-Carlos_Alcaraz-Dusan_Lajovic,1
20230217-M-Delray_Beach-QF-Taylor_Fritz-Adrian_Mannarino,1
20230217-M-Rotterdam-QF-Felix_Auger_Aliassime-Daniil_Medvedev,2
20230217-M-Rotterdam-QF-Gijs_Brouwer-Tallon_Griekspoor,2
20230217-M-Rotterdam-QF-Grigor_Dimitrov-Alex_De_Minaur,1
20230218-M-Rotterdam-SF-Grigor_Dimitrov-Daniil_Medvedev,2
20230218-M-Rotterdam-SF-Jannik_Sinner-Tallon_Griekspoor,1
20230219-M-Manama_CH-F-Thanasi_Kokkinakis-Abedallah_Shelbayh,1
20230219-M-Rotterdam-F-Jannik_Sinner-Daniil_Medvedev,2
20230220-M-Rio_de_Janeiro-R32-Thiago_Monteiro-Dominic_Thiem,1
20230221-M-Doha-R32-Soon_Woo_Kwon-Abedallah_Shelbayh,1
20230221-M-Rio_de_Janeiro-R32-Lorenzo_Musetti-Nicolas_Jarry,2
20230222-M-Doha-R16-Daniil_Medvedev-Liam_Broady,1
20230222-M-Rio_de_Janeiro-R32-Mateus_Alves-Carlos_Alcaraz,2
20230222-M-Rio_de_Janeiro-R32-Sebastian_Baez-Thomaz_Bellucci,1
20230223-M-Doha-QF-Christopher_Oconnell-Daniil_Medvedev,2
20230223-M-Marseille-R16-Hubert_Hurkacz-Leandro_Riedi,1
20230223-M-Rio_de_Janeiro-R16-Pedro_Martinez-Nicolas_Jarry,2
20230224-M-Doha-SF-Felix_Auger_Aliassime-Daniil_Medvedev,2
20230224-M-Doha-SF-Jiri_Lehecka-Andy_Murray,2
20230225-M-Doha-F-Andy_Murray-Daniil_Medvedev,2
20230225-M-Marseille-QF-Hubert_Hurkacz-Mikael_Ymer,1
20230225-M-Marseille-SF-Alexander_Bublik-Hubert_Hurkacz,2
20230225-M-Rio_de_Janeiro-QF-Nicolas_Jarry-Sebastian_Baez,1
20230225-M-Rio_de_Janeiro-SF-Nicolas_Jarry-Carlos_Alcaraz,2
20230226-M-Marseille-F-Hubert_Hurkacz-Benjamin_Bonzi,1
20230227-M-Acapulco-R32-Christopher_Eubanks-Feliciano_Lopez,2
20230227-M-Dubai-R32-Alejandro_Davidovich_Fokina-Malek_Jaziri,1
20230228-M-Dubai-R32-Alexander_Shevchenko-Hubert_Hurkacz,2
20230228-M-Dubai-R32-Matteo_Arnaldi-Daniil_Medvedev,2
20230301-M-Dubai-R16-Alejandro_Davidovich_Fokina-Andrey_Rublev,2
20230301-M-Dubai-R16-Alexander_Bublik-Daniil_Medvedev,2
20230301-M-Dubai-R16-Hubert_Hurkacz-Pavel_Kotov,1
20230301-M-Dubai-R16-Mikael_Ymer-Botic_Van_De_Zandschulp,2
20230301-M-Dubai-R16-Novak_Djokovic-Tallon_Griekspoor,1
20230302-M-Acapulco-QF-Tommy_Paul-Mackenzie_Mcdonald,1
20230302-M-Dubai-QF-Borna_Coric-Daniil_Medvedev,2
20230302-M-Dubai-QF-Novak_Djokovic-Hubert_Hurkacz,1
20230302-M-Santiago-R16-Tomas_Martin_Etcheverry-Francisco_Cerundolo,1
20230303-M-Dubai-SF-Novak_Djokovic-Daniil_Medvedev,2
20230304-M-Acapulco-F-Tommy_Paul-Alex_De_Minaur,2
20230304-M-Dubai-F-Andrey_Rublev-Daniil_Medvedev,2
20230308-M-Indian_Wells_Masters-R128-Yibing_Wu-Jaume_Munar,1
20230309-M-Indian_Wells_Masters-R128-Federico_Coria-Diego_Schwartzman,2
20230310-M-Indian_Wells_Masters-R128-Tomas_Martin_Etcheverry-Andy_Murray,2
20230310-M-Indian_Wells_Masters-R64-Botic_Van_De_Zandschulp-Ilya_Ivashka,2
20230310-M-Indian_Wells_Masters-R64-Brandon_Nakashima-Daniil_Medvedev,2
20230310-M-Indian_Wells_Masters-R64-Casper_Ruud-Diego_Schwartzman,1
20230310-M-Indian_Wells_Masters-R64-Cristian_Garin-Yoshihito_Nishioka,1
20230310-M-Indian_Wells_Masters-R64-Roberto_Bautista_Agut-Emil_Ruusuvuori,2
20230310-M-Indian_Wells_Masters-R64-Stefanos_Tsitsipas-Jordan_Thompson,2
20230311-M-Indian_Wells_Masters-R64-Carlos_Alcaraz-Thanasi_Kokkinakis,1
20230311-M-Indian_Wells_Masters-R64-Holger_Rune-Mackenzie_Mcdonald,1
20230311-M-Indian_Wells_Masters-R64-Hubert_Hurkacz-Alexei_Popyrin,1
20230311-M-Indian_Wells_Masters-R64-Jannik_Sinner-Richard_Gasquet,1
20230311-M-Indian_Wells_Masters-R64-Jiri_Lehecka-Andrey_Rublev,2
20230311-M-Indian_Wells_Masters-R64-Lorenzo_Musetti-Adrian_Mannarino,2
20230311-M-Indian_Wells_Masters-R64-Marcos_Giron-Frances_Tiafoe,2
20230312-M-Indian_Wells_Masters-R32-Casper_Ruud-Cristian_Garin,2
20230312-M-Indian_Wells_Masters-R32-Emil_Ruusuvuori-Alexander_Zverev,2
20230312-M-Indian_Wells_Masters-R32-Ilya_Ivashka-Daniil_Medvedev,2
20230312-M-Indian_Wells_Masters-R32-Jannik_Sinner-Adrian_Mannarino,1
20230313-M-Indian_Wells_Masters-R32-Hubert_Hurkacz-Tommy_Paul,2
20230313-M-Indian_Wells_Masters-R32-Stan_Wawrinka-Holger_Rune,1
20230313-M-Indian_Wells_Masters-R32-Tallon_Griekspoor-Carlos_Alcaraz,2
20230313-M-Indian_Wells_Masters-R32-Ugo_Humbert-Andrey_Rublev,2
20230315-M-Indian_Wells_Masters-R16-Tommy_Paul-Felix_Auger_Aliassime,2
20230316-M-Indian_Wells_Masters-QF-Felix_Auger_Aliassime-Carlos_Alcaraz,2
20230316-M-Indian_Wells_Masters-R16-Alexander_Zverev-Daniil_Medvedev,2
20230318-M-Indian_Wells_Masters-SF-Frances_Tiafoe-Daniil_Medvedev,2
20230318-M-Indian_Wells_Masters-SF-Jannik_Sinner-Carlos_Alcaraz,2
20230319-M-Indian_Wells_Masters-F-Carlos_Alcaraz-Daniil_Medvedev,1
20230323-M-Miami_Masters-R128-Jiri_Lehecka-Federico_Coria,1
20230323-M-Miami_Masters-R128-Thanasi_Kokkinakis-Zizou_Bergs,1
20230324-M-Miami_Masters-R64-Brandon_Nakashima-Alejandro_Davidovich_Fokina,2
20230324-M-Miami_Masters-R64-Casper_Ruud-Ilya_Ivashka,1
20230324-M-Miami_Masters-R64-Grigor_Dimitrov-Jan_Lennard_Struff,1
20230324-M-Miami_Masters-R64-Jannik_Sinner-Laslo_Djere,1
20230324-M-Miami_Masters-R64-Roberto_Bautista_Agut-Emil_Ruusuvuori,2
20230325-M-Miami_Masters-R64-Ben_Shelton-Adrian_Mannarino,2
20230325-M-Miami_Masters-R64-Daniil_Medvedev-Roberto_Carballes_Baena,1
20230325-M-Miami_Masters-R64-Hubert_Hurkacz-Thanasi_Kokkinakis,1
20230325-M-Miami_Masters-R64-Lorenzo_Musetti-Jiri_Lehecka,2
20230325-M-Miami_Masters-R64-Quentin_Halys-Alex_De_Minaur,1
20230326-M-Miami_Masters-R32-Andrey_Rublev-Miomir_Kecmanovic,1
20230326-M-Miami_Masters-R32-Casper_Ruud-Botic_Van_De_Zandschulp,2
20230326-M-Miami_Masters-R32-Denis_Shapovalov-Taylor_Fritz,2
20230326-M-Miami_Masters-R32-Dusan_Lajovic-Carlos_Alcaraz,2
20230326-M-Miami_Masters-R32-Grigor_Dimitrov-Jannik_Sinner,2
20230327-M-Miami_Masters-R32-Hubert_Hurkacz-Adrian_Mannarino,2
20230327-M-Miami_Masters-R32-Jiri_Lehecka-Karen_Khachanov,2
20230328-M-Miami_Masters-R16-Andrey_Rublev-Jannik_Sinner,2
20230328-M-Miami_Masters-R16-Emil_Ruusuvuori-Botic_Van_De_Zandschulp,1
20230328-M-Miami_Masters-R16-Karen_Khachanov-Stefanos_Tsitsipas,1
20230328-M-Miami_Masters-R16-Taylor_Fritz-Holger_Rune,1
20230328-M-Miami_Masters-R16-Tommy_Paul-Carlos_Alcaraz,2
20230330-M-Miami_Masters-QF-Christopher_Eubanks-Daniil_Medvedev,2
20230330-M-Miami_Masters-QF-Emil_Ruusuvuori-Jannik_Sinner,2
20230330-M-Miami_Masters-QF-Karen_Khachanov-Francisco_Cerundolo,1
20230330-M-Miami_Masters-QF-Taylor_Fritz-Carlos_Alcaraz,2
20230401-M-Miami_Masters-SF-Daniil_Medvedev-Karen_Khachanov,1
20230401-M-Miami_Masters-SF-Jannik_Sinner-Carlos_Alcaraz,1
20230402-M-Miami_Masters-F-Daniil_Medvedev-Jannik_Sinner,1
20230403-M-Marrakech-R32-Younes_Lalami_Laaroussi-Alexei_Popyrin,2
20230404-M-Estoril-R32-Sebastian_Ofner-Dominic_Thiem,2
20230406-M-Estoril-R16-Bernabe_Zapata_Miralles-Hubert_Hurkacz,1
20230406-M-Marrakech-R16-Christopher_Oconnell-Botic_Van_De_Zandschulp,1
20230407-M-Estoril-R16-Ben_Shelton-Dominic_Thiem,2
20230408-M-Houston-R16-John_Isner-Gijs_Brouwer,2
20230409-M-Houston-SF-Gijs_Brouwer-Frances_Tiafoe,2
20230409-M-Marrakech-F-Roberto_Carballes_Baena-Alexandre_Muller,1
20230409-M-Monte_Carlo_Masters-R64-Laslo_Djere-Hubert_Hurkacz,2
20230409-M-Monte_Carlo_Masters-R64-Nicolas_Jarry-Borna_Coric,1
20230410-M-Monte_Carlo_Masters-R64-Botic_Van_De_Zandschulp-Marton_Fucsovics,1
20230410-M-Monte_Carlo_Masters-R64-Dominic_Thiem-Richard_Gasquet,1
20230410-M-Monte_Carlo_Masters-R64-Francisco_Cerundolo-Cameron_Norrie,1
20230410-M-Monte_Carlo_Masters-R64-Jan_Lennard_Struff-Albert_Ramos,1
20230410-M-Monte_Carlo_Masters-R64-Maxime_Cressy-Matteo_Berrettini,2
20230410-M-Monte_Carlo_Masters-R64-Roberto_Bautista_Agut-Filip_Krajinovic,1
20230410-M-Monte_Carlo_Masters-R64-Stan_Wawrinka-Tallon_Griekspoor,1
20230411-M-Monte_Carlo_Masters-R32-Hubert_Hurkacz-Jack_Draper,1
20230411-M-Monte_Carlo_Masters-R64-Alejandro_Davidovich_Fokina-Karen_Khachanov,2
20230411-M-Monte_Carlo_Masters-R64-Jiri_Lehecka-Emil_Ruusuvuori,1
20230411-M-Monte_Carlo_Masters-R64-Lorenzo_Musetti-Miomir_Kecmanovic,1
20230412-M-Monte_Carlo_Masters-R32-Alex_De_Minaur-Jan_Lennard_Struff,2
20230412-M-Monte_Carlo_Masters-R32-Botic_Van_De_Zandschulp-Casper_Ruud,2
20230412-M-Monte_Carlo_Masters-R32-Daniil_Medvedev-Lorenzo_Sonego,1
20230412-M-Monte_Carlo_Masters-R32-Diego_Schwartzman-Jannik_Sinner,2
20230412-M-Monte_Carlo_Masters-R32-Luca_Nardi-Lorenzo_Musetti,2
20230412-M-Monte_Carlo_Masters-R32-Roberto_Bautista_Agut-Alexander_Zverev,2
20230413-M-Monte_Carlo_Masters-R16-Alexander_Zverev-Daniil_Medvedev,2
20230413-M-Monte_Carlo_Masters-R16-Hubert_Hurkacz-Jannik_Sinner,2
20230413-M-Monte_Carlo_Masters-R16-Novak_Djokovic-Lorenzo_Musetti,2
20230413-M-Monte_Carlo_Masters-R16-Stefanos_Tsitsipas-Nicolas_Jarry,1
20230414-M-Monte_Carlo_Masters-QF-Holger_Rune-Daniil_Medvedev,1
20230414-M-Monte_Carlo_Masters-QF-Lorenzo_Musetti-Jannik_Sinner,2
20230414-M-Monte_Carlo_Masters-QF-Stefanos_Tsitsipas-Taylor_Fritz,2
20230415-M-Monte_Carlo_Masters-SF-Jannik_Sinner-Holger_Rune,2
20230415-M-Monte_Carlo_Masters-SF-Taylor_Fritz-Andrey_Rublev,2
20230416-M-Monte_Carlo_Masters-F-Holger_Rune-Andrey_Rublev,2
20230417-M-Barcelona-R64-Emil_Ruusuvuori-Alexander_Bublik,1
20230417-M-Barcelona-R64-Tomas_Martin_Etcheverry-Pablo_Andujar,1
20230418-M-Barcelona-R32-Bernabe_Zapata_Miralles-Roberto_Bautista_Agut,2
20230418-M-Barcelona-R64-Feliciano_Lopez-David_Goffin,2
20230418-M-Barcelona-R64-Yibing_Wu-Diego_Schwartzman,2
20230419-M-Barcelona-R32-Nicolas_Jarry-Karen_Khachanov,2
20230420-M-Banja_Luka-R16-Dusan_Lajovic-Gregoire_Barrere,1
20230420-M-Banja_Luka-R16-Radu_Albot-Jiri_Lehecka,2
20230421-M-Banja_Luka-QF-Jiri_Lehecka-Miomir_Kecmanovic,2
20230421-M-Banja_Luka-QF-Novak_Djokovic-Dusan_Lajovic,2
20230422-M-Munich-SF-Taylor_Fritz-Botic_Van_De_Zandschulp,2
20230423-M-Banja_Luka-F-Dusan_Lajovic-Andrey_Rublev,1
20230423-M-Barcelona-F-Carlos_Alcaraz-Stefanos_Tsitsipas,1
20230423-M-Monte_Carlo_Masters-QF-Andrey_Rublev-Jan_Lennard_Struff,1
20230423-M-Munich-F-Botic_Van_De_Zandschulp-Holger_Rune,2
20230426-M-Madrid_Masters-R128-Daniel_Elahi_Galan-Alexander_Bublik,2
20230426-M-Madrid_Masters-R128-Maxime_Cressy-Stan_Wawrinka,2
20230428-M-Madrid_Masters-R64-Emil_Ruusuvuori-Carlos_Alcaraz,2
20230428-M-Madrid_Masters-R64-Hubert_Hurkacz-Richard_Gasquet,1
20230428-M-Madrid_Masters-R64-Stan_Wawrinka-Andrey_Rublev,2
20230429-M-Madrid_Masters-R64-Daniil_Medvedev-Andrea_Vavassori,1
20230429-M-Madrid_Masters-R64-Dominic_Thiem-Stefanos_Tsitsipas,2
20230429-M-Madrid_Masters-R64-Jiri_Lehecka-Alexander_Shevchenko,2
20230430-M-Madrid_Masters-R32-Hubert_Hurkacz-Borna_Coric,2
20230430-M-Rome_CH-F-Jesper_De_Jong-Sumit_Nagal,2
20230501-M-Madrid_Masters-R32-Daniil_Medvedev-Alexander_Shevchenko,1
20230502-M-Madrid_Masters-R16-Aslan_Karatsev-Daniil_Medvedev,1
20230503-M-Madrid_Masters-QF-Karen_Khachanov-Carlos_Alcaraz,2
20230507-M-Aix_En_Provence_CH-F-Andy_Murray-Tommy_Paul,1
20230507-M-Madrid_Masters-F-Jan_Lennard_Struff-Carlos_Alcaraz,2
20230510-M-Rome_Masters-R128-Andy_Murray-Fabio_Fognini,2
20230511-M-Rome_Masters-R128-Nicolas_Jarry-Yannick_Hanfmann,2
20230512-M-Rome_Masters-R64-Casper_Ruud-Arthur_Rinderknech,1
20230512-M-Rome_Masters-R64-Jannik_Sinner-Thanasi_Kokkinakis,1
20230513-M-Rome-R64-Daniel_Evans-Roberto_Carballes_Baena,2
20230513-M-Rome_Masters-R64-Carlos_Alcaraz-Albert_Ramos,1
20230513-M-Rome_Masters-R64-J_J_Wolf-Hubert_Hurkacz,1
20230514-M-Rome_Masters-R32-Alexander_Shevchenko-Jannik_Sinner,2
20230514-M-Rome_Masters-R32-Fabio_Fognini-Holger_Rune,2
20230514-M-Rome_Masters-R64-Emil_Ruusuvuori-Daniil_Medvedev,2
20230514-M-Rome_Masters-R64-Stefanos_Tsitsipas-Nuno_Borges,1
20230514-M-Rome_Masters-R64-Taylor_Fritz-Yannick_Hanfmann,2
20230515-M-Rome_Masters-R32-Alejandro_Davidovich_Fokina-Andrey_Rublev,2
20230515-M-Rome_Masters-R32-Bernabe_Zapata_Miralles-Daniil_Medvedev,2
20230515-M-Rome_Masters-R32-Fabian_Marozsan-Carlos_Alcaraz,1
20230516-M-Rome-R16-Novak_Djokovic-Cameron_Norrie,1
20230516-M-Rome_Masters-R16-Alexander_Zverev-Daniil_Medvedev,2
20230516-M-Rome_Masters-R16-Casper_Ruud-Laslo_Djere,1
20230516-M-Rome_Masters-R16-Francisco_Cerundolo-Jannik_Sinner,1
20230518-M-Rome_Masters-QF-Yannick_Hanfmann-Daniil_Medvedev,2
20230520-M-Rome_Masters-SF-Casper_Ruud-Holger_Rune,2
20230520-M-Rome_Masters-SF-Stefanos_Tsitsipas-Daniil_Medvedev,2
20230522-M-Geneva-R32-Dusan_Lajovic-Nicolas_Jarry,2
20230523-M-Roland_Garros-Q1-Nicolas_Mejia-Federico_Delbonis,2
20230526-M-Geneva-SF-Alexander_Zverev-Nicolas_Jarry,2
20230526-M-Lyon-SF-Cameron_Norrie-Francisco_Cerundolo,2
20230528-M-Roland_Garros-R128-Hubert_Hurkacz-David_Goffin,1
20230528-M-Roland_Garros-R128-Pedro_Martinez-Tallon_Griekspoor,2
20230529-M-Roland_Garros-R128-Flavio_Cobolli-Carlos_Alcaraz,2
20230529-M-Roland_Garros-R128-Jannik_Sinner-Alexandre_Muller,1
20230529-M-Roland_Garros-R128-Novak_Djokovic-Aleksandar_Kovacevic,1
20230529-M-Roland_Garros-R128-Thiago_Agustin_Tirante-Botic_Van_De_Zandschulp,1
20230530-M-Roland_Garros-R128-Hugo_Dellien-Nicolas_Jarry,2
20230530-M-Roland_Garros-R128-Sebastian_Baez-Gael_Monfils,2
20230530-M-Roland_Garros-R128-Thiago_Seyboth_Wild-Daniil_Medvedev,1
20230531-M-Roland_Garros-R64-Hubert_Hurkacz-Tallon_Griekspoor,1
20230531-M-Roland_Garros-R64-Novak_Djokovic-Marton_Fucsovics,1
20230601-M-Roland_Garros-R64-Jannik_Sinner-Daniel_Altmaier,2
20230601-M-Roland_Garros-R64-Jiri_Lehecka-Marcos_Giron,2
20230601-M-Roland_Garros-R64-Taylor_Fritz-Arthur_Rinderknech,1
20230601-M-Roland_Garros-R64-Tommy_Paul-Nicolas_Jarry,2
20230601-M-Roland_Garros-R64-Yannick_Hanfmann-Francisco_Cerundolo,2
20230602-M-Roland_Garros-R32-Carlos_Alcaraz-Denis_Shapovalov,1
20230602-M-Roland_Garros-R32-Hubert_Hurkacz-Juan_Pablo_Varillas,2
20230602-M-Roland_Garros-R32-Novak_Djokovic-Alejandro_Davidovich_Fokina,1
20230603-M-Roland_Garros-R32-Alexander_Zverev-Frances_Tiafoe,1
20230603-M-Roland_Garros-R32-Taylor_Fritz-Francisco_Cerundolo,2
20230603-M-Roland_Garros-R32-Thiago_Seyboth_Wild-Yoshihito_Nishioka,2
20230604-M-Roland_Garros-R16-Carlos_Alcaraz-Lorenzo_Musetti,1
20230604-M-Roland_Garros-R16-Novak_Djokovic-Juan_Pablo_Varillas,1
20230605-M-Roland_Garros-R16-Casper_Ruud-Nicolas_Jarry,1
20230605-M-Roland_Garros-R16-Grigor_Dimitrov-Alexander_Zverev,2
20230605-M-Roland_Garros-R16-Holger_Rune-Francisco_Cerundolo,1
20230605-M-Roland_Garros-R16-Yoshihito_Nishioka-Tomas_Martin_Etcheverry,2
20230606-M-Roland_Garros-QF-Novak_Djokovic-Karen_Khachanov,1
20230606-M-Roland_Garros-QF-Stefanos_Tsitsipas-Carlos_Alcaraz,2
20230607-M-Roland_Garros-QF-Casper_Ruud-Holger_Rune,1
20230607-M-Roland_Garros-QF-Tomas_Martin_Etcheverry-Alexander_Zverev,2
20230609-M-Roland_Garros-SF-Casper_Ruud-Alexander_Zverev,1
20230609-M-Roland_Garros-SF-Novak_Djokovic-Carlos_Alcaraz,1
20230611-M-Roland_Garros-F-Casper_Ruud-Novak_Djokovic,2
20230612-M-Stuttgart-R32-Jiri_Lehecka-Marcos_Giron,1
20230612-M-s_Hertogenbosch-R32-Milos_Raonic-Miomir_Kecmanovic,1
20230613-M-Stuttgart-R32-Daniel_Altmaier-Christopher_Oconnell,2
20230613-M-Stuttgart-R32-Jan_Lennard_Struff-Zhizhen_Zhang,1
20230613-M-Stuttgart-R32-Oscar_Otte-Gregoire_Barrere,2
20230613-M-Stuttgart-R32-Yibing_Wu-Nick_Kyrgios,1
20230614-M-Stuttgart-R16-Hubert_Hurkacz-Yosuke_Watanuki,1
20230614-M-s_Hertogenbosch-R16-Alexander_Bublik-Jannik_Sinner,2
20230615-M-Stuttgart-R16-Stefanos_Tsitsipas-Richard_Gasquet,2
20230615-M-Stuttgart-R16-Tommy_Paul-Jan_Lennard_Struff,2
20230615-M-s_Hertogenbosch-R16-Adrian_Mannarino-Daniil_Medvedev,1
20230616-M-Stuttgart-QF-Hubert_Hurkacz-Christopher_Oconnell,1
20230616-M-s_Hertogenbosch-QF-Emil_Ruusuvuori-Jannik_Sinner,1
20230617-M-Stuttgart-SF-Hubert_Hurkacz-Jan_Lennard_Struff,2
20230618-M-s_Hertogenbosch-F-Tallon_Griekspoor-Jordan_Thompson,1
20230619-M-Halle-R32-Marcos_Giron-Daniil_Medvedev,2
20230619-M-Halle-R32-Nicolas_Jarry-Corentin_Moutet,1
20230620-M-Halle-R32-Alexander_Bublik-Borna_Coric,1
20230620-M-Halle-R32-Christopher_Eubanks-Hubert_Hurkacz,2
20230620-M-Halle-R32-Jannik_Sinner-Richard_Gasquet,1
20230620-M-Queens_Club-R32-Arthur_Rinderknech-Carlos_Alcaraz,2
20230620-M-Queens_Club-R32-Emil_Ruusuvuori-Grigor_Dimitrov,2
20230620-M-Queens_Club-R32-Liam_Broady-Adrian_Mannarino,2
20230620-M-Queens_Club-R32-Maxime_Cressy-Holger_Rune,2
20230621-M-Halle-R16-Daniil_Medvedev-Laslo_Djere,1
20230621-M-Halle-R16-Nicolas_Jarry-Stefanos_Tsitsipas,1
20230622-M-Halle-R16-Alexander_Bublik-Jan_Lennard_Struff,1
20230622-M-Halle-R16-Jannik_Sinner-Lorenzo_Sonego,1
20230622-M-Halle-R16-Tallon_Griekspoor-Hubert_Hurkacz,1
20230622-M-Queens_Club-R16-Carlos_Alcaraz-Jiri_Lehecka,1
20230622-M-Queens_Club-R16-Taylor_Fritz-Adrian_Mannarino,2
20230623-M-Halle-QF-Alexander_Bublik-Jannik_Sinner,1
20230623-M-Halle-QF-Roberto_Bautista_Agut-Daniil_Medvedev,1
20230623-M-Queens_Club-QF-Adrian_Mannarino-Alex_De_Minaur,2
20230623-M-Queens_Club-QF-Grigor_Dimitrov-Carlos_Alcaraz,2
20230623-M-Queens_Club-QF-Lorenzo_Musetti-Holger_Rune,2
20230624-M-Halle-SF-Alexander_Bublik-Alexander_Zverev,1
20230625-M-Halle-F-Alexander_Bublik-Andrey_Rublev,1
20230703-M-Wimbledon-R128-Alexander_Bublik-Mackenzie_Mcdonald,1
20230703-M-Wimbledon-R128-Andrey_Rublev-Max_Purcell,1
20230703-M-Wimbledon-R128-Brandon_Nakashima-Jordan_Thompson,2
20230703-M-Wimbledon-R128-Casper_Ruud-Laurent_Lokoli,1
20230703-M-Wimbledon-R128-Daniel_Elahi_Galan-Yoshihito_Nishioka,1
20230703-M-Wimbledon-R128-Emil_Ruusuvuori-Stan_Wawrinka,2
20230703-M-Wimbledon-R128-Hubert_Hurkacz-Albert_Ramos,1
20230703-M-Wimbledon-R128-Juan_Manuel_Cerundolo-Jannik_Sinner,2
20230703-M-Wimbledon-R128-Roberto_Bautista_Agut-Roman_Safiullin,2
20230704-M-Wimbledon-R128-Dominic_Thiem-Stefanos_Tsitsipas,2
20230704-M-Wimbledon-R128-Jeremy_Chardy-Carlos_Alcaraz,2
20230705-M-Wimbledon-R128-Alexander_Shevchenko-Adrian_Mannarino,2
20230705-M-Wimbledon-R128-Arthur_Fery-Daniil_Medvedev,2
20230705-M-Wimbledon-R128-Grigor_Dimitrov-Sho_Shimabukuro,1
20230705-M-Wimbledon-R128-Milos_Raonic-Dennis_Novak,1
20230705-M-Wimbledon-R128-Sebastian_Korda-Jiri_Vesely,2
20230705-M-Wimbledon-R64-Jannik_Sinner-Diego_Schwartzman,1
20230706-M-Wimbledon-R64-Adrian_Mannarino-Daniil_Medvedev,2
20230706-M-Wimbledon-R64-Jan_Choinski-Hubert_Hurkacz,2
20230706-M-Wimbledon-R64-Milos_Raonic-Tommy_Paul,2
20230706-M-Wimbledon-R64-Stefanos_Tsitsipas-Andy_Murray,1
20230707-M-Wimbledon-R32-Hubert_Hurkacz-Lorenzo_Musetti,1
20230707-M-Wimbledon-R32-Quentin_Halys-Jannik_Sinner,2
20230707-M-Wimbledon-R64-Alexandre_Muller-Carlos_Alcaraz,2
20230708-M-Wimbledon-R32-Carlos_Alcaraz-Nicolas_Jarry,1
20230708-M-Wimbledon-R32-Daniil_Medvedev-Marton_Fucsovics,1
20230709-M-Wimbledon-R16-Daniel_Elahi_Galan-Jannik_Sinner,2
20230709-M-Wimbledon-R16-Hubert_Hurkacz-Novak_Djokovic,2
20230710-M-Wimbledon-R16-Jiri_Lehecka-Daniil_Medvedev,2
20230710-M-Wimbledon-R16-Matteo_Berrettini-Carlos_Alcaraz,2
20230711-M-Wimbledon-QF-Roman_Safiullin-Jannik_Sinner,2
20230712-M-Wimbledon-QF-Carlos_Alcaraz-Holger_Rune,1
20230712-M-Wimbledon-QF-Christopher_Eubanks-Daniil_Medvedev,2
20230714-M-Wimbledon-SF-Carlos_Alcaraz-Daniil_Medvedev,1
20230714-M-Wimbledon-SF-Novak_Djokovic-Jannik_Sinner,1
20230716-M-Wimbledon-F-Novak_Djokovic-Carlos_Alcaraz,2
20230717-M-Gstaad-R32-Dominic_Thiem-Alexandre_Muller,1
20230718-M-Newport-R32-Alex_Michelsen-Maxime_Cressy,1
20230719-M-Gstaad-R16-Hamad_Medjedovic-Dominic_Thiem,1
20230720-M-Bastad-R16-Casper_Ruud-Alexander_Shevchenko,1
20230721-M-Bastad-QF-Casper_Ruud-Sebastian_Ofner,1
20230722-M-Bastad-SF-Casper_Ruud-Lorenzo_Musetti,1
20230723-M-Amersfoort_CH-F-Titouan_Droguet-Maximilian_Marterer,2
20230723-M-Newport-F-Alex_Michelsen-Adrian_Mannarino,2
20230727-M-Hamburg-R16-Andrey_Rublev-Daniel_Altmaier,2
20230728-M-Hamburg-QF-Arthur_Fils-Casper_Ruud,1
20230729-M-Hamburg-SF-Arthur_Fils-Alexander_Zverev,2
20230729-M-Hamburg-SF-Laslo_Djere-Zhizhen_Zhang,1
20230801-M-Washington-R32-Hubert_Hurkacz-Michael_Mmoh,2
20230803-M-Los_Cabos-QF-Tommy_Paul-Alex_De_Minaur,2
20230803-M-Washington-R16-Christopher_Eubanks-Jordan_Thompson,2
20230804-M-Kitzbuhel-SF-Dominic_Thiem-Laslo_Djere,1
20230805-M-Kitzbuhel-F-Sebastian_Baez-Dominic_Thiem,1
20230805-M-Los_Cabos-F-Stefanos_Tsitsipas-Alex_De_Minaur,1
20230805-M-Washington-SF-Taylor_Fritz-Tallon_Griekspoor,2
20230806-M-Washington-F-Daniel_Evans-Tallon_Griekspoor,1
20230807-M-Canada_Masters-R64-Alexander_Bublik-Hubert_Hurkacz,2
20230807-M-Canada_Masters-R64-Gregoire_Barrere-Matteo_Berrettini,1
20230809-M-Canada_Masters-R32-Alejandro_Davidovich_Fokina-Alexander_Zverev,1
20230809-M-Canada_Masters-R32-Daniil_Medvedev-Matteo_Arnaldi,1
20230809-M-Canada_Masters-R32-Hubert_Hurkacz-Miomir_Kecmanovic,1
20230809-M-Canada_Masters-R32-Jannik_Sinner-Matteo_Berrettini,1
20230809-M-Canada_Masters-R32-Stefanos_Tsitsipas-Gael_Monfils,2
20230810-M-Canada_Masters-R16-Hubert_Hurkacz-Carlos_Alcaraz,2
20230810-M-Canada_Masters-R16-Lorenzo_Musetti-Daniil_Medvedev,2
20230811-M-Canada_Masters-QF-Daniil_Medvedev-Alex_De_Minaur,2
20230811-M-Canada_Masters-QF-Jannik_Sinner-Gael_Monfils,1
20230812-M-Canada_Masters-QF-Carlos_Alcaraz-Tommy_Paul,2
20230812-M-Canada_Masters-SF-Jannik_Sinner-Tommy_Paul,1
20230813-M-Canada_Masters-F-Jannik_Sinner-Alex_De_Minaur,1
20230815-M-Cincinnati_Masters-R32-Emil_Ruusuvuori-Andrey_Rublev,1
20230815-M-Cincinnati_Masters-R64-Hubert_Hurkacz-Thanasi_Kokkinakis,1
20230816-M-Cincinnati_Masters-R32-Daniil_Medvedev-Lorenzo_Musetti,1
20230816-M-Cincinnati_Masters-R32-Hubert_Hurkacz-Borna_Coric,1
20230817-M-Cincinnati_Masters-R16-Daniil_Medvedev-Alexander_Zverev,2
20230817-M-Cincinnati_Masters-R16-Hubert_Hurkacz-Stefanos_Tsitsipas,1
20230818-M-Cincinnati_Masters-QF-Hubert_Hurkacz-Alexei_Popyrin,1
20230818-M-Cincinnati_Masters-R16-Novak_Djokovic-Gael_Monfils,1
20230819-M-Cincinnati_Masters-QF-Novak_Djokovic-Taylor_Fritz,1
20230819-M-Cincinnati_Masters-SF-Hubert_Hurkacz-Carlos_Alcaraz,2
20230820-M-Cincinnati_Masters-F-Novak_Djokovic-Carlos_Alcaraz,1
20230826-M-Winston_Salem-F-Jiri_Lehecka-Sebastian_Baez,2
20230828-M-US_Open-R128-Casper_Ruud-Emilio_Nava,1
20230828-M-US_Open-R128-Dominic_Thiem-Alexander_Bublik,1
20230828-M-US_Open-R128-Gregoire_Barrere-Jakub_Mensik,2
20230828-M-US_Open-R128-Holger_Rune-Roberto_Carballes_Baena,2
20230828-M-US_Open-R128-Jiri_Lehecka-Aslan_Karatsev,2
20230828-M-US_Open-R128-Stefanos_Tsitsipas-Milos_Raonic,1
20230829-M-US_Open-R128-Alexandre_Muller-Novak_Djokovic,2
20230829-M-US_Open-R128-Arthur_Fils-Tallon_Griekspoor,1
20230829-M-US_Open-R128-Attila_Balazs-Daniil_Medvedev,2
20230829-M-US_Open-R128-Dominik_Koepfer-Carlos_Alcaraz,1
20230829-M-US_Open-R128-Grigor_Dimitrov-Alex_Molcan,1
20230829-M-US_Open-R128-Hubert_Hurkacz-Marc_Andrea_Huesler,1
20230829-M-US_Open-R128-John_Isner-Facundo_Diaz_Acosta,1
20230830-M-US_Open-R64-Bernabe_Zapata_Miralles-Novak_Djokovic,2
20230830-M-US_Open-R64-Casper_Ruud-Zhizhen_Zhang,2
20230830-M-US_Open-R64-Stefanos_Tsitsipas-Dominic_Stricker,2
20230831-M-US_Open-R64-Christopher_Oconnell-Daniil_Medvedev,2
20230831-M-US_Open-R64-Grigor_Dimitrov-Andy_Murray,1
20230831-M-US_Open-R64-Hubert_Hurkacz-Jack_Draper,2
20230831-M-US_Open-R64-John_Isner-Michael_Mmoh,2
20230831-M-US_Open-R64-Lloyd_Harris-Carlos_Alcaraz,2
20230901-M-US_Open-R32-Novak_Djokovic-Laslo_Djere,1
20230901-M-US_Open-R32-Rinky_Hijikata-Zhizhen_Zhang,1
20230902-M-US_Open-R32-Daniel_Evans-Carlos_Alcaraz,2
20230902-M-US_Open-R32-Grigor_Dimitrov-Alexander_Zverev,2
20230902-M-US_Open-R32-Jannik_Sinner-Stan_Wawrinka,1
20230902-M-US_Open-R32-Nicolas_Jarry-Alex_De_Minaur,2
20230902-M-US_Open-R32-Sebastian_Baez-Daniil_Medvedev,2
20230903-M-US_Open-R16-Borna_Gojo-Novak_Djokovic,2
20230903-M-US_Open-R16-Rinky_Hijikata-Frances_Tiafoe,2
20230903-M-US_Open-R16-Taylor_Fritz-Dominic_Stricker,1
20230903-M-US_Open-R16-Tommy_Paul-Ben_Shelton,2
20230904-M-US_Open-R16-Daniil_Medvedev-Alex_De_Minaur,1
20230904-M-US_Open-R16-Jannik_Sinner-Alexander_Zverev,2
20230905-M-US_Open-QF-Frances_Tiafoe-Ben_Shelton,2
20230905-M-US_Open-QF-Novak_Djokovic-Taylor_Fritz,1
20230906-M-US_Open-QF-Andrey_Rublev-Daniil_Medvedev,2
20230906-M-US_Open-QF-Carlos_Alcaraz-Alexander_Zverev,1
20230908-M-US_Open-SF-Novak_Djokovic-Ben_Shelton,1
20230909-M-US_Open-SF-Carlos_Alcaraz-Daniil_Medvedev,2
20230910-M-US_Open-F-Novak_Djokovic-Daniil_Medvedev,1
20230914-M-Davis_Cup_Finals-RR-Botic_Van_De_Zandschulp-Tommy_Paul,1
20230914-M-Davis_Cup_Finals-RR-Tallon_Griekspoor-Frances_Tiafoe,1
20230915-M-Davis_Cup_Finals-RR-Dino_Prizmic-Otto_Virtanen,2
20230916-M-Davis_Cup_Finals-RR-Jakub_Mensik-Dusan_Lajovic,1
20230917-M-Davis_Cup_Finals-RR-Botic_Van_De_Zandschulp-Duje_Ajdukovic,1
20230928-M-Astana-R32-Dominic_Thiem-Juan_Pablo_Varillas,1
20230928-M-Beijing-R32-Alex_De_Minaur-Andy_Murray,1
20230929-M-Beijing-R32-Casper_Ruud-Jan_Lennard_Struff,1
20230929-M-Beijing-R32-Daniil_Medvedev-Tommy_Paul,1
20230929-M-Beijing-R32-Felix_Auger_Aliassime-Holger_Rune,2
20230929-M-Beijing-R32-Stefanos_Tsitsipas-Nicolas_Jarry,2
20230930-M-Astana-R16-Dominic_Thiem-Marcos_Giron,1
20230930-M-Beijing-R16-Alex_De_Minaur-Daniil_Medvedev,2
20231001-M-Astana-QF-Dominic_Thiem-Sebastian_Ofner,2
20231001-M-Beijing-R16-Holger_Rune-Grigor_Dimitrov,2
20231002-M-Beijing-QF-Casper_Ruud-Carlos_Alcaraz,2
20231002-M-Beijing-QF-Ugo_Humbert-Daniil_Medvedev,2
20231003-M-Beijing-SF-Daniil_Medvedev-Alexander_Zverev,1
20231004-M-Beijing-F-Jannik_Sinner-Daniil_Medvedev,1
20231004-M-Shanghai_Masters-R64-Richard_Gasquet-Zhizhen_Zhang,2
20231006-M-Shanghai_Masters-R64-Casper_Ruud-Yoshihito_Nishioka,1
20231006-M-Shanghai_Masters-R64-Fabian_Marozsan-Alex_De_Minaur,1
20231006-M-Shanghai_Masters-R64-Hubert_Hurkacz-Thanasi_Kokkinakis,1
20231007-M-Shanghai_Masters-R64-Cristian_Garin-Daniil_Medvedev,2
20231007-M-Shanghai_Masters-R64-Sebastian_Ofner-Tommy_Paul,2
20231008-M-Shanghai_Masters-R32-Christopher_Eubanks-Casper_Ruud,2
20231008-M-Shanghai_Masters-R32-Daniil_Medvedev-Sebastian_Korda,2
20231008-M-Shanghai_Masters-R32-Fabian_Marozsan-Dusan_Lajovic,1
20231008-M-Shanghai_Masters-R32-Sebastian_Baez-Jannik_Sinner,2
20231008-M-Shanghai_Masters-R32-Yu_Hsiou_Hsu-Hubert_Hurkacz,2
20231008-M-Shanghai_Masters-R64-Arthur_Fils-Alejandro_Davidovich_Fokina,1
20231008-M-Shanghai_Masters-R64-Quentin_Halys-Andrey_Rublev,2
20231009-M-Shanghai_Masters-R16-Casper_Ruud-Fabian_Marozsan,2
20231009-M-Shanghai_Masters-R32-Andrey_Rublev-Adrian_Mannarino,1
20231009-M-Shanghai_Masters-R32-Grigor_Dimitrov-Karen_Khachanov,1
20231009-M-Shanghai_Masters-R32-Lorenzo_Sonego-Nicolas_Jarry,2
20231010-M-Shanghai_Masters-R16-Hubert_Hurkacz-Zhizhen_Zhang,1
20231011-M-Shanghai_Masters-R16-Carlos_Alcaraz-Grigor_Dimitrov,2
20231011-M-Shanghai_Masters-R16-Tommy_Paul-Andrey_Rublev,2
20231011-M-Shanghai_Masters-R16-Ugo_Humbert-J_J_Wolf,1
20231012-M-Shanghai_Masters-QF-Hubert_Hurkacz-Fabian_Marozsan,1
20231013-M-Shanghai_Masters-QF-Grigor_Dimitrov-Nicolas_Jarry,1
20231013-M-Shanghai_Masters-QF-Ugo_Humbert-Andrey_Rublev,2
20231014-M-Shanghai_Masters-SF-Hubert_Hurkacz-Sebastian_Korda,1
20231015-M-Shanghai_Masters-F-Hubert_Hurkacz-Andrey_Rublev,1
20231018-M-Antwerp-R16-Gregoire_Barrere-Alexander_Bublik,2
20231018-M-Tokyo-R32-Hubert_Hurkacz-Zhizhen_Zhang,2
20231022-M-Antwerp-F-Arthur_Fils-Alexander_Bublik,2
20231024-M-Basel-R32-Hubert_Hurkacz-Dusan_Lajovic,1
20231024-M-Vienna-R32-Stefanos_Tsitsipas-Dominic_Thiem,1
20231025-M-Basel-R16-Hubert_Hurkacz-Jan_Lennard_Struff,1
20231025-M-Vienna-R16-Karen_Khachanov-Jiri_Lehecka,1
20231025-M-Vienna-R32-Arthur_Fils-Daniil_Medvedev,2
20231025-M-Vienna-R32-Jannik_Sinner-Ben_Shelton,1
20231026-M-Basel-R16-Ugo_Humbert-Nicolas_Jarry,1
20231026-M-Vienna-R16-Daniil_Medvedev-Grigor_Dimitrov,1
20231027-M-Basel-QF-Hubert_Hurkacz-Tallon_Griekspoor,1
20231027-M-Vienna-QF-Andrey_Rublev-Alexander_Zverev,1
20231027-M-Vienna-QF-Daniil_Medvedev-Karen_Khachanov,1
20231028-M-Basel-SF-Ugo_Humbert-Hubert_Hurkacz,2
20231028-M-Vienna-SF-Stefanos_Tsitsipas-Daniil_Medvedev,2
20231029-M-Basel-F-Felix_Auger_Aliassime-Hubert_Hurkacz,1
20231029-M-Vienna-F-Daniil_Medvedev-Jannik_Sinner,2
20231030-M-Paris_Masters-R64-Alexander_Bublik-Frances_Tiafoe,1
20231030-M-Paris_Masters-R64-Andy_Murray-Alex_De_Minaur,2
20231030-M-Paris_Masters-R64-Ben_Shelton-Alejandro_Davidovich_Fokina,2
20231030-M-Paris_Masters-R64-Botic_Van_De_Zandschulp-Adrian_Mannarino,1
20231030-M-Paris_Masters-R64-Lorenzo_Musetti-Grigor_Dimitrov,2
20231030-M-Paris_Masters-R64-Richard_Gasquet-Tommy_Paul,2
20231030-M-Paris_Masters-R64-Stan_Wawrinka-Dominic_Thiem,2
20231030-M-Paris_Masters-R64-Taylor_Fritz-Sebastian_Baez,1
20231031-M-Paris_Masters-R32-Alexander_Bublik-Nicolas_Jarry,1
20231031-M-Paris_Masters-R32-Andrey_Rublev-Yoshihito_Nishioka,1
20231031-M-Paris_Masters-R64-Arthur_Fils-Daniel_Altmaier,2
20231031-M-Paris_Masters-R64-Hubert_Hurkacz-Sebastian_Korda,1
20231031-M-Paris_Masters-R64-Ugo_Humbert-Marcos_Giron,1
20231101-M-Paris_Masters-R32-Casper_Ruud-Francisco_Cerundolo,2
20231101-M-Paris_Masters-R32-Dominic_Thiem-Holger_Rune,2
20231101-M-Paris_Masters-R32-Grigor_Dimitrov-Daniil_Medvedev,1
20231101-M-Paris_Masters-R32-Hubert_Hurkacz-Roberto_Bautista_Agut,1
20231101-M-Paris_Masters-R32-Novak_Djokovic-Tomas_Martin_Etcheverry,1
20231101-M-Paris_Masters-R32-Stefanos_Tsitsipas-Felix_Auger_Aliassime,1
20231101-M-Paris_Masters-R32-Ugo_Humbert-Alexander_Zverev,2
20231102-M-Paris_Masters-R16-Alexander_Bublik-Grigor_Dimitrov,2
20231102-M-Paris_Masters-R16-Andrey_Rublev-Botic_Van_De_Zandschulp,1
20231102-M-Paris_Masters-R16-Francisco_Cerundolo-Hubert_Hurkacz,2
20231102-M-Paris_Masters-R16-Novak_Djokovic-Tallon_Griekspoor,1
20231102-M-Paris_Masters-R32-Mackenzie_Mcdonald-Jannik_Sinner,2
20231103-M-Paris_Masters-QF-Grigor_Dimitrov-Hubert_Hurkacz,1
20231104-M-Paris_Masters-SF-Andrey_Rublev-Novak_Djokovic,2
20231104-M-Paris_Masters-SF-Grigor_Dimitrov-Stefanos_Tsitsipas,1
20231105-M-Ismaning_CH-F-Antoine_Bellier-Maximilian_Marterer,1
20231105-M-Paris_Masters-F-Grigor_Dimitrov-Novak_Djokovic,2
20231112-M-Tour_Finals-RR-Novak_Djokovic-Holger_Rune,1
20231112-M-Tour_Finals-RR-Stefanos_Tsitsipas-Jannik_Sinner,2
20231113-M-Tour_Finals-RR-Andrey_Rublev-Daniil_Medvedev,2
20231113-M-Tour_Finals-RR-Carlos_Alcaraz-Alexander_Zverev,2
20231114-M-Tour_Finals-RR-Novak_Djokovic-Jannik_Sinner,2
20231115-M-Tour_Finals-RR-Alexander_Zverev-Daniil_Medvedev,2
20231115-M-Tour_Finals-RR-Andrey_Rublev-Carlos_Alcaraz,2
20231116-M-Tour_Finals-RR-Hubert_Hurkacz-Novak_Djokovic,2
20231117-M-Tour_Finals-RR-Andrey_Rublev-Alexander_Zverev,2
20231118-M-Tour_Finals-SF-Jannik_Sinner-Daniil_Medvedev,1
20231118-M-Tour_Finals-SF-Novak_Djokovic-Carlos_Alcaraz,1
20231120-M-Tour_Finals-F-Novak_Djokovic-Jannik_Sinner,1
20231121-M-Davis_Cup_Finals-QF-Milos_Raonic-Patrick_Kaukovalta,1
20231123-M-Davis_Cup_Finals-QF-Matteo_Arnaldi-Botic_Van_De_Zandschulp,2
20231123-M-Davis_Cup_Finals-QF-Tallon_Griekspoor-Jannik_Sinner,2
20231126-M-Davis_Cup_Finals-RR-Alex_De_Minaur-Jannik_Sinner,2
20231126-M-Davis_Cup_Finals-RR-Matteo_Arnaldi-Alexei_Popyrin,1
20231126-M-Davis_Cup_Finals-SF-Novak_Djokovic-Jannik_Sinner,2
20231217-M-Dutch_Championships-F-Jesper_De_Jong-Gijs_Brouwer,1
20231229-M-United_Cup-RR-Alex_De_Minaur-Cameron_Norrie,2
20231229-M-United_Cup-RR-Casper_Ruud-Tallon_Griekspoor,1
20231230-M-United_Cup-RR-Hubert_Hurkacz-Thiago_Seyboth_Wild,1
20231230-M-United_Cup-RR-Zhizhen_Zhang-Jiri_Lehecka,1
20231231-M-United_Cup-RR-Novak_Djokovic-Zhizhen_Zhang,1
20240101-M-United_Cup-RR-Hubert_Hurkacz-Alejandro_Davidovich_Fokina,2
20240101-M-United_Cup-RR-Taylor_Fritz-Alex_De_Minaur,2
20240102-M-Brisbane-R32-Rafael_Nadal-Dominic_Thiem,1
20240102-M-Brisbane-R32-Rinky_Hijikata-Thanasi_Kokkinakis,1
20240102-M-Hong_Kong-R32-Coleman_Wong-Lorenzo_Musetti,2
20240102-M-United_Cup-RR-Novak_Djokovic-Jiri_Lehecka,1
20240103-M-Brisbane-R16-Alexander_Shevchenko-Holger_Rune,2
20240103-M-Hong_Kong-R16-Emil_Ruusuvuori-Karen_Khachanov,1
20240103-M-United_Cup-QF-Novak_Djokovic-Alex_De_Minaur,2
20240104-M-Brisbane-R16-Grigor_Dimitrov-Daniel_Altmaier,1
20240104-M-Brisbane-R16-Rafael_Nadal-Jason_Kubler,1
20240104-M-Brisbane-R16-Tomas_Machac-Rinky_Hijikata,2
20240104-M-United_Cup-QF-Casper_Ruud-Adrian_Mannarino,1
20240104-M-United_Cup-QF-Hubert_Hurkacz-Zhizhen_Zhang,1
20240105-M-Brisbane-QF-Grigor_Dimitrov-Rinky_Hijikata,1
20240105-M-Brisbane-QF-Rafael_Nadal-Jordan_Thompson,2
20240105-M-Hong_Kong-QF-Arthur_Fils-Andrey_Rublev,2
20240105-M-Hong_Kong-QF-Emil_Ruusuvuori-Pavel_Kotov,1
20240105-M-Hong_Kong-QF-Frances_Tiafoe-Juncheng_Shang,2
20240106-M-Brisbane-SF-Grigor_Dimitrov-Jordan_Thompson,1
20240106-M-United_Cup-SF-Hubert_Hurkacz-Adrian_Mannarino,1
20240107-M-United_Cup-F-Hubert_Hurkacz-Alexander_Zverev,2
20240108-M-Auckland-R32-Kiranpal_Pannu-Max_Purcell,2
20240109-M-Auckland-R32-Arthur_Fils-Richard_Gasquet,1
20240110-M-Australian_Open-Q1-John_Millman-Alessandro_Giannessi,1
20240111-M-Adelaide-QF-Tommy_Paul-Jack_Draper,2
20240111-M-Australian_Open-Q2-John_Millman-Alex_Molcan,2
20240112-M-Adelaide-SF-Jiri_Lehecka-Sebastian_Korda,1
20240112-M-Australian_Open-Q3-Jesper_De_Jong-Camilo_Ugo_Carabelli,1
20240113-M-Buenos_Aires_CH-SF-Dmitry_Popko-Joao_Fonseca,1
20240114-M-Australian_Open-R128-Botic_Van_De_Zandschulp-Jannik_Sinner,2
20240114-M-Australian_Open-R128-Cristian_Garin-Christopher_Oconnell,2
20240114-M-Australian_Open-R128-Daniel_Elahi_Galan-Jason_Kubler,1
20240114-M-Australian_Open-R128-Dino_Prizmic-Novak_Djokovic,2
20240114-M-Australian_Open-R128-Jesper_De_Jong-Pedro_Cachin,1
20240114-M-Australian_Open-R128-Matteo_Arnaldi-Adam_Walton,1
20240114-M-Australian_Open-R128-Thiago_Seyboth_Wild-Andrey_Rublev,2
20240115-M-Australian_Open-R128-Alex_Michelsen-James_Mccabe,1
20240115-M-Australian_Open-R128-Felix_Auger_Aliassime-Dominic_Thiem,1
20240115-M-Australian_Open-R128-Hubert_Hurkacz-Omar_Jasika,1
20240115-M-Australian_Open-R128-Rinky_Hijikata-Jan_Lennard_Struff,2
20240115-M-Australian_Open-R128-Stan_Wawrinka-Adrian_Mannarino,2
20240115-M-Australian_Open-R128-Stefanos_Tsitsipas-Zizou_Bergs,1
20240116-M-Australian_Open-R128-Andy_Murray-Tomas_Martin_Etcheverry,2
20240116-M-Australian_Open-R128-Juncheng_Shang-Mackenzie_Mcdonald,1
20240116-M-Australian_Open-R128-Roman_Safiullin-Tallon_Griekspoor,2
20240116-M-Australian_Open-R128-Tommy_Paul-Gregoire_Barrere,1
20240117-M-Australian_Open-R64-Christopher_Eubanks-Andrey_Rublev,2
20240117-M-Australian_Open-R64-Jesper_De_Jong-Jannik_Sinner,2
20240117-M-Australian_Open-R64-Luca_Van_Assche-Lorenzo_Musetti,1
20240117-M-Australian_Open-R64-Matteo_Arnaldi-Alex_De_Minaur,2
20240117-M-Australian_Open-R64-Novak_Djokovic-Alexei_Popyrin,1
20240118-M-Australian_Open-R64-Arthur_Cazaux-Holger_Rune,1
20240118-M-Australian_Open-R64-Casper_Ruud-Max_Purcell,1
20240118-M-Australian_Open-R64-Emil_Ruusuvuori-Daniil_Medvedev,2
20240118-M-Australian_Open-R64-Jakub_Mensik-Hubert_Hurkacz,2
20240119-M-Australian_Open-R32-Ben_Shelton-Adrian_Mannarino,2
20240119-M-Australian_Open-R32-Jannik_Sinner-Sebastian_Baez,1
20240119-M-Australian_Open-R32-Novak_Djokovic-Tomas_Martin_Etcheverry,1
20240119-M-Australian_Open-R32-Tommy_Paul-Miomir_Kecmanovic,2
20240120-M-Australian_Open-R16-Novak_Djokovic-Adrian_Mannarino,1
20240120-M-Australian_Open-R32-Casper_Ruud-Cameron_Norrie,2
20240120-M-Australian_Open-R32-Felix_Auger_Aliassime-Daniil_Medvedev,2
20240120-M-Australian_Open-R32-Ugo_Humbert-Hubert_Hurkacz,2
20240121-M-Australian_Open-R16-Karen_Khachanov-Jannik_Sinner,2
20240121-M-Australian_Open-R16-Stefanos_Tsitsipas-Taylor_Fritz,2
20240121-M-Punta_del_Este_CH-R32-Alvaro_Guillen_Meza-Tomas_Barrios_Vera,1
20240122-M-Australian_Open-R16-Arthur_Cazaux-Hubert_Hurkacz,2
20240122-M-Australian_Open-R16-Cameron_Norrie-Alexander_Zverev,2
20240122-M-Australian_Open-R16-Miomir_Kecmanovic-Carlos_Alcaraz,2
20240123-M-Australian_Open-QF-Andrey_Rublev-Jannik_Sinner,2
20240123-M-Quimper_CH-R32-Gregoire_Barrere-Otto_Virtanen,2
20240124-M-Australian_Open-QF-Alexander_Zverev-Carlos_Alcaraz,1
20240124-M-Australian_Open-QF-Hubert_Hurkacz-Daniil_Medvedev,2
20240124-M-Ottignies-Louvain-la-Neuve_CH-R32-Adrian_Andreev-Benjamin_Bonzi,1
20240124-M-Ottignies_CH-R32-Adrian_Andreev-Benjamin_Bonzi,1
20240126-M-Australian_Open-SF-Daniil_Medvedev-Alexander_Zverev,1
20240126-M-Australian_Open-SF-Jannik_Sinner-Novak_Djokovic,1
20240127-M-Australian_Open_Juniors-F-Jan_Kumstat-Rei_Sakamoto,2
20240128-M-Australian_Open-F-Jannik_Sinner-Daniil_Medvedev,1
20240131-M-Montpellier-R16-Alexander_Bublik-Denis_Shapovalov,1
20240201-M-Cleveland_CH-R16-Emilio_Nava-Patrick_Brady,1
20240201-M-Montpellier-R16-Felix_Auger_Aliassime-Arthur_Cazaux,1
20240202-M-Davis_Cup_Qualifiers-RR-Leandro_Riedi-Botic_Van_De_Zandschulp,1
20240202-M-Davis_Cup_Qualifiers-RR-Tallon_Griekspoor-Marc_Andrea_Huesler,1
20240203-M-Davis_Cup_Qualifiers-RR-Leandro_Riedi-Tallon_Griekspoor,2
20240203-M-Davis_Cup_Qualifiers-RR-Marc_Andrea_Huesler-Botic_Van_De_Zandschulp,2
20240204-M-Davis_Cup_Qualifiers-RR-Dmitry_Popko-Sebastian_Baez,2
20240204-M-Montpellier-F-Alexander_Bublik-Borna_Coric,1
20240207-M-Cordoba-R16-Jaume_Munar-Francisco_Cerundolo,1
20240207-M-Dallas-R16-Tommy_Paul-Taro_Daniel,1
20240208-M-Marseille-R16-Arthur_Rinderknech-Jiri_Lehecka,1
20240208-M-Marseille-R16-Hubert_Hurkacz-Alexander_Shevchenko,1
20240209-M-Marseille-QF-Hubert_Hurkacz-Tomas_Machac,1
20240209-M-Marseille-QF-Ugo_Humbert-Alejandro_Davidovich_Fokina,1
20240210-M-Cordoba-SF-Facundo_Bagnis-Federico_Coria,1
20240210-M-Dallas-SF-Adrian_Mannarino-Marcos_Giron,2
20240210-M-Marseille-SF-Hubert_Hurkacz-Ugo_Humbert,2
20240210-M-Rotterdam-Q1-Thijs_Boogaard-Hugo_Gaston,2
20240211-M-Cordoba-F-Luciano_Darderi-Facundo_Bagnis,1
20240211-M-Marseille-F-Ugo_Humbert-Grigor_Dimitrov,1
20240211-M-Rotterdam-Q2-Giulio_Zeppieri-Zizou_Bergs,2
20240212-M-Rotterdam-R32-Dino_Prizmic-David_Goffin,2
20240212-M-Rotterdam-R32-Lorenzo_Musetti-Tallon_Griekspoor,2
20240212-M-Rotterdam-R32-Milos_Raonic-Jesper_De_Jong,1
20240213-M-Buenos_Aires-R32-Arthur_Fils-Dusan_Lajovic,2
20240213-M-Rotterdam-R32-Alex_De_Minaur-Sebastian_Korda,1
20240213-M-Rotterdam-R32-Andrey_Rublev-Zizou_Bergs,1
20240213-M-Rotterdam-R32-Hubert_Hurkacz-Jiri_Lehecka,1
20240214-M-Rotterdam-R16-Alexander_Bublik-Milos_Raonic,2
20240214-M-Rotterdam-R16-Felix_Auger_Aliassime-Andrey_Rublev,2
20240214-M-Rotterdam-R32-Botic_Van_De_Zandschulp-Jannik_Sinner,2
20240214-M-Rotterdam-R32-Lorenzo_Sonego-Grigor_Dimitrov,2
20240215-M-Buenos_Aires-R16-Carlos_Alcaraz-Camilo_Ugo_Carabelli,1
20240215-M-Rotterdam-R16-Emil_Ruusuvuori-Jan_Lennard_Struff,1
20240215-M-Rotterdam-R16-Holger_Rune-Alexander_Shevchenko,2
20240215-M-Rotterdam-R16-Hubert_Hurkacz-Tallon_Griekspoor,2
20240216-M-Buenos_Aires-QF-Andrea_Vavassori-Carlos_Alcaraz,2
20240216-M-Rotterdam-QF-Andrey_Rublev-Alex_De_Minaur,2
20240217-M-Buenos_Aires-SF-Carlos_Alcaraz-Nicolas_Jarry,2
20240217-M-Rotterdam-SF-Grigor_Dimitrov-Alex_De_Minaur,2
20240218-M-Buenos_Aires-F-Facundo_Diaz_Acosta-Nicolas_Jarry,1
20240218-M-Delray_Beach-SF-Frances_Tiafoe-Tommy_Paul,2
20240218-M-Rotterdam-F-Alex_De_Minaur-Jannik_Sinner,2
20240220-M-Doha-R32-Gael_Monfils-Botic_Van_De_Zandschulp,1
20240221-M-Doha-R16-Andrey_Rublev-Richard_Gasquet,1
20240221-M-Doha-R16-Andy_Murray-Jakub_Mensik,2
20240221-M-Los_Cabos-R16-Alex_Michelsen-Alex_De_Minaur,1
20240221-M-Rio_de_Janeiro-R32-Arthur_Fils-Joao_Fonseca,2
20240222-M-Doha-QF-Andrey_Rublev-Jakub_Mensik,2
20240222-M-Doha-QF-Ugo_Humbert-Gael_Monfils,2
20240222-M-Los_Cabos-QF-Aleksandar_Kovacevic-Stefanos_Tsitsipas,2
20240222-M-Los_Cabos-QF-Alexander_Zverev-Thanasi_Kokkinakis,1
20240222-M-Los_Cabos-QF-Casper_Ruud-Nuno_Borges,1
20240223-M-Doha-SF-Gael_Monfils-Jakub_Mensik,2
20240223-M-Los_Cabos-SF-Stefanos_Tsitsipas-Casper_Ruud,2
20240223-M-Rio_de_Janeiro-QF-Cameron_Norrie-Thiago_Seyboth_Wild,1
20240223-M-Rio_de_Janeiro-QF-Mariano_Navone-Joao_Fonseca,1
20240224-M-Los_Cabos-F-Jordan_Thompson-Casper_Ruud,1
20240224-M-Rio_de_Janeiro-SF-Francisco_Cerundolo-Sebastian_Baez,2
20240226-M-Acapulco-R32-Jack_Draper-Tommy_Paul,1
20240226-M-Dubai-R32-Hubert_Hurkacz-Jan_Lennard_Struff,1
20240227-M-Acapulco-R32-Christopher_Eubanks-Casper_Ruud,2
20240227-M-Dubai-R32-Alexander_Shevchenko-Daniil_Medvedev,2
20240227-M-Dubai-R32-Ugo_Humbert-Gael_Monfils,1
20240227-M-Santiago-R32-Facundo_Bagnis-Luciano_Darderi,2
20240228-M-Acapulco-R16-Casper_Ruud-Dusan_Lajovic,1
20240228-M-Acapulco-R32-Stefanos_Tsitsipas-Roman_Safiullin,1
20240228-M-Dubai-R16-Andy_Murray-Ugo_Humbert,2
20240228-M-Dubai-R16-Arthur_Cazaux-Andrey_Rublev,2
20240228-M-Dubai-R16-Hubert_Hurkacz-Christopher_Oconnell,1
20240228-M-Dubai-R16-Lorenzo_Sonego-Daniil_Medvedev,2
20240228-M-Dubai-R32-Jiri_Lehecka-Karen_Khachanov,1
20240228-M-Santiago-R16-Thiago_Seyboth_Wild-Arthur_Fils,2
20240229-M-Dubai-QF-Daniil_Medvedev-Alejandro_Davidovich_Fokina,1
20240229-M-Dubai-QF-Hubert_Hurkacz-Ugo_Humbert,2
20240301-M-Dubai-SF-Alexander_Bublik-Andrey_Rublev,1
20240301-M-Dubai-SF-Ugo_Humbert-Daniil_Medvedev,1
20240302-M-Dubai-F-Ugo_Humbert-Alexander_Bublik,1
20240302-M-Santiago-SF-Alejandro_Tabilo-Corentin_Moutet,1
20240303-M-Santiago-F-Alejandro_Tabilo-Sebastian_Baez,2
20240306-M-Indian_Wells_Masters-R128-Emil_Ruusuvuori-Dusan_Lajovic,2
20240307-M-Indian_Wells_Masters-R128-Alex_Michelsen-Jaume_Munar,1
20240307-M-Indian_Wells_Masters-R128-Jakub_Mensik-Seong_Chan_Hong,1
20240307-M-Indian_Wells_Masters-R128-Patrick_Kypson-Ethan_Quinn,1
20240308-M-Indian_Wells_Masters-R64-Andy_Murray-Andrey_Rublev,2
20240308-M-Indian_Wells_Masters-R64-Jannik_Sinner-Thanasi_Kokkinakis,1
20240308-M-Indian_Wells_Masters-R64-Matteo_Arnaldi-Carlos_Alcaraz,2
20240308-M-Indian_Wells_Masters-R64-Taro_Daniel-Alex_De_Minaur,2
20240309-M-Indian_Wells_Masters-R64-Adrian_Mannarino-Tomas_Machac,1
20240309-M-Indian_Wells_Masters-R64-Aleksandar_Vukic-Novak_Djokovic,2
20240309-M-Indian_Wells_Masters-R64-Arthur_Fils-Alejandro_Davidovich_Fokina,1
20240309-M-Indian_Wells_Masters-R64-Gael_Monfils-Hubert_Hurkacz,1
20240309-M-Indian_Wells_Masters-R64-Grigor_Dimitrov-Alexandre_Muller,1
20240309-M-Indian_Wells_Masters-R64-Roman_Safiullin-Sebastian_Korda,2
20240309-M-Indian_Wells_Masters-R64-Tallon_Griekspoor-Yannick_Hanfmann,1
20240309-M-Indian_Wells_Masters-R64-Taylor_Fritz-Alejandro_Tabilo,1
20240310-M-Indian_Wells_Masters-R32-Andrey_Rublev-Jiri_Lehecka,2
20240310-M-Indian_Wells_Masters-R32-Fabian_Marozsan-Thiago_Seyboth_Wild,1
20240310-M-Indian_Wells_Masters-R32-Felix_Auger_Aliassime-Carlos_Alcaraz,2
20240310-M-Indian_Wells_Masters-R32-Jannik_Sinner-Jan_Lennard_Struff,1
20240310-M-Indian_Wells_Masters-R32-Stefanos_Tsitsipas-Frances_Tiafoe,1
20240310-M-Indian_Wells_Masters-R64-Alex_Michelsen-Tommy_Paul,2
20240310-M-Indian_Wells_Masters-R64-Ben_Shelton-Jakub_Mensik,1
20240311-M-Indian_Wells_Masters-R32-Alexander_Zverev-Tallon_Griekspoor,1
20240311-M-Indian_Wells_Masters-R32-Arthur_Fils-Casper_Ruud,2
20240311-M-Indian_Wells_Masters-R32-Gael_Monfils-Cameron_Norrie,1
20240311-M-Indian_Wells_Masters-R32-Grigor_Dimitrov-Adrian_Mannarino,1
20240311-M-Indian_Wells_Masters-R32-Novak_Djokovic-Luca_Nardi,2
20240311-M-Indian_Wells_Masters-R32-Sebastian_Korda-Daniil_Medvedev,2
20240311-M-Indian_Wells_Masters-R32-Taylor_Fritz-Sebastian_Baez,1
20240311-M-Indian_Wells_Masters-R32-Ugo_Humbert-Tommy_Paul,2
20240312-M-Indian_Wells_Masters-R16-Alexander_Zverev-Alex_De_Minaur,1
20240312-M-Indian_Wells_Masters-R16-Fabian_Marozsan-Carlos_Alcaraz,2
20240312-M-Szekesfehervar_CH-R32-Peter_Fajta-Jozef_Kovalik,2
20240313-M-Indian_Wells_Masters-R16-Ben_Shelton-Jannik_Sinner,2
20240313-M-Indian_Wells_Masters-R16-Grigor_Dimitrov-Daniil_Medvedev,2
20240313-M-Indian_Wells_Masters-R16-Taylor_Fritz-Holger_Rune,2
20240313-M-Szekesfehervar_CH-R16-Daniel_Michalski-Dominic_Thiem,1
20240314-M-Indian_Wells_Masters-QF-Carlos_Alcaraz-Alexander_Zverev,1
20240314-M-Indian_Wells_Masters-QF-Casper_Ruud-Tommy_Paul,2
20240314-M-Indian_Wells_Masters-QF-Jiri_Lehecka-Jannik_Sinner,2
20240315-M-Szekesfehervar_CH-R16-Chun_Hsin_Tseng-Matteo_Martineau,1
20240316-M-Indian_Wells_Masters-SF-Jannik_Sinner-Carlos_Alcaraz,2
20240316-M-Indian_Wells_Masters-SF-Tommy_Paul-Daniil_Medvedev,2
20240317-M-Indian_Wells_Masters-F-Daniil_Medvedev-Carlos_Alcaraz,2
20240318-M-Miami_Masters-Q1-Patrick_Kypson-Aleksandar_Kovacevic,2
20240319-M-Miami_Masters-Q2-Aleksandar_Kovacevic-Zizou_Bergs,1
20240320-M-Asuncion_CH-R32-Juan_Carlos_Prado_Angelo-Juan_Pablo_Varillas,2
20240320-M-Miami_Masters-R128-Andy_Murray-Matteo_Berrettini,1
20240320-M-Miami_Masters-R128-Matteo_Arnaldi-Arthur_Fils,1
20240320-M-Miami_Masters-R128-Max_Purcell-Marton_Fucsovics,2
20240321-M-Miami_Masters-R128-Brandon_Nakashima-Alejandro_Tabilo,2
20240321-M-Miami_Masters-R128-Emil_Ruusuvuori-Yannick_Hanfmann,2
20240322-M-Miami_Masters-R128-Gael_Monfils-Dusan_Lajovic,1
20240322-M-Miami_Masters-R64-Ugo_Humbert-Botic_Van_De_Zandschulp,1
20240323-M-Miami_Masters-R64-Alex_Michelsen-Tallon_Griekspoor,2
20240323-M-Miami_Masters-R64-Alexander_Shevchenko-Hubert_Hurkacz,2
20240323-M-Miami_Masters-R64-Casper_Ruud-Luca_Van_Assche,1
20240323-M-Miami_Masters-R64-Jannik_Sinner-Andrea_Vavassori,1
20240323-M-Miami_Masters-R64-Laslo_Djere-Karen_Khachanov,2
20240323-M-Miami_Masters-R64-Marton_Fucsovics-Daniil_Medvedev,2
20240323-M-Miami_Masters-R64-Roberto_Bautista_Agut-Sebastian_Korda,2
20240323-M-Miami_Masters-R64-Roberto_Carballes_Baena-Carlos_Alcaraz,2
20240323-M-Miami_Masters-R64-Thiago_Seyboth_Wild-Taylor_Fritz,1
20240324-M-Miami_Masters-R32-Jannik_Sinner-Tallon_Griekspoor,1
20240324-M-Miami_Masters-R64-Fabian_Marozsan-Holger_Rune,1
20240324-M-Miami_Masters-R64-Felix_Auger_Aliassime-Alexander_Zverev,2
20240324-M-Miami_Masters-R64-Jan_Lennard_Struff-Daniel_Altmaier,1
20240324-M-Miami_Masters-R64-Jiri_Lehecka-Alexei_Popyrin,2
20240325-M-Miami_Masters-R32-Ben_Shelton-Lorenzo_Musetti,2
20240325-M-Miami_Masters-R32-Christopher_Eubanks-Alexander_Zverev,2
20240325-M-Miami_Masters-R32-Grigor_Dimitrov-Yannick_Hanfmann,1
20240325-M-Miami_Masters-R32-Hubert_Hurkacz-Sebastian_Korda,1
20240325-M-San_Luis_Potosi_CH-R32-Valentin_Vacherot-Bernard_Tomic,2
20240326-M-Miami_Masters-R16-Casper_Ruud-Nicolas_Jarry,2
20240326-M-Miami_Masters-R16-Fabian_Marozsan-Alex_De_Minaur,1
20240326-M-Miami_Masters-R16-Hubert_Hurkacz-Grigor_Dimitrov,2
20240326-M-Miami_Masters-R16-Jannik_Sinner-Christopher_Oconnell,1
20240326-M-Miami_Masters-R16-Lorenzo_Musetti-Carlos_Alcaraz,2
20240326-M-Miami_Masters-R16-Matteo_Arnaldi-Tomas_Machac,2
20240326-M-Miami_Masters-R32-Gael_Monfils-Carlos_Alcaraz,2
20240326-M-Sao_Leopoldo_CH-R32-Alvaro_Guillen_Meza-Camilo_Ugo_Carabelli,2
20240327-M-Miami_Masters-QF-Tomas_Machac-Jannik_Sinner,2
20240327-M-Miami_Masters-R16-Alexander_Zverev-Karen_Khachanov,1
20240328-M-Indian_Wells_Masters-R64-Daniil_Medvedev-Roberto_Carballes_Baena,1
20240328-M-Miami_Masters-QF-Daniil_Medvedev-Nicolas_Jarry,1
20240328-M-Miami_Masters-QF-Fabian_Marozsan-Alexander_Zverev,2
20240328-M-Miami_Masters-QF-Grigor_Dimitrov-Carlos_Alcaraz,1
20240329-M-Miami_Masters-SF-Grigor_Dimitrov-Alexander_Zverev,1
20240329-M-Miami_Masters-SF-Jannik_Sinner-Daniil_Medvedev,1
20240329-M-San_Luis_Potosi_CH-QF-Nicolas_Mejia-Thiago_Agustin_Tirante,1
20240331-M-Miami_Masters-F-Grigor_Dimitrov-Jannik_Sinner,2
20240401-M-Estoril-R32-Maximilian_Marterer-Dominic_Thiem,2
20240403-M-Estoril-R32-Gael_Monfils-Henrique_Rocha,1
20240403-M-Estoril-R32-Joao_Sousa-Arthur_Fils,2
20240404-M-Estoril-R16-Hubert_Hurkacz-Jan_Choinski,1
20240405-M-Estoril-QF-Casper_Ruud-Marton_Fucsovics,1
20240405-M-Estoril-QF-Hubert_Hurkacz-Pablo_Llamas_Ruiz,1
20240406-M-Estoril-SF-Casper_Ruud-Pedro_Martinez,2
20240406-M-Estoril-SF-Hubert_Hurkacz-Cristian_Garin,1
20240406-M-Monte_Carlo_Masters-Q1-Lucas_Catarina-Aleksandar_Vukic,2
20240407-M-Barcelona_CH-F-Bernabe_Zapata_Miralles-Nick_Hardt,2
20240407-M-Estoril-F-Hubert_Hurkacz-Pedro_Martinez,1
20240407-M-Monte_Carlo_Masters-R64-Jan_Lennard_Struff-Sebastian_Baez,1
20240407-M-Monte_Carlo_Masters-R64-Taylor_Fritz-Lorenzo_Musetti,2
20240409-M-Monte_Carlo_Masters-R32-Lorenzo_Musetti-Arthur_Fils,1
20240409-M-Monte_Carlo_Masters-R32-Roman_Safiullin-Novak_Djokovic,2
20240409-M-Monte_Carlo_Masters-R64-Hubert_Hurkacz-Jack_Draper,1
20240409-M-Monte_Carlo_Masters-R64-Matteo_Berrettini-Miomir_Kecmanovic,2
20240409-M-Monte_Carlo_Masters-R64-Stan_Wawrinka-Alex_De_Minaur,2
20240410-M-Monte_Carlo_Masters-R32-Alejandro_Tabilo-Casper_Ruud,2
20240410-M-Monte_Carlo_Masters-R32-Gael_Monfils-Daniil_Medvedev,2
20240410-M-Monte_Carlo_Masters-R32-Roberto_Bautista_Agut-Hubert_Hurkacz,2
20240410-M-Monte_Carlo_Masters-R32-Sebastian_Korda-Jannik_Sinner,2
20240410-M-Monte_Carlo_Masters-R32-Stefanos_Tsitsipas-Tomas_Martin_Etcheverry,1
20240411-M-Monte_Carlo_Masters-R16-Alexei_Popyrin-Alex_De_Minaur,2
20240411-M-Monte_Carlo_Masters-R16-Grigor_Dimitrov-Holger_Rune,2
20240411-M-Monte_Carlo_Masters-R16-Hubert_Hurkacz-Casper_Ruud,2
20240411-M-Monte_Carlo_Masters-R16-Jan_Lennard_Struff-Jannik_Sinner,2
20240411-M-Monte_Carlo_Masters-R16-Novak_Djokovic-Lorenzo_Musetti,1
20240411-M-Monte_Carlo_Masters-R16-Stefanos_Tsitsipas-Alexander_Zverev,1
20240412-M-Monte_Carlo_Masters-QF-Holger_Rune-Jannik_Sinner,2
20240412-M-Monte_Carlo_Masters-QF-Karen_Khachanov-Stefanos_Tsitsipas,2
20240412-M-Monte_Carlo_Masters-QF-Novak_Djokovic-Alex_De_Minaur,1
20240412-M-Monte_Carlo_Masters-QF-Ugo_Humbert-Casper_Ruud,2
20240413-M-Monte_Carlo_Masters-SF-Jannik_Sinner-Stefanos_Tsitsipas,2
20240413-M-Monte_Carlo_Masters-SF-Novak_Djokovic-Casper_Ruud,2
20240414-M-Acapulco_CH-Q1-Karue_Sell-Evan_Zhu,1
20240415-M-Barcelona-R64-Facundo_Diaz_Acosta-Daniel_Rincon,1
20240415-M-Barcelona-R64-Martin_Landaluce-Nick_Hardt,2
20240415-M-Munich-R32-Alejandro_Moro_Canas-Dominic_Thiem,1
20240416-M-Barcelona-R64-Juncheng_Shang-Tomas_Machac,2
20240416-M-Barcelona-R64-Rafael_Nadal-Flavio_Cobolli,1
20240416-M-Bucharest-R32-Lorenzo_Sonego-Joao_Fonseca,2
20240417-M-Barcelona-R32-Alexandre_Muller-Casper_Ruud,2
20240417-M-Barcelona-R32-Lorenzo_Musetti-Roberto_Carballes_Baena,2
20240417-M-Barcelona-R32-Sebastian_Ofner-Stefanos_Tsitsipas,2
20240417-M-Barcelona-R32-Ugo_Humbert-Dusan_Lajovic,2
20240418-M-Barcelona-R16-Arthur_Fils-Alex_De_Minaur,1
20240418-M-Barcelona-R16-Brandon_Nakashima-Tomas_Martin_Etcheverry,2
20240418-M-Barcelona-R16-Casper_Ruud-Jordan_Thompson,1
20240418-M-Bucharest-R16-Joao_Fonseca-Radu_Albot,1
20240419-M-Barcelona-QF-Casper_Ruud-Matteo_Arnaldi,1
20240420-M-Munich-SF-Jan_Lennard_Struff-Holger_Rune,1
20240422-M-Madrid-Q1-Radu_Albot-Pedro_Martinez,1
20240422-M-Madrid_Masters-Q1-Emilio_Nava-Benjamin_Hassan,2
20240422-M-Madrid_Masters-Q1-Lukas_Klein-Pol_Martin_Tiffon,1
20240424-M-Madrid_Masters-R128-Christopher_Eubanks-Botic_Van_De_Zandschulp,2
20240424-M-Madrid_Masters-R128-Corentin_Moutet-Juncheng_Shang,2
20240425-M-Madrid_Masters-R128-Thiago_Monteiro-Dusan_Lajovic,1
20240426-M-Madrid_Masters-R64-Alexander_Shevchenko-Carlos_Alcaraz,2
20240426-M-Madrid_Masters-R64-Daniel_Altmaier-Arthur_Fils,1
20240426-M-Madrid_Masters-R64-Hubert_Hurkacz-Jack_Draper,1
20240426-M-Madrid_Masters-R64-Taylor_Fritz-Luciano_Darderi,1
20240427-M-Madrid_Masters-R64-Cameron_Norrie-Joao_Fonseca,1
20240427-M-Madrid_Masters-R64-Jannik_Sinner-Lorenzo_Sonego,1
20240427-M-Madrid_Masters-R64-Rafael_Nadal-Alex_De_Minaur,1
20240428-M-Madrid_Masters-R32-Hubert_Hurkacz-Daniel_Altmaier,1
20240428-M-Madrid_Masters-R32-Tallon_Griekspoor-Holger_Rune,1
20240428-M-Madrid_Masters-R32-Taylor_Fritz-Sebastian_Baez,1
20240428-M-Madrid_Masters-R32-Ugo_Humbert-Jan_Lennard_Struff,2
20240429-M-Guangzhou_CH-R32-Federico_Cina-Bu_Yunchaokete,2
20240429-M-Madrid_Masters-R32-Jannik_Sinner-Pavel_Kotov,1
20240430-M-Madrid_Masters-R16-Andrey_Rublev-Tallon_Griekspoor,1
20240430-M-Madrid_Masters-R16-Jannik_Sinner-Karen_Khachanov,1
20240430-M-Madrid_Masters-R16-Taylor_Fritz-Hubert_Hurkacz,1
20240501-M-Madrid_Masters-QF-Andrey_Rublev-Carlos_Alcaraz,1
20240501-M-Madrid_Masters-QF-Taylor_Fritz-Francisco_Cerundolo,1
20240503-M-Cagliari_CH-QF-Luciano_Darderi-Federico_Coria,1
20240503-M-Madrid_Masters-SF-Andrey_Rublev-Taylor_Fritz,1
20240504-M-Cagliari_CH-SF-Lorenzo_Musetti-Daniel_Elahi_Galan,1
20240504-M-Madrid_Masters-SF-Jiri_Lehecka-Felix_Auger_Aliassime,2
20240505-M-Cagliari_CH-F-Lorenzo_Musetti-Mariano_Navone,2
20240505-M-Madrid_Masters-F-Andrey_Rublev-Felix_Auger_Aliassime,1
20240505-M-Porto_Alegre_CH-F-Daniel_Dutra_Da_Silva-Ergi_Kirkin,2
20240508-M-Rome_Masters-R128-Fabian_Marozsan-Alexander_Shevchenko,2
20240508-M-Rome_Masters-R128-Jakub_Mensik-Yannick_Hanfmann,2
20240509-M-Rome_Masters-R128-Nicolas_Moreno_De_Alboran-Botic_Van_De_Zandschulp,2
20240510-M-Rome_Masters-R64-Casper_Ruud-Miomir_Kecmanovic,2
20240510-M-Rome_Masters-R64-Novak_Djokovic-Corentin_Moutet,1
20240510-M-Rome_Masters-R64-Taylor_Fritz-Fabio_Fognini,1
20240511-M-Rome_Masters-R64-Hubert_Hurkacz-Rafael_Nadal,1
20240512-M-Rome_Masters-R32-Novak_Djokovic-Alejandro_Tabilo,2
20240512-M-Rome_Masters-R32-Taylor_Fritz-Sebastian_Korda,1
20240513-M-Rome_Masters-R16-Nicolas_Jarry-Alexandre_Muller,1
20240513-M-Rome_Masters-R32-Hubert_Hurkacz-Tomas_Martin_Etcheverry,1
20240514-M-Rome_Masters-R16-Hubert_Hurkacz-Sebastian_Baez,1
20240514-M-Rome_Masters-R16-Nuno_Borges-Alexander_Zverev,2
20240514-M-Rome_Masters-R16-Stefanos_Tsitsipas-Alex_De_Minaur,1
20240515-M-Rome_Masters-QF-Alejandro_Tabilo-Zhizhen_Zhang,1
20240515-M-Rome_Masters-QF-Taylor_Fritz-Alexander_Zverev,2
20240516-M-Bordeaux_CH-R16-Andy_Murray-Gregoire_Barrere,2
20240516-M-Bordeaux_CH-R16-Juncheng_Shang-Roberto_Carballes_Baena,1
20240516-M-Rome_Masters-QF-Hubert_Hurkacz-Tommy_Paul,2
20240516-M-Rome_Masters-QF-Stefanos_Tsitsipas-Nicolas_Jarry,2
20240517-M-Bordeaux_CH-QF-Juncheng_Shang-Daniel_Evans,1
20240517-M-Rome_Masters-SF-Alejandro_Tabilo-Alexander_Zverev,2
20240517-M-Rome_Masters-SF-Nicolas_Jarry-Tommy_Paul,1
20240519-M-Rome_Masters-F-Alexander_Zverev-Nicolas_Jarry,1
20240523-M-Geneva-QF-Tallon_Griekspoor-Novak_Djokovic,2
20240526-M-Geneva-F-Casper_Ruud-Tomas_Machac,1
20240526-M-Roland_Garros-R128-Andy_Murray-Stan_Wawrinka,2
20240526-M-Roland_Garros-R128-Carlos_Alcaraz-J_J_Wolf,1
20240526-M-Roland_Garros-R128-Hubert_Hurkacz-Shintaro_Mochizuki,1
20240526-M-Roland_Garros-R128-Jesper_De_Jong-Jack_Draper,1
20240526-M-Roland_Garros-R128-Richard_Gasquet-Borna_Coric,1
20240526-M-Roland_Garros-R128-Ugo_Humbert-Lorenzo_Sonego,2
20240527-M-Roland_Garros-R128-Christopher_Eubanks-Jannik_Sinner,2
20240527-M-Roland_Garros-R128-Filip_Misolic-Otto_Virtanen,1
20240527-M-Roland_Garros-R128-Max_Purcell-Henri_Squire,2
20240527-M-Roland_Garros-R128-Rafael_Nadal-Alexander_Zverev,2
20240527-M-Roland_Garros-R128-Stefanos_Tsitsipas-Marton_Fucsovics,1
20240527-M-Roland_Garros-R128-Thiago_Seyboth_Wild-Gael_Monfils,2
20240528-M-Roland_Garros-R128-Alexander_Bublik-Gregoire_Barrere,1
20240528-M-Roland_Garros-R128-Arthur_Cazaux-Tomas_Martin_Etcheverry,2
20240528-M-Roland_Garros-R128-Giovanni_Mpetshi_Perricard-David_Goffin,2
20240528-M-Roland_Garros-R128-Pierre_Hugues_Herbert-Novak_Djokovic,2
20240528-M-Roland_Garros-R128-Thanasi_Kokkinakis-Alexei_Popyrin,1
20240528-M-Roland_Garros-R128-Valentin_Vacherot-Alejandro_Davidovich_Fokina,2
20240529-M-Roland_Garros-R64-Andrey_Rublev-Pedro_Martinez,1
20240529-M-Roland_Garros-R64-Jesper_De_Jong-Carlos_Alcaraz,2
20240529-M-Roland_Garros-R64-Richard_Gasquet-Jannik_Sinner,2
20240529-M-Vicenza_CH-R16-Genaro_Alberto_Olivieri-Adrian_Andreev,2
20240529-M-Vicenza_CH-R16-Juan_Carlos_Prado_Angelo-Vilius_Gaubas,1
20240530-M-Roland_Garros-R64-Casper_Ruud-Alejandro_Davidovich_Fokina,1
20240530-M-Roland_Garros-R64-Flavio_Cobolli-Holger_Rune,2
20240530-M-Roland_Garros-R64-Novak_Djokovic-Roberto_Carballes_Baena,1
20240530-M-Roland_Garros-R64-Tomas_Machac-Mariano_Navone,1
20240531-M-Roland_Garros-R32-Ben_Shelton-Felix_Auger_Aliassime,2
20240531-M-Roland_Garros-R32-Hubert_Hurkacz-Denis_Shapovalov,1
20240531-M-Roland_Garros-R32-Matteo_Arnaldi-Andrey_Rublev,1
20240531-M-Roland_Garros-R32-Pavel_Kotov-Jannik_Sinner,2
20240531-M-Roland_Garros-R32-Sebastian_Korda-Carlos_Alcaraz,2
20240531-M-Roland_Garros-R32-Stefanos_Tsitsipas-Zhizhen_Zhang,1
20240601-M-Roland_Garros-R32-Novak_Djokovic-Lorenzo_Musetti,1
20240601-M-Roland_Garros-R32-Tallon_Griekspoor-Alexander_Zverev,2
20240602-M-Roland_Garros-R16-Carlos_Alcaraz-Felix_Auger_Aliassime,1
20240602-M-Roland_Garros-R16-Grigor_Dimitrov-Hubert_Hurkacz,1
20240602-M-Roland_Garros-R16-Jannik_Sinner-Corentin_Moutet,1
20240603-M-Roland_Garros-R16-Novak_Djokovic-Francisco_Cerundolo,1
20240604-M-Roland_Garros-QF-Grigor_Dimitrov-Jannik_Sinner,2
20240604-M-Roland_Garros-R16-Alexander_Zverev-Holger_Rune,1
20240606-M-Prostejov_CH-QF-Laslo_Djere-Lukas_Neumayer,1
20240607-M-Roland_Garros-SF-Carlos_Alcaraz-Jannik_Sinner,1
20240607-M-Roland_Garros-SF-Casper_Ruud-Alexander_Zverev,2
20240608-M-Roland_Garros_Juniors-F-Kaylan_Bigun-Tomasz_Berkieta,1
20240609-M-Roland_Garros-F-Alexander_Zverev-Carlos_Alcaraz,2
20240611-M-Stuttgart-R32-Flavio_Cobolli-Jan_Lennard_Struff,2
20240611-M-Stuttgart-R32-Giovanni_Mpetshi_Perricard-Lorenzo_Musetti,2
20240612-M-Stuttgart-R16-Alexander_Bublik-Hamad_Medjedovic,1
20240612-M-Stuttgart-R16-Lorenzo_Musetti-Dominik_Koepfer,1
20240612-M-s_Hertogenbosch-R16-Ugo_Humbert-Arthur_Fils,1
20240613-M-Stuttgart-R16-Brandon_Nakashima-Richard_Gasquet,1
20240613-M-Stuttgart-R16-Denis_Shapovalov-Matteo_Berrettini,2
20240613-M-Stuttgart-R16-Jan_Lennard_Struff-Arthur_Rinderknech,1
20240614-M-Stuttgart-QF-Lorenzo_Musetti-Alexander_Bublik,1
20240614-M-s_Hertogenbosch-QF-Tommy_Paul-Sebastian_Korda,2
20240615-M-Stuttgart-SF-Brandon_Nakashima-Jack_Draper,2
20240615-M-Stuttgart-SF-Lorenzo_Musetti-Matteo_Berrettini,2
20240615-M-s_Hertogenbosch-SF-Tallon_Griekspoor-Sebastian_Korda,2
20240615-M-s_Hertogenbosch-SF-Ugo_Humbert-Alex_De_Minaur,2
20240616-M-s_Hertogenbosch-F-Alex_De_Minaur-Sebastian_Korda,1
20240617-M-Halle-R32-Hubert_Hurkacz-Flavio_Cobolli,1
20240617-M-Queens_Club-R32-Grigor_Dimitrov-Adrian_Mannarino,1
20240618-M-Halle-R32-Tomas_Machac-Arthur_Fils,2
20240618-M-Queens_Club-R32-Lorenzo_Musetti-Alex_De_Minaur,1
20240618-M-Queens_Club-R32-Mariano_Navone-Jack_Draper,2
20240619-M-Halle-R16-Arthur_Fils-Dominik_Koepfer,1
20240619-M-Halle-R16-Lorenzo_Sonego-Alexander_Zverev,2
20240619-M-Queens_Club-R16-Grigor_Dimitrov-Sebastian_Korda,2
20240620-M-Halle-R16-Hubert_Hurkacz-James_Duckworth,1
20240620-M-Halle-R16-Stefanos_Tsitsipas-Jan_Lennard_Struff,2
20240621-M-Halle-QF-Arthur_Fils-Alexander_Zverev,2
20240621-M-Halle-QF-Hubert_Hurkacz-Marcos_Giron,1
20240621-M-Queens_Club-QF-Rinky_Hijikata-Sebastian_Korda,2
20240622-M-Halle-SF-Hubert_Hurkacz-Alexander_Zverev,1
20240622-M-Halle-SF-Zhizhen_Zhang-Jannik_Sinner,2
20240622-M-Queens_Club-SF-Lorenzo_Musetti-Jordan_Thompson,1
20240622-M-Queens_Club-SF-Tommy_Paul-Sebastian_Korda,1
20240622-M-Sassuolo_CH-F-Jesper_De_Jong-Daniel_Altmaier,1
20240623-M-Halle-F-Hubert_Hurkacz-Jannik_Sinner,2
20240623-M-Queens_Club-F-Tommy_Paul-Lorenzo_Musetti,1
20240625-M-Eastbourne-R32-Cameron_Norrie-Emil_Ruusuvuori,2
20240626-M-Eastbourne-R16-Miomir_Kecmanovic-Sebastian_Baez,1
20240701-M-Bloomfield_Hills_CH-Q2-Strong_Kirchheimer-Ryan_Seggerman,2
20240701-M-Bloomfield_Hills_CH-R32-Ozan_Baris-Ethan_Quinn,2
20240701-M-Wimbledon-R128-Alex_Michelsen-Lloyd_Harris,2
20240701-M-Wimbledon-R128-Carlos_Alcaraz-Mark_Lajal,1
20240701-M-Wimbledon-R128-Gael_Monfils-Adrian_Mannarino,1
20240701-M-Wimbledon-R128-Jannik_Sinner-Yannick_Hanfmann,1
20240701-M-Wimbledon-R128-Matteo_Berrettini-Marton_Fucsovics,1
20240701-M-Wimbledon-R128-Stan_Wawrinka-Charles_Broom,1
20240702-M-Wimbledon-R128-Alejandro_Moro_Canas-Jacob_Fearnley,2
20240702-M-Wimbledon-R128-Andrey_Rublev-Francisco_Comesana,2
20240702-M-Wimbledon-R128-Giovanni_Mpetshi_Perricard-Sebastian_Korda,1
20240702-M-Wimbledon-R128-Hubert_Hurkacz-Radu_Albot,1
20240702-M-Wimbledon-R128-Lorenzo_Musetti-Constant_Lestienne,1
20240702-M-Wimbledon-R128-Mackenzie_Mcdonald-Emil_Ruusuvuori,2
20240702-M-Wimbledon-R128-Novak_Djokovic-Vit_Kopriva,1
20240702-M-Wimbledon-R128-Thiago_Seyboth_Wild-Paul_Jubb,1
20240702-M-Wimbledon-R128-Tomas_Machac-David_Goffin,1
20240703-M-Wimbledon-R64-Jannik_Sinner-Matteo_Berrettini,1
20240703-M-Wimbledon-R64-Tommy_Paul-Otto_Virtanen,1
20240704-M-Wimbledon-R64-Giovanni_Mpetshi_Perricard-Yoshihito_Nishioka,1
20240704-M-Wimbledon-R64-Hubert_Hurkacz-Arthur_Fils,2
20240705-M-Karlsruhe_CH-QF-Zsombor_Piros-Adrian_Andreev,1
20240705-M-Wimbledon-R32-Grigor_Dimitrov-Gael_Monfils,1
20240705-M-Wimbledon-R32-Jannik_Sinner-Miomir_Kecmanovic,1
20240706-M-Wimbledon-R32-Novak_Djokovic-Alexei_Popyrin,1
20240707-M-ITF_Tokyo-F-Karlis_Ozolins-Masamichi_Imamura,1
20240707-M-Wimbledon-R16-Ben_Shelton-Jannik_Sinner,2
20240707-M-Wimbledon-R16-Grigor_Dimitrov-Daniil_Medvedev,2
20240708-M-Wimbledon-R16-Lorenzo_Musetti-Giovanni_Mpetshi_Perricard,1
20240708-M-Wimbledon-R16-Novak_Djokovic-Holger_Rune,1
20240709-M-Wimbledon-QF-Daniil_Medvedev-Jannik_Sinner,1
20240709-M-Wimbledon-QF-Tommy_Paul-Carlos_Alcaraz,2
20240710-M-Wimbledon-QF-Taylor_Fritz-Lorenzo_Musetti,2
20240711-M-Winnipeg_CH-R16-Marc_Polmans-Bu_Yunchaokete,2
20240712-M-Wimbledon-SF-Daniil_Medvedev-Carlos_Alcaraz,2
20240712-M-Wimbledon-SF-Novak_Djokovic-Lorenzo_Musetti,1
20240713-M-Braunschweig_CH-F-Botic_Van_De_Zandschulp-Roberto_Carballes_Baena,2
20240715-M-Newport-R32-Radu_Albot-Maxime_Cressy,2
20240716-M-Bastad-R32-Rafael_Nadal-Leo_Borg,1
20240716-M-Newport-R32-Rinky_Hijikata-Mackenzie_Mcdonald,2
20240719-M-Gstaad-QF-Stefanos_Tsitsipas-Fabio_Fognini,1
20240719-M-Hamburg-QF-Holger_Rune-Arthur_Fils,2
20240719-M-Hamburg-QF-Zhizhen_Zhang-Alexander_Zverev,2
20240720-M-Granby_CH-SF-Hugo_Grenier-Bu_Yunchaokete,2
20240720-M-Gstaad-SF-Quentin_Halys-Jan_Lennard_Struff,1
20240720-M-Hamburg-SF-Arthur_Fils-Sebastian_Baez,1
20240720-M-Hamburg-SF-Pedro_Martinez-Alexander_Zverev,2
20240720-M-Newport-SF-Alex_Michelsen-Reilly_Opelka,1
20240720-M-Newport-SF-Christopher_Eubanks-Marcos_Giron,2
20240721-M-Gstaad-F-Quentin_Halys-Matteo_Berrettini,2
20240721-M-Hamburg-F-Arthur_Fils-Alexander_Zverev,1
20240723-M-Chicago_CH-R32-James_Trotter-Gabriel_Diallo,2
20240724-M-Chicago_CH-R16-Gabriel_Diallo-Joao_Fonseca,1
20240724-M-Umag-R16-Marco_Trungelliti-Lorenzo_Musetti,2
20240725-M-Atlanta-R16-Ben_Shelton-Juncheng_Shang,2
20240725-M-Chicago_CH-R16-Hugo_Grenier-Nishesh_Basavareddy,1
20240725-M-Umag-QF-Dusan_Lajovic-Lorenzo_Musetti,2
20240726-M-Umag-SF-Jakub_Mensik-Lorenzo_Musetti,2
20240727-M-Olympics-R64-Matthew_Ebden-Novak_Djokovic,2
20240727-M-Umag-F-Francisco_Cerundolo-Lorenzo_Musetti,1
20240728-M-Olympics-R64-Moez_Echargui-Daniel_Evans,2
20240728-M-Olympics-R64-Rafael_Nadal-Marton_Fucsovics,1
20240728-M-Olympics-R64-Sebastian_Ofner-Robin_Haase,1
20240728-M-Olympics-R64-Tallon_Griekspoor-Petros_Tsitsipas,1
20240729-M-Olympics-R32-Carlos_Alcaraz-Tallon_Griekspoor,1
20240729-M-Olympics-R32-Novak_Djokovic-Rafael_Nadal,1
20240730-M-Olympics-R32-Sebastian_Ofner-Daniil_Medvedev,2
20240731-M-Olympics-R16-Alexander_Zverev-Alexei_Popyrin,1
20240731-M-Olympics-R16-Casper_Ruud-Francisco_Cerundolo,1
20240731-M-Olympics-R16-Novak_Djokovic-Dominik_Koepfer,1
20240731-M-Paris_Olympics-R16-Stefanos_Tsitsipas-Sebastian_Baez,1
20240731-M-Washington-R32-Giovanni_Mpetshi_Perricard-Emil_Ruusuvuori,1
20240801-M-Olympics-QF-Novak_Djokovic-Stefanos_Tsitsipas,1
20240802-M-Olympics-SF-Felix_Auger_Aliassime-Carlos_Alcaraz,2
20240802-M-Olympics-SF-Novak_Djokovic-Lorenzo_Musetti,1
20240802-M-Washington-R16-Andrey_Rublev-Arthur_Rinderknech,1
20240803-M-Lexington_CH-QF-Gabriel_Diallo-Joao_Fonseca,2
20240803-M-Luedenscheid-F-Botic_Van_De_Zandschulp-Raphael_Collignon,2
20240803-M-Olympics-BR-Felix_Auger_Aliassime-Lorenzo_Musetti,2
20240804-M-Canada_Masters-Q1-Liam_Draxl-Borna_Coric,2
20240804-M-Lexington_CH-F-Joao_Fonseca-Li_Tu,1
20240807-M-Canada_Masters-R64-Alexei_Popyrin-Tomas_Machac,1
20240807-M-Canada_Masters-R64-Arthur_Fils-Ugo_Humbert,2
20240807-M-Canada_Masters-R64-Flavio_Cobolli-Felix_Auger_Aliassime,1
20240807-M-Canada_Masters-R64-Taylor_Fritz-Mariano_Navone,1
20240807-M-Lincoln_CH-R16-Nishesh_Basavareddy-Cooper_Williams,1
20240808-M-Canada_Masters-R32-Alejandro_Davidovich_Fokina-Daniil_Medvedev,1
20240808-M-Canada_Masters-R32-Alexander_Zverev-Jordan_Thompson,1
20240808-M-Canada_Masters-R32-Andrey_Rublev-Tomas_Martin_Etcheverry,1
20240808-M-Canada_Masters-R32-Borna_Coric-Jannik_Sinner,2
20240808-M-Canada_Masters-R32-Lorenzo_Sonego-Alejandro_Tabilo,2
20240808-M-Canada_Masters-R32-Stefanos_Tsitsipas-Kei_Nishikori,2
20240808-M-Canada_Masters-R64-Gael_Monfils-Thanasi_Kokkinakis,2
20240809-M-Bogota_CH-QF-Juan_Pablo_Ficovich-Karue_Sell,2
20240810-M-Canada_Masters-QF-Andrey_Rublev-Jannik_Sinner,1
20240810-M-Canada_Masters-QF-Matteo_Arnaldi-Kei_Nishikori,1
20240810-M-Canada_Masters-R16-Alejandro_Tabilo-Jannik_Sinner,2
20240810-M-Canada_Masters-R16-Brandon_Nakashima-Andrey_Rublev,2
20240810-M-Canada_Masters-R16-Holger_Rune-Alexander_Zverev,2
20240810-M-Canada_Masters-R16-Hubert_Hurkacz-Arthur_Rinderknech,1
20240810-M-Canada_Masters-R64-Hubert_Hurkacz-Thanasi_Kokkinakis,1
20240811-M-Canada_Masters-QF-Alexander_Zverev-Sebastian_Korda,2
20240811-M-Canada_Masters-QF-Hubert_Hurkacz-Alexei_Popyrin,2
20240811-M-Canada_Masters-SF-Alexei_Popyrin-Sebastian_Korda,1
20240811-M-Canada_Masters-SF-Matteo_Arnaldi-Andrey_Rublev,2
20240812-M-Canada_Masters-F-Andrey_Rublev-Alexei_Popyrin,2
20240812-M-Cincinnati_Masters-Q2-Alex_Michelsen-Mackenzie_Mcdonald,1
20240813-M-Cincinnati_Masters-R64-Francisco_Cerundolo-Karen_Khachanov,2
20240814-M-Cincinnati_Masters-R64-Gael_Monfils-Alexei_Popyrin,1
20240815-M-Cincinnati_Masters-R32-Andrey_Rublev-Zhizhen_Zhang,1
20240815-M-Cincinnati_Masters-R32-Gael_Monfils-Carlos_Alcaraz,1
20240815-M-Cincinnati_Masters-R32-Hubert_Hurkacz-Yoshihito_Nishioka,1
20240815-M-Cincinnati_Masters-R32-Jiri_Lehecka-Daniil_Medvedev,1
20240815-M-Cincinnati_Masters-R32-Jordan_Thompson-Sebastian_Baez,1
20240815-M-Cincinnati_Masters-R32-Lorenzo_Musetti-Frances_Tiafoe,2
20240816-M-Cincinnati_Masters-R16-Hubert_Hurkacz-Flavio_Cobolli,1
20240816-M-Cincinnati_Masters-R32-Casper_Ruud-Felix_Auger_Aliassime,2
20240817-M-Cincinnati_Masters-QF-Andrey_Rublev-Jannik_Sinner,2
20240817-M-Cincinnati_Masters-QF-Ben_Shelton-Alexander_Zverev,2
20240817-M-Cincinnati_Masters-QF-Hubert_Hurkacz-Frances_Tiafoe,2
20240818-M-Cincinnati_Masters-SF-Jannik_Sinner-Alexander_Zverev,1
20240819-M-Cincinnati_Masters-F-Jannik_Sinner-Frances_Tiafoe,1
20240822-M-US_Open-Q3-Jesper_De_Jong-Li_Tu,2
20240822-M-US_Open-Q3-Joao_Fonseca-Eliot_Spizzirri,2
20240823-M-Winston_Salem-SF-Lorenzo_Sonego-David_Goffin,1
20240826-M-US_Open-R128-Ben_Shelton-Dominic_Thiem,1
20240826-M-US_Open-R128-Brandon_Nakashima-Holger_Rune,1
20240826-M-US_Open-R128-Casper_Ruud-Bu_Yunchaokete,1
20240826-M-US_Open-R128-Gael_Monfils-Diego_Schwartzman,1
20240826-M-US_Open-R128-Giovanni_Mpetshi_Perricard-Tomas_Martin_Etcheverry,2
20240826-M-US_Open-R128-Kyrian_Jacquet-Grigor_Dimitrov,2
20240826-M-US_Open-R128-Lorenzo_Musetti-Reilly_Opelka,1
20240826-M-US_Open-R128-Pedro_Martinez-Maks_Kasnikowski,1
20240826-M-US_Open-R128-Taylor_Fritz-Camilo_Ugo_Carabelli,1
20240827-M-US_Open-R128-Alex_De_Minaur-Marcos_Giron,1
20240827-M-US_Open-R128-Hubert_Hurkacz-Timofey_Skatov,1
20240827-M-US_Open-R128-Jakub_Mensik-Felix_Auger_Aliassime,1
20240827-M-US_Open-R128-Jannik_Sinner-Mackenzie_Mcdonald,1
20240827-M-US_Open-R128-Karen_Khachanov-Daniel_Evans,2
20240827-M-US_Open-R128-Learner_Tien-Arthur_Fils,2
20240827-M-US_Open-R128-Li_Tu-Carlos_Alcaraz,2
20240827-M-US_Open-R128-Radu_Albot-Novak_Djokovic,2
20240827-M-US_Open-R128-Stan_Wawrinka-Mattia_Bellucci,2
20240827-M-US_Open-R128-Stefanos_Tsitsipas-Thanasi_Kokkinakis,2
20240827-M-US_Open-R128-Tristan_Schoolkate-Taro_Daniel,1
20240828-M-US_Open-R64-Lorenzo_Musetti-Miomir_Kecmanovic,1
20240828-M-US_Open-R64-Novak_Djokovic-Laslo_Djere,1
20240829-M-US_Open-R64-Adrian_Mannarino-David_Goffin,2
20240829-M-US_Open-R64-Alex_Michelsen-Jannik_Sinner,2
20240829-M-US_Open-R64-Botic_Van_De_Zandschulp-Carlos_Alcaraz,1
20240829-M-US_Open-R64-Fabian_Marozsan-Daniil_Medvedev,2
20240829-M-US_Open-R64-Gabriel_Diallo-Arthur_Fils,1
20240829-M-US_Open-R64-Hubert_Hurkacz-Jordan_Thompson,2
20240829-M-US_Open-R64-Otto_Virtanen-Alex_De_Minaur,2
20240829-M-US_Open-R64-Taylor_Fritz-Matteo_Berrettini,1
20240830-M-US_Open-R32-Andrey_Rublev-Jiri_Lehecka,1
20240830-M-US_Open-R32-Ben_Shelton-Frances_Tiafoe,2
20240830-M-US_Open-R32-Grigor_Dimitrov-Tallon_Griekspoor,1
20240830-M-US_Open-R32-Lorenzo_Musetti-Brandon_Nakashima,2
20240830-M-US_Open-R32-Novak_Djokovic-Alexei_Popyrin,2
20240831-M-US_Open-R32-David_Goffin-Tomas_Machac,2
20240831-M-US_Open-R32-Jack_Draper-Botic_Van_De_Zandschulp,1
20240831-M-US_Open-R32-Jakub_Mensik-Nuno_Borges,2
20240831-M-US_Open-R32-Jannik_Sinner-Christopher_Oconnell,1
20240901-M-US_Open-R16-Casper_Ruud-Taylor_Fritz,2
20240901-M-US_Open-R16-Grigor_Dimitrov-Andrey_Rublev,1
20240901-M-US_Open-R32-Daniil_Medvedev-Flavio_Cobolli,1
20240902-M-US_Open-R16-Jannik_Sinner-Tommy_Paul,1
20240902-M-US_Open-R16-Nuno_Borges-Daniil_Medvedev,2
20240903-M-US_Open-QF-Grigor_Dimitrov-Frances_Tiafoe,2
20240904-M-US_Open-QF-Daniil_Medvedev-Jannik_Sinner,2
20240906-M-US_Open-SF-Jack_Draper-Jannik_Sinner,2
20240906-M-US_Open-SF-Taylor_Fritz-Frances_Tiafoe,1
20240908-M-US_Open-F-Taylor_Fritz-Jannik_Sinner,2
20240910-M-Davis_Cup_World_Group-RR-Botic_Van_De_Zandschulp-Raphael_Collignon,1
20240910-M-Davis_Cup_World_Group-RR-Tallon_Griekspoor-Zizou_Bergs,2
20240911-M-Davis_Cup_World_Group-RR-Matteo_Berrettini-Joao_Fonseca,1
20240912-M-Davis_Cup_World_Group-RR-Joao_Fonseca-Botic_Van_De_Zandschulp,1
20240912-M-Davis_Cup_World_Group-RR-Tallon_Griekspoor-Thiago_Monteiro,1
20240914-M-Dobrich_CH-F-Guy_Den_Ouden-Jelle_Sels,1
20240915-M-Davis_Cup_World_Group-RR-Botic_Van_De_Zandschulp-Matteo_Berrettini,2
20240915-M-Davis_Cup_World_Group-RR-Tallon_Griekspoor-Flavio_Cobolli,2
20240920-M-Chengdu-R16-Giovanni_Mpetshi_Perricard-Yannick_Hanfmann,2
20240921-M-Chengdu-R16-Lorenzo_Musetti-Christopher_Oconnell,1
20240922-M-Chengdu-QF-Adrian_Mannarino-Lorenzo_Musetti,2
20240922-M-Saint_Tropez_CH-F-Gijs_Brouwer-Lucas_Pouille,1
20240924-M-Hangzhou-F-Marin_Cilic-Zhizhen_Zhang,1
20240925-M-Antofagasta_CH-R16-Jesper_De_Jong-Karue_Sell,1
20240925-M-Tokyo-R32-Hubert_Hurkacz-Marcos_Giron,1
20240926-M-Beijing-R32-Jannik_Sinner-Nicolas_Jarry,1
20240926-M-Tokyo-R32-Alex_Michelsen-Stefanos_Tsitsipas,1
20240926-M-Tokyo-R32-Brandon_Nakashima-Frances_Tiafoe,1
20240926-M-Tokyo-R32-Casper_Ruud-Jordan_Thompson,2
20240926-M-Tokyo-R32-Taylor_Fritz-Arthur_Fils,2
20240927-M-Beijing-R32-Andrey_Rublev-Pablo_Carreno_Busta,1
20240927-M-Beijing-R32-Gael_Monfils-Daniil_Medvedev,2
20240927-M-Beijing-R32-Giovanni_Mpetshi_Perricard-Carlos_Alcaraz,2
20240927-M-Tokyo-R16-Hubert_Hurkacz-Jack_Draper,2
20240927-M-Tokyo-R16-Ugo_Humbert-Brandon_Nakashima,1
20240928-M-Beijing-R16-Roman_Safiullin-Jannik_Sinner,2
20240928-M-Tokyo-R16-Tomas_Machac-Tommy_Paul,1
20240929-M-Beijing-R16-Carlos_Alcaraz-Tallon_Griekspoor,1
20240930-M-Beijing-QF-Karen_Khachanov-Carlos_Alcaraz,2
20241001-M-Beijing-SF-Daniil_Medvedev-Carlos_Alcaraz,2
20241001-M-Tokyo-F-Ugo_Humbert-Arthur_Fils,2
20241002-M-Beijing-F-Carlos_Alcaraz-Jannik_Sinner,1
20241003-M-Shanghai_Masters-R128-Giovanni_Mpetshi_Perricard-Stan_Wawrinka,2
20241004-M-Shanghai_Masters-R64-Tomas_Martin_Etcheverry-Botic_Van_De_Zandschulp,1
20241004-M-Tiburon_CH-QF-Nishesh_Basavareddy-Karue_Sell,1
20241005-M-Shanghai_Masters-R64-Juncheng_Shang-Carlos_Alcaraz,2
20241008-M-Shanghai_Masters-R32-Novak_Djokovic-Flavio_Cobolli,1
20241009-M-Shanghai_Masters-R16-Ben_Shelton-Jannik_Sinner,2
20241009-M-Shanghai_Masters-R16-Gael_Monfils-Carlos_Alcaraz,2
20241009-M-Shanghai_Masters-R16-Novak_Djokovic-Roman_Safiullin,1
20241009-M-Shanghai_Masters-R16-Stefanos_Tsitsipas-Daniil_Medvedev,2
20241009-M-Shanghai_Masters-R16-Taylor_Fritz-Holger_Rune,1
20241010-M-Shanghai_Masters-QF-Jannik_Sinner-Daniil_Medvedev,1
20241010-M-Shanghai_Masters-QF-Tomas_Machac-Carlos_Alcaraz,1
20241011-M-Fairfield_CH-QF-Alexis_Galarneau-Bernard_Tomic,2
20241011-M-Shanghai_Masters-QF-Taylor_Fritz-David_Goffin,1
20241012-M-Shanghai_Masters-SF-Jannik_Sinner-Tomas_Machac,1
20241012-M-Shanghai_Masters-SF-Taylor_Fritz-Novak_Djokovic,2
20241013-M-Fairfield_CH-F-Learner_Tien-Bernard_Tomic,1
20241013-M-Shanghai_Masters-F-Novak_Djokovic-Jannik_Sinner,2
20241013-M-Villa_Maria_CH-F-Jesper_De_Jong-Camilo_Ugo_Carabelli,2
20241014-M-Stockholm-R32-Tallon_Griekspoor-Pavel_Kotov,1
20241015-M-Campinas_CH-R32-Daniel_Dutra_Da_Silva-Karue_Sell,2
20241017-M-Antwerp-R16-Daniel_Altmaier-Jiri_Lehecka,2
20241017-M-Campinas_CH-R16-Camilo_Ugo_Carabelli-Karue_Sell,1
20241017-M-Stockholm-R16-Alexandre_Muller-Andrey_Rublev,2
20241018-M-Antwerp-QF-Stefanos_Tsitsipas-Jiri_Lehecka,2
20241018-M-Campinas_CH-QF-Tomas_Barrios_Vera-Camilo_Ugo_Carabelli,2
20241018-M-Stockholm-QF-Andrey_Rublev-Stan_Wawrinka,2
20241019-M-Six_Kings_Slam-RR-Rafael_Nadal-Novak_Djokovic,2
20241019-M-Stockholm-SF-Tommy_Paul-Stan_Wawrinka,1
20241020-M-Antwerp-F-Roberto_Bautista_Agut-Jiri_Lehecka,1
20241020-M-Six_Kings_Slam-F-Jannik_Sinner-Carlos_Alcaraz,1
20241021-M-Basel-R32-Andrey_Rublev-Nuno_Borges,1
20241021-M-Basel-R32-James_Duckworth-Giovanni_Mpetshi_Perricard,2
20241021-M-Basel-R32-Jerome_Kym-Ugo_Humbert,2
20241021-M-Curitiba_CH-R32-Karue_Sell-Henrique_Rocha,1
20241022-M-Vienna-R32-Lorenzo_Musetti-Lorenzo_Sonego,1
20241022-M-Vienna-R32-Luciano_Darderi-Dominic_Thiem,1
20241023-M-Vienna-R16-Alexander_Zverev-Marcos_Giron,1
20241023-M-Vienna-R32-Fabian_Marozsan-Tomas_Machac,2
20241024-M-Basel-R16-Giovanni_Mpetshi_Perricard-Felix_Auger_Aliassime,1
20241024-M-Brest_CH-R16-Billy_Harris-Joao_Fonseca,2
20241024-M-Curitiba_CH-R16-Mateus_Alves-Karue_Sell,1
20241025-M-Basel-QF-Arthur_Fils-Stefanos_Tsitsipas,1
20241025-M-Basel-QF-Denis_Shapovalov-Giovanni_Mpetshi_Perricard,1
20241026-M-Basel-SF-Ben_Shelton-Arthur_Fils,1
20241028-M-Paris_Masters-R64-Tallon_Griekspoor-Luciano_Darderi,1
20241028-M-Sydney_CH-Q1-Cooper_Kose-Joshua_Sheehy,2
20241029-M-Charlottesville_CH-R32-Alexis_Galarneau-Naoki_Nakagawa,1
20241029-M-Charlottesville_CH-R32-Zachary_Svajda-Dylan_Dietrich,2
20241029-M-Paris_Masters-R32-Carlos_Alcaraz-Nicolas_Jarry,1
20241029-M-Paris_Masters-R32-Stefanos_Tsitsipas-Alejandro_Tabilo,1
20241029-M-Paris_Masters-R64-Arthur_Fils-Marin_Cilic,1
20241029-M-Paris_Masters-R64-Hubert_Hurkacz-Alex_Michelsen,2
20241030-M-Paris_Masters-R32-Arthur_Fils-Jan_Lennard_Struff,1
20241030-M-Paris_Masters-R32-Ugo_Humbert-Marcos_Giron,1
20241031-M-Paris_Masters-R16-Karen_Khachanov-Alexei_Popyrin,1
20241101-M-Bratislava_2_CH-QF-Gabriel_Diallo-Raphael_Collignon,2
20241101-M-Guayaquil_CH-QF-Federico_Agustin_Gomez-Alex_Barrena,1
20241101-M-Paris_Masters-QF-Stefanos_Tsitsipas-Alexander_Zverev,2
20241102-M-Paris_Masters-SF-Alexander_Zverev-Holger_Rune,1
20241103-M-Brazzaville_CH-F-Goncalo_Oliveira-Filip_Cristian_Jianu,1
20241103-M-Paris_Masters-F-Ugo_Humbert-Alexander_Zverev,2
20241105-M-Knoxville_CH-R32-Colton_Smith-Nishesh_Basavareddy,2
20241106-M-Knoxville_CH-R16-Zachary_Svajda-Nishesh_Basavareddy,2
20241108-M-Belgrade-SF-Denis_Shapovalov-Jiri_Lehecka,1
20241109-M-Knoxville_CH-SF-Learner_Tien-Nishesh_Basavareddy,1
20241110-M-Helsinki_CH-F-Luca_Nardi-Kei_Nishikori,2
20241110-M-Tour_Finals-RR-Jannik_Sinner-Alex_De_Minaur,1
20241110-M-Tour_Finals-RR-Taylor_Fritz-Daniil_Medvedev,1
20241111-M-Tour_Finals-RR-Andrey_Rublev-Alexander_Zverev,2
20241111-M-Tour_Finals-RR-Casper_Ruud-Carlos_Alcaraz,1
20241112-M-Champaign_CH-R32-Martin_Borisiouk-Nishesh_Basavareddy,2
20241112-M-Tour_Finals-RR-Alex_De_Minaur-Daniil_Medvedev,2
20241112-M-Tour_Finals-RR-Jannik_Sinner-Taylor_Fritz,1
20241113-M-Tour_Finals-RR-Casper_Ruud-Alexander_Zverev,2
20241114-M-Tour_Finals-RR-Jannik_Sinner-Daniil_Medvedev,1
20241115-M-Champaign_CH-QF-Govind_Nanda-Nishesh_Basavareddy,2
20241116-M-Champaign_CH-SF-Nishesh_Basavareddy-Eliot_Spizzirri,1
20241116-M-Tour_Finals-SF-Jannik_Sinner-Casper_Ruud,1
20241116-M-Tour_Finals-SF-Taylor_Fritz-Alexander_Zverev,1
20241117-M-Champaign_CH-F-Nishesh_Basavareddy-Ethan_Quinn,2
20241117-M-Tour_Finals-F-Taylor_Fritz-Jannik_Sinner,2
20241117-M-Yokohama_CH-Q2-Kris_Van_Wyk-Federico_Cina,2
20241118-M-Roverto_CH-Q2-Kilian_Feldbausch-Niels_Visker,1
20241119-M-Davis_Cup_Finals-QF-Rafael_Nadal-Botic_Van_De_Zandschulp,2
20241119-M-Davis_Cup_Finals-QF-Tallon_Griekspoor-Carlos_Alcaraz,2
20241119-M-Montemar_CH-R32-Francesco_Passaro-Nicolai_Budkov_Kjaer,2
20241119-M-Puerto_Vallarta_CH-R32-Nishesh_Basavareddy-Goncalo_Oliveira,1
20241121-M-Davis_Cup_Finals-QF-Jannik_Sinner-Sebastian_Baez,1
20241121-M-Davis_Cup_Finals-RR-Ben_Shelton-Thanasi_Kokkinakis,2
20241122-M-Davis_Cup_Finals-RR-Tallon_Griekspoor-Jan_Lennard_Struff,1
20241122-M-Davis_Cup_Finals-SF-Daniel_Altmaier-Botic_Van_De_Zandschulp,2
20241122-M-Montemar_CH-QF-Nicolai_Budkov_Kjaer-Inaki_Montes_De_La_Torre,2
20241123-M-Davis_Cup_Finals-SF-Jannik_Sinner-Alex_De_Minaur,1
20241124-M-Davis_Cup_Finals-RR-Botic_Van_De_Zandschulp-Matteo_Berrettini,2
20241124-M-Davis_Cup_Finals-RR-Jannik_Sinner-Tallon_Griekspoor,1
20241124-M-Puerto_Vallarta_CH-F-Nishesh_Basavareddy-Liam_Draxl,1
20241127-M-Maia_CH-R32-Pedro_Araujo-Alex_Marti_Pujolras,1
20241127-M-Temuco_CH-R16-Aleksandar_Kovacevic-Juan_Carlos_Prado_Angelo,2
20241201-M-Yokkaichi_CH-F-Christoph_Negritu-Rei_Sakamoto,2
20241218-M-NextGen_Finals-RR-Alex_Michelsen-Nishesh_Basavareddy,1
20241218-M-NextGen_Finals-RR-Arthur_Fils-Joao_Fonseca,2
20241218-M-NextGen_Finals-RR-Juncheng_Shang-Luca_Van_Assche,2
20241219-M-NextGen_Finals-RR-Arthur_Fils-Jakub_Mensik,1
20241219-M-NextGen_Finals-RR-Learner_Tien-Joao_Fonseca,2
20241219-M-NextGen_Finals-RR-Nishesh_Basavareddy-Juncheng_Shang,1
20241220-M-NextGen_Finals-RR-Nishesh_Basavareddy-Luca_Van_Assche,2
20241228-M-United_Cup-RR-Alex_De_Minaur-Tomas_Martin_Etcheverry,1
20241228-M-United_Cup-RR-Stefanos_Tsitsipas-Pablo_Carreno_Busta,1
20241229-M-United_Cup-RR-Thiago_Monteiro-Alexander_Zverev,2
20241230-M-Brisbane-R32-Grigor_Dimitrov-Yannick_Hanfmann,1
20241230-M-Brisbane-R32-Holger_Rune-Jiri_Lehecka,2
20241230-M-Brisbane-R32-Matteo_Arnaldi-Alexei_Popyrin,1
20241230-M-Hong_Kong-R32-Brandon_Nakashima-Lorenzo_Sonego,2
20241230-M-United_Cup-RR-Casper_Ruud-Hubert_Hurkacz,1
20241231-M-Brisbane-R32-Giovanni_Mpetshi_Perricard-Nick_Kyrgios,1
20241231-M-Brisbane-R32-Novak_Djokovic-Rinky_Hijikata,1
20250101-M-Brisbane-R16-Grigor_Dimitrov-Aleksandar_Vukic,1
20250101-M-United_Cup-RR-Hubert_Hurkacz-Tomas_Machac,2
20250102-M-Brisbane-R16-Giovanni_Mpetshi_Perricard-Frances_Tiafoe,1
20250102-M-Brisbane-R16-Novak_Djokovic-Gael_Monfils,1
20250102-M-Hong_Kong-R16-Andrey_Rublev-Fabian_Marozsan,2
20250102-M-Hong_Kong-R16-Gabriel_Diallo-Lorenzo_Musetti,2
20250102-M-United_Cup-QF-Hubert_Hurkacz-Billy_Harris,1
20250103-M-Brisbane-QF-Giovanni_Mpetshi_Perricard-Jakub_Mensik,1
20250103-M-Brisbane-QF-Nicolas_Jarry-Jiri_Lehecka,2
20250103-M-Brisbane-QF-Novak_Djokovic-Reilly_Opelka,2
20250103-M-Hong_Kong-QF-Jaume_Munar-Lorenzo_Musetti,1
20250103-M-United_Cup-QF-Tomas_Machac-Flavio_Cobolli,1
20250104-M-Brisbane-SF-Grigor_Dimitrov-Jiri_Lehecka,2
20250104-M-Brisbane-SF-Reilly_Opelka-Giovanni_Mpetshi_Perricard,1
20250104-M-United_Cup-SF-Hubert_Hurkacz-Alexander_Shevchenko,1
20250105-M-Brisbane-F-Jiri_Lehecka-Reilly_Opelka,1
20250105-M-United_Cup-F-Hubert_Hurkacz-Taylor_Fritz,2
20250106-M-Adelaide-R32-Denis_Shapovalov-Zhizhen_Zhang,1
20250106-M-Australian_Open-Q1-Elmer_Moller-Lukas_Neumayer,2
20250106-M-Oeiras_1_CH-R32-Karue_Sell-Robin_Bertrand,1
20250107-M-Australian_Open-Q1-Dominik_Koepfer-Ignacio_Buse,1
20250108-M-Auckland-R16-Alejandro_Tabilo-Nishesh_Basavareddy,2
20250108-M-Auckland-R16-Gael_Monfils-Jan_Lennard_Struff,1
20250109-M-Auckland-QF-Facundo_Diaz_Acosta-Gael_Monfils,2
20250109-M-Auckland-R16-Ben_Shelton-Jakub_Mensik,2
20250110-M-Auckland-SF-Gael_Monfils-Nishesh_Basavareddy,1
20250111-M-Auckland-F-Gael_Monfils-Zizou_Bergs,1
20250112-M-Australian_Open-R128-Casper_Ruud-Jaume_Munar,1
20250112-M-Australian_Open-R128-Kei_Nishikori-Thiago_Monteiro,1
20250112-M-Australian_Open-R128-Otto_Virtanen-Arthur_Fils,2
20250113-M-Australian_Open-R128-Alex_Michelsen-Stefanos_Tsitsipas,1
20250113-M-Australian_Open-R128-Alexander_Shevchenko-Carlos_Alcaraz,2
20250113-M-Australian_Open-R128-Brandon_Nakashima-Ben_Shelton,2
20250113-M-Australian_Open-R128-Christopher_Oconnell-Tommy_Paul,2
20250113-M-Australian_Open-R128-Jannik_Sinner-Nicolas_Jarry,1
20250113-M-Australian_Open-R128-Novak_Djokovic-Nishesh_Basavareddy,1
20250114-M-Australian_Open-R128-Adrian_Mannarino-Karen_Khachanov,2
20250114-M-Australian_Open-R128-Alex_De_Minaur-Botic_Van_De_Zandschulp,1
20250114-M-Australian_Open-R128-Andrey_Rublev-Joao_Fonseca,2
20250114-M-Australian_Open-R128-Giovanni_Mpetshi_Perricard-Gael_Monfils,2
20250114-M-Australian_Open-R128-Hubert_Hurkacz-Tallon_Griekspoor,1
20250114-M-Australian_Open-R128-Kasidit_Samrej-Daniil_Medvedev,2
20250114-M-Australian_Open-R128-Matteo_Arnaldi-Lorenzo_Musetti,2
20250114-M-Australian_Open-R128-Stan_Wawrinka-Lorenzo_Sonego,2
20250114-M-Australian_Open-R128-Taylor_Fritz-Jenson_Brooksby,1
20250114-M-Buenos_Aires_CH-R32-Juan_Pablo_Varillas-Juan_Carlos_Prado_Angelo,1
20250115-M-Australian_Open-R64-Alexander_Zverev-Pedro_Martinez,1
20250115-M-Australian_Open-R64-Carlos_Alcaraz-Yoshihito_Nishioka,1
20250115-M-Australian_Open-R64-Casper_Ruud-Jakub_Mensik,2
20250115-M-Australian_Open-R64-Kei_Nishikori-Tommy_Paul,2
20250115-M-Australian_Open-R64-Ugo_Humbert-Hady_Habib,1
20250116-M-Australian_Open-Q3-Mark_Lajal-Jaime_Faria,2
20250116-M-Australian_Open-R64-Gael_Monfils-Daniel_Altmaier,1
20250116-M-Australian_Open-R64-Hubert_Hurkacz-Miomir_Kecmanovic,2
20250116-M-Australian_Open-R64-Learner_Tien-Daniil_Medvedev,1
20250116-M-Australian_Open-R64-Lorenzo_Sonego-Joao_Fonseca,1
20250116-M-Australian_Open-R64-Taylor_Fritz-Cristian_Garin,1
20250116-M-Australian_Open-R64-Tristan_Schoolkate-Jannik_Sinner,2
20250117-M-Australian_Open-R32-Corentin_Moutet-Learner_Tien,2
20250117-M-Australian_Open-R32-Novak_Djokovic-Tomas_Machac,1
20250117-M-Australian_Open-R32-Nuno_Borges-Carlos_Alcaraz,2
20250118-M-Australian_Open-R32-Alex_Michelsen-Karen_Khachanov,1
20250118-M-Australian_Open-R32-Ben_Shelton-Lorenzo_Musetti,1
20250118-M-Australian_Open-R32-Jannik_Sinner-Marcos_Giron,1
20250118-M-Australian_Open-R32-Miomir_Kecmanovic-Holger_Rune,2
20250118-M-Australian_Open-R32-Taylor_Fritz-Gael_Monfils,2
20250119-M-Australian_Open-R16-Novak_Djokovic-Jiri_Lehecka,1
20250119-M-Australian_Open-R16-Ugo_Humbert-Alexander_Zverev,2
20250120-M-Australian_Open-R16-Ben_Shelton-Gael_Monfils,1
20250120-M-Australian_Open-R16-Jannik_Sinner-Holger_Rune,1
20250121-M-Australian_Open-QF-Alexander_Zverev-Tommy_Paul,1
20250121-M-Australian_Open-QF-Novak_Djokovic-Carlos_Alcaraz,1
20250122-M-Australian_Open-QF-Jannik_Sinner-Alex_De_Minaur,1
20250122-M-Australian_Open-QF-Lorenzo_Sonego-Ben_Shelton,2
20250124-M-Australian_Open-SF-Jannik_Sinner-Ben_Shelton,1
20250124-M-Australian_Open-SF-Novak_Djokovic-Alexander_Zverev,2
20250125-M-Oeiras_3_CH-R32-Clement_Chidekh-Adrian_Andreev,2
20250126-M-Australian_Open-F-Jannik_Sinner-Alexander_Zverev,1
20250128-M-Montpellier-R32-Richard_Gasquet-Adrian_Mannarino,1
20250128-M-Montpellier-R32-Tallon_Griekspoor-Botic_Van_De_Zandschulp,1
20250129-M-Montpellier-R16-Christopher_Eubanks-Andrey_Rublev,2
20250130-M-Montpellier-R16-Jesper_De_Jong-Flavio_Cobolli,1
20250130-M-Montpellier-R16-Tallon_Griekspoor-Richard_Gasquet,1
20250131-M-Montpellier-QF-Jesper_De_Jong-Tallon_Griekspoor,1
20250131-M-Montpellier-QF-Nikoloz_Basilashvili-Andrey_Rublev,2
20250201-M-Davis_Cup_Qualifiers-RR-Hamad_Medjedovic-Elmer_Moller,2
20250201-M-Davis_Cup_Qualifiers-RR-Ugo_Humbert-Joao_Fonseca,1
20250201-M-Montpellier-SF-Aleksandar_Kovacevic-Andrey_Rublev,1
20250201-M-Montpellier-SF-Jesper_De_Jong-Felix_Auger_Aliassime,2
20250203-M-Rotterdam-R32-Daniil_Medvedev-Stan_Wawrinka,1
20250203-M-Rotterdam-R32-Hubert_Hurkacz-Flavio_Cobolli,1
20250203-M-Rotterdam-R32-Mattia_Bellucci-Mees_Rottgering,1
20250204-M-Rotterdam-R32-Andrey_Rublev-Zhizhen_Zhang,1
20250204-M-Rotterdam-R32-Carlos_Alcaraz-Botic_Van_De_Zandschulp,1
20250204-M-Rotterdam-R32-Lorenzo_Sonego-Holger_Rune,2
20250205-M-Chennai_CH-R32-Zsombor_Piros-Oleksandr_Ovcharenko,2
20250205-M-Dallas-R32-Kei_Nishikori-Tomas_Machac,2
20250205-M-Dallas-R32-Taylor_Fritz-Arthur_Rinderknech,1
20250205-M-Rotterdam-R16-Jiri_Lehecka-Hubert_Hurkacz,2
20250205-M-Rotterdam-R16-Mattia_Bellucci-Daniil_Medvedev,1
20250205-M-Rotterdam-R32-Tallon_Griekspoor-Matteo_Berrettini,1
20250206-M-Dallas-R16-Casper_Ruud-Michael_Mmoh,1
20250206-M-Rotterdam-R16-Andrea_Vavassori-Carlos_Alcaraz,2
20250206-M-Rotterdam-R16-Andrey_Rublev-Fabian_Marozsan,1
20250206-M-Rotterdam-R16-Jakub_Mensik-Alex_De_Minaur,2
20250206-M-Rotterdam-R16-Tallon_Griekspoor-Stefanos_Tsitsipas,2
20250207-M-Dallas-QF-Denis_Shapovalov-Tomas_Machac,1
20250207-M-Rotterdam-QF-Andrey_Rublev-Hubert_Hurkacz,2
20250207-M-Rotterdam-QF-Pedro_Martinez-Carlos_Alcaraz,2
20250207-M-Rotterdam-QF-Stefanos_Tsitsipas-Mattia_Bellucci,2
20250208-M-Dallas-SF-Denis_Shapovalov-Tommy_Paul,1
20250208-M-Rotterdam-SF-Alex_De_Minaur-Mattia_Bellucci,1
20250208-M-Rotterdam-SF-Hubert_Hurkacz-Carlos_Alcaraz,2
20250209-M-Dallas-F-Casper_Ruud-Denis_Shapovalov,2
20250209-M-Rotterdam-F-Alex_De_Minaur-Carlos_Alcaraz,2
20250210-M-Marseille-R32-Sebastian_Korda-Otto_Virtanen,2
20250212-M-Buenos_Aires-R16-Francisco_Cerundolo-Juan_Manuel_Cerundolo,1
20250212-M-Buenos_Aires-R32-Joao_Fonseca-Tomas_Martin_Etcheverry,1
20250212-M-Buenos_Aires-R32-Nicolas_Jarry-Diego_Schwartzman,2
20250212-M-Marseille-R16-Alexander_Bublik-Ugo_Humbert,2
20250213-M-Buenos_Aires-R16-Diego_Schwartzman-Pedro_Martinez,2
20250213-M-Buenos_Aires-R16-Federico_Coria-Joao_Fonseca,2
20250213-M-Buenos_Aires-R16-Lorenzo_Musetti-Corentin_Moutet,1
20250213-M-Marseille-R16-Hubert_Hurkacz-Zhizhen_Zhang,2
20250213-M-Marseille-R16-Pierre_Hugues_Herbert-Daniil_Medvedev,2
20250214-M-Buenos_Aires-QF-Mariano_Navone-Joao_Fonseca,2
20250214-M-Marseille-QF-Lorenzo_Sonego-Ugo_Humbert,2
20250215-M-Buenos_Aires-SF-Laslo_Djere-Joao_Fonseca,2
20250215-M-Marseille-SF-Ugo_Humbert-Zizou_Bergs,1
20250216-M-Buenos_Aires-F-Francisco_Cerundolo-Joao_Fonseca,2
20250216-M-Delray_Beach-F-Alejandro_Davidovich_Fokina-Miomir_Kecmanovic,2
20250216-M-Marseille-F-Hamad_Medjedovic-Ugo_Humbert,2
20250217-M-Brazzaville_CH-R32-Nicholas_Alan_Van_Aken-Andrej_Martin,2
20250217-M-Doha-R32-Marin_Cilic-Carlos_Alcaraz,2
20250218-M-Brazzaville_CH-R32-Kryce_Didier_Momo_Kassa-Max_Houkes,2
20250218-M-Doha-R32-Andrey_Rublev-Alexander_Bublik,1
20250218-M-Doha-R32-Novak_Djokovic-Matteo_Berrettini,2
20250218-M-Doha-R32-Stefanos_Tsitsipas-Hamad_Medjedovic,2
20250219-M-Doha-R16-Andrey_Rublev-Nuno_Borges,1
20250219-M-Doha-R16-Botic_Van_De_Zandschulp-Alex_De_Minaur,2
20250219-M-Doha-R16-Fabian_Marozsan-Jiri_Lehecka,2
20250219-M-Doha-R16-Luca_Nardi-Carlos_Alcaraz,2
20250219-M-Doha-R16-Tallon_Griekspoor-Matteo_Berrettini,2
20250219-M-Doha-R16-Zizou_Bergs-Daniil_Medvedev,2
20250220-M-Doha-QF-Andrey_Rublev-Alex_De_Minaur,1
20250220-M-Doha-QF-Jiri_Lehecka-Carlos_Alcaraz,1
20250222-M-Doha-F-Andrey_Rublev-Jack_Draper,1
20250223-M-Rio_de_Janeiro-F-Alexandre_Muller-Sebastian_Baez,2
20250224-M-Acapulco-R32-Casper_Ruud-Arthur_Rinderknech,1
20250224-M-Dubai-R32-Giovanni_Mpetshi_Perricard-Zhizhen_Zhang,1
20250224-M-Lugano_CH-R32-Mees_Rottgering-Beibit_Zhukayev,1
20250225-M-Acapulco-R32-Aleksandar_Vukic-Rodrigo_Pacheco_Mendez,2
20250225-M-Dubai-R32-Gael_Monfils-Matteo_Berrettini,2
20250225-M-Dubai-R32-Roman_Safiullin-Tallon_Griekspoor,2
20250225-M-Dubai-R32-Ugo_Humbert-Jiri_Lehecka,1
20250226-M-Acapulco-R16-Learner_Tien-Alexander_Zverev,1
20250226-M-Dubai-R16-Christopher_Oconnell-Matteo_Berrettini,2
20250226-M-Dubai-R16-Giovanni_Mpetshi_Perricard-Daniil_Medvedev,2
20250227-M-Dubai-QF-Daniil_Medvedev-Tallon_Griekspoor,2
20250228-M-Dubai-SF-Tallon_Griekspoor-Stefanos_Tsitsipas,2
20250228-M-Lugano_CH-QF-Murphy_Cassone-Luca_Van_Assche,1
20250304-M-Hersonissos_CH-R32-Juan_Carlos_Prado_Angelo-Stefanos_Sakellaridis,2
20250305-M-Indian_Wells_Masters-R128-Tallon_Griekspoor-Miomir_Kecmanovic,1
20250306-M-Indian_Wells_Masters-R128-Lorenzo_Sonego-David_Goffin,2
20250306-M-Indian_Wells_Masters-R128-Nick_Kyrgios-Botic_Van_De_Zandschulp,2
20250307-M-Indian_Wells_Masters-R64-Casper_Ruud-Marcos_Giron,2
20250307-M-Indian_Wells_Masters-R64-Gabriel_Diallo-Arthur_Fils,2
20250307-M-Indian_Wells_Masters-R64-Lorenzo_Musetti-Roman_Safiullin,1
20250307-M-Indian_Wells_Masters-R64-Stefanos_Tsitsipas-Thiago_Seyboth_Wild,1
20250307-M-Indian_Wells_Masters-R64-Tallon_Griekspoor-Alexander_Zverev,1
20250308-M-Indian_Wells_Masters-R64-Hubert_Hurkacz-Hugo_Gaston,1
20250308-M-Indian_Wells_Masters-R64-Joao_Fonseca-Jack_Draper,2
20250308-M-Indian_Wells_Masters-R64-Matteo_Arnaldi-Andrey_Rublev,1
20250308-M-Indian_Wells_Masters-R64-Novak_Djokovic-Botic_Van_De_Zandschulp,2
20250308-M-Indian_Wells_Masters-R64-Quentin_Halys-Carlos_Alcaraz,2
20250309-M-Indian_Wells_Masters-R32-Arthur_Fils-Lorenzo_Musetti,1
20250309-M-Indian_Wells_Masters-R32-Giovanni_Mpetshi_Perricard-Tallon_Griekspoor,2
20250309-M-Kigali_CH-F-Guy_Den_Ouden-Valentin_Royer,2
20250310-M-Hersonissos_CH-R32-Stefanos_Sakellaridis-Nikolas_Sanchez_Izquierdo,1
20250310-M-Indian_Wells_Masters-R32-Denis_Shapovalov-Carlos_Alcaraz,2
20250310-M-Indian_Wells_Masters-R32-Francisco_Cerundolo-Botic_Van_De_Zandschulp,1
20250310-M-Indian_Wells_Masters-R32-Grigor_Dimitrov-Gael_Monfils,1
20250310-M-Indian_Wells_Masters-R32-Hubert_Hurkacz-Alex_De_Minaur,2
20250310-M-Indian_Wells_Masters-R32-Matteo_Arnaldi-Brandon_Nakashima,2
20250311-M-Indian_Wells_Masters-R16-Arthur_Fils-Marcos_Giron,1
20250311-M-Indian_Wells_Masters-R16-Stefanos_Tsitsipas-Holger_Rune,2
20250311-M-Indian_Wells_Masters-R16-Yosuke_Watanuki-Tallon_Griekspoor,2
20250312-M-Cap_Cana_CH-R32-Thiago_Seyboth_Wild-Nicolas_Mejia,2
20250312-M-Indian_Wells_Masters-R16-Daniil_Medvedev-Tommy_Paul,1
20250312-M-Indian_Wells_Masters-R16-Grigor_Dimitrov-Carlos_Alcaraz,2
20250313-M-Indian_Wells_Masters-QF-Arthur_Fils-Daniil_Medvedev,2
20250313-M-Indian_Wells_Masters-QF-Carlos_Alcaraz-Francisco_Cerundolo,1
20250313-M-Indian_Wells_Masters-QF-Holger_Rune-Tallon_Griekspoor,1
20250314-M-Indian_Wells_Masters-QF-Ben_Shelton-Jack_Draper,2
20250314-M-Phoenix_CH-QF-Alexander_Bublik-Corentin_Moutet,1
20250315-M-Indian_Wells_Masters-SF-Daniil_Medvedev-Holger_Rune,2
20250315-M-Indian_Wells_Masters-SF-Jack_Draper-Carlos_Alcaraz,1
20250316-M-Cherbourg_CH-F-Pierre_Hugues_Herbert-Jelle_Sels,1
20250316-M-Indian_Wells_Masters-F-Holger_Rune-Jack_Draper,2
20250316-M-Phoenix_CH-F-Alexander_Bublik-Joao_Fonseca,2
20250319-M-Miami_Masters-R128-Alexander_Bublik-Sebastian_Baez,1
20250319-M-Miami_Masters-R128-Francisco_Comesana-Federico_Cina,2
20250319-M-Miami_Masters-R128-Gael_Monfils-Fabian_Marozsan,1
20250320-M-Merida_CH-R16-Dmitry_Popko-Juan_Carlos_Prado_Angelo,2
20250320-M-Miami_Masters-R128-Coleman_Wong-Daniel_Altmaier,1
20250320-M-Miami_Masters-R128-Learner_Tien-Joao_Fonseca,2
20250320-M-Miami_Masters-R128-Yoshihito_Nishioka-Hugo_Gaston,1
20250321-M-Miami_Masters-R64-Casper_Ruud-Miomir_Kecmanovic,1
20250321-M-Miami_Masters-R64-Grigor_Dimitrov-Federico_Cina,1
20250321-M-Miami_Masters-R64-Jaume_Munar-Daniil_Medvedev,1
20250321-M-Miami_Masters-R64-Novak_Djokovic-Rinky_Hijikata,1
20250322-M-Miami_Masters-R64-Ben_Shelton-Coleman_Wong,2
20250322-M-Miami_Masters-R64-Matteo_Arnaldi-Tomas_Machac,2
20250322-M-Miami_Masters-R64-Reilly_Opelka-Holger_Rune,1
20250322-M-Miami_Masters-R64-Ugo_Humbert-Joao_Fonseca,2
20250323-M-Miami_Masters-R32-Alejandro_Tabilo-Casper_Ruud,2
20250323-M-Miami_Masters-R32-Gael_Monfils-Jaume_Munar,1
20250323-M-Murcia_CH-F-Jesper_De_Jong-Carlos_Taberner,2
20250324-M-Miami_Masters-R32-Alex_De_Minaur-Joao_Fonseca,1
20250324-M-Miami_Masters-R32-Taylor_Fritz-Denis_Shapovalov,1
20250325-M-Miami_Masters-R16-Novak_Djokovic-Lorenzo_Musetti,1
20250326-M-Miami_Masters-QF-Grigor_Dimitrov-Francisco_Cerundolo,1
20250326-M-Miami_Masters-R16-Alexander_Zverev-Arthur_Fils,2
20250327-M-Miami_Masters-QF-Jakub_Mensik-Arthur_Fils,1
20250327-M-Miami_Masters-QF-Novak_Djokovic-Sebastian_Korda,1
20250328-M-Miami_Masters-QF-Taylor_Fritz-Matteo_Berrettini,1
20250328-M-Miami_Masters-SF-Novak_Djokovic-Grigor_Dimitrov,1
20250328-M-Miami_Masters-SF-Taylor_Fritz-Jakub_Mensik,2
20250329-M-Girona_CH-SF-Jesper_De_Jong-Marin_Cilic,2
20250329-M-Miami_Masters-F-Jakub_Mensik-Novak_Djokovic,1
20250330-M-Girona_CH-F-Marin_Cilic-Elmer_Moller,1
20250401-M-Marrakech-R32-Jesper_De_Jong-Elliot_Benchetrit,1
20250404-M-Campinas_CH-QF-Alvaro_Guillen_Meza-Juan_Carlos_Prado_Angelo,1
20250404-M-Marrakech-QF-Tallon_Griekspoor-Mattia_Bellucci,1
20250405-M-Houston-SF-Jenson_Brooksby-Tommy_Paul,1
20250405-M-Marrakech-SF-Tallon_Griekspoor-Kamil_Majchrzak,1
20250406-M-Bucharest-F-Sebastian_Baez-Flavio_Cobolli,2
20250406-M-Houston-F-Jenson_Brooksby-Frances_Tiafoe,1
20250406-M-Marrakech-F-Tallon_Griekspoor-Luciano_Darderi,2
20250407-M-Monte_Carlo_Masters-R64-Daniil_Medvedev-Karen_Khachanov,1
20250407-M-Monte_Carlo_Masters-R64-Jiri_Lehecka-Sebastian_Korda,1
20250407-M-Monte_Carlo_Masters-R64-Stan_Wawrinka-Alejandro_Tabilo,2
20250408-M-Monte_Carlo_Masters-R32-Stefanos_Tsitsipas-Jordan_Thompson,1
20250409-M-Monte_Carlo_Masters-R32-Alejandro_Tabilo-Novak_Djokovic,1
20250409-M-Monte_Carlo_Masters-R32-Casper_Ruud-Roberto_Bautista_Agut,1
20250409-M-Monte_Carlo_Masters-R32-Flavio_Cobolli-Arthur_Fils,2
20250409-M-Monte_Carlo_Masters-R32-Francisco_Cerundolo-Carlos_Alcaraz,2
20250409-M-Monte_Carlo_Masters-R32-Lorenzo_Musetti-Jiri_Lehecka,1
20250410-M-Monte_Carlo_Masters-R16-Andrey_Rublev-Arthur_Fils,2
20250410-M-Monte_Carlo_Masters-R16-Casper_Ruud-Alexei_Popyrin,2
20250410-M-Monte_Carlo_Masters-R16-Daniil_Medvedev-Alex_De_Minaur,2
20250410-M-Monte_Carlo_Masters-R16-Lorenzo_Musetti-Matteo_Berrettini,1
20250411-M-Monte_Carlo_Masters-QF-Alejandro_Davidovich_Fokina-Alexei_Popyrin,1
20250411-M-Monte_Carlo_Masters-QF-Carlos_Alcaraz-Arthur_Fils,1
20250411-M-Monte_Carlo_Masters-QF-Stefanos_Tsitsipas-Lorenzo_Musetti,2
20250412-M-Monte_Carlo_Masters-SF-Carlos_Alcaraz-Alejandro_Davidovich_Fokina,1
20250412-M-Monte_Carlo_Masters-SF-Lorenzo_Musetti-Alex_De_Minaur,1
20250415-M-Barcelona-R32-Reilly_Opelka-Stefanos_Tsitsipas,2
20250416-M-Barcelona-R16-Arthur_Fils-Pedro_Martinez,1
20250417-M-Barcelona-R16-Laslo_Djere-Carlos_Alcaraz,2
20250418-M-Barcelona-QF-Casper_Ruud-Holger_Rune,2
20250419-M-Barcelona-SF-Arthur_Fils-Carlos_Alcaraz,2
20250420-M-Barcelona-F-Holger_Rune-Carlos_Alcaraz,1
20250423-M-Madrid_Masters-R128-Giovanni_Mpetshi_Perricard-Mariano_Navone,2
20250424-M-Madrid_Masters-R128-Elmer_Moller-Joao_Fonseca,2
20250425-M-Madrid_Masters-R64-Hubert_Hurkacz-Benjamin_Bonzi,2
20250425-M-Madrid_Masters-R64-Taylor_Fritz-Christopher_Oconnell,1
20250426-M-Madrid_Masters-R64-Matteo_Arnaldi-Novak_Djokovic,1
20250426-M-Madrid_Masters-R64-Matteo_Berrettini-Marcos_Giron,1
20250426-M-Madrid_Masters-R64-Tomas_Machac-Jacob_Fearnley,2
20250426-M-Madrid_Masters-R64-Tommy_Paul-Joao_Fonseca,1
20250427-M-Madrid_Masters-R32-Andrey_Rublev-Alexander_Bublik,2
20250427-M-Madrid_Masters-R32-Ben_Shelton-Jakub_Mensik,2
20250427-M-Madrid_Masters-R32-Casper_Ruud-Sebastian_Korda,1
20250429-M-Madrid_Masters-R16-Jakub_Mensik-Alexander_Bublik,1
20250429-M-Madrid_Masters-R16-Taylor_Fritz-Casper_Ruud,2
20250429-M-Madrid_Masters-R32-Stefanos_Tsitsipas-Lorenzo_Musetti,2
20250430-M-Madrid_Masters-R16-Alex_De_Minaur-Lorenzo_Musetti,2
20250501-M-Madrid_Masters-QF-Casper_Ruud-Daniil_Medvedev,1
20250501-M-Madrid_Masters-QF-Gabriel_Diallo-Lorenzo_Musetti,2
20250502-M-Madrid_Masters-SF-Casper_Ruud-Francisco_Cerundolo,1
20250502-M-Madrid_Masters-SF-Jack_Draper-Lorenzo_Musetti,1
20250504-M-Aix_En_Provence_CH-F-Stan_Wawrinka-Borna_Coric,2
20250504-M-Madrid_Masters-F-Casper_Ruud-Jack_Draper,1
20250507-M-Rome_Masters-R128-Tallon_Griekspoor-Miomir_Kecmanovic,1
20250508-M-Rome_Masters-R128-Fabian_Marozsan-Joao_Fonseca,1
20250508-M-Rome_Masters-R128-Jesper_De_Jong-Alexander_Shevchenko,1
20250509-M-Rome_Masters-R64-Dusan_Lajovic-Carlos_Alcaraz,2
20250509-M-Rome_Masters-R64-Lorenzo_Musetti-Otto_Virtanen,1
20250509-M-Rome_Masters-R64-Tallon_Griekspoor-Arthur_Fils,2
20250509-M-Rome_Masters-R64-Vilius_Gaubas-Denis_Shapovalov,1
20250510-M-Rome_Masters-R64-Ben_Shelton-Jaume_Munar,2
20250510-M-Rome_Masters-R64-Casper_Ruud-Alexander_Bublik,1
20250510-M-Rome_Masters-R64-Hubert_Hurkacz-Pedro_Martinez,1
20250511-M-Prague_CH-F-Guy_Den_Ouden-Filip_Misolic,2
20250511-M-Rome_Masters-R32-Holger_Rune-Corentin_Moutet,2
20250511-M-Rome_Masters-R32-Stefanos_Tsitsipas-Arthur_Fils,2
20250512-M-Rome_Masters-R32-Hubert_Hurkacz-Marcos_Giron,1
20250513-M-Rome_Masters-R16-Jakub_Mensik-Hubert_Hurkacz,2
20250514-M-Rome_Masters-QF-Jack_Draper-Carlos_Alcaraz,2
20250514-M-Rome_Masters-QF-Lorenzo_Musetti-Alexander_Zverev,1
20250514-M-Rome_Masters-R16-Casper_Ruud-Jaume_Munar,1
20250515-M-Rome_Masters-QF-Casper_Ruud-Jannik_Sinner,2
20250515-M-Rome_Masters-QF-Hubert_Hurkacz-Tommy_Paul,2
20250515-M-Rome_Masters-R16-Francisco_Cerundolo-Jannik_Sinner,2
20250516-M-Rome_Masters-SF-Lorenzo_Musetti-Carlos_Alcaraz,2
20250516-M-Rome_Masters-SF-Tommy_Paul-Jannik_Sinner,2
20250518-M-Rome_Masters-F-Jannik_Sinner-Carlos_Alcaraz,2
20250520-M-Geneva-R32-Hubert_Hurkacz-Arthur_Cazaux,1
20250520-M-Hamburg-R32-Daniel_Altmaier-Felix_Auger_Aliassime,2
20250521-M-Geneva-R16-Hubert_Hurkacz-Arthur_Rinderknech,1
20250522-M-Geneva-QF-Hubert_Hurkacz-Taylor_Fritz,1
20250523-M-Geneva-SF-Hubert_Hurkacz-Sebastian_Ofner,1
20250523-M-Roland_Garros-Q3-Maximilian_Marterer-Federico_Arnaboldi,1
20250524-M-Geneva-F-Hubert_Hurkacz-Novak_Djokovic,2
20250525-M-Roland_Garros-R128-Ben_Shelton-Lorenzo_Sonego,1
20250525-M-Roland_Garros-R128-Brandon_Nakashima-Mariano_Navone,2
20250525-M-Roland_Garros-R128-Giovanni_Mpetshi_Perricard-Zizou_Bergs,1
20250525-M-Roland_Garros-R128-Kyrian_Jacquet-Nuno_Borges,2
20250525-M-Roland_Garros-R128-Tommy_Paul-Elmer_Moller,1
20250525-M-Roland_Garros-R128-Valentin_Royer-Daniel_Elahi_Galan,2
20250525-M-Roland_Garros-R128-Yannick_Hanfmann-Lorenzo_Musetti,2
20250526-M-Roland_Garros-R128-Alejandro_Tabilo-Arthur_Cazaux,1
20250526-M-Roland_Garros-R128-Arthur_Fils-Nicolas_Jarry,1
20250526-M-Roland_Garros-R128-Carlos_Alcaraz-Giulio_Zeppieri,1
20250526-M-Roland_Garros-R128-Casper_Ruud-Albert_Ramos,1
20250526-M-Roland_Garros-R128-Jannik_Sinner-Arthur_Rinderknech,1
20250526-M-Roland_Garros-R128-Roberto_Bautista_Agut-Holger_Rune,2
20250526-M-Roland_Garros-R128-Stefanos_Tsitsipas-Tomas_Martin_Etcheverry,1
20250526-M-Roland_Garros-R128-Taylor_Fritz-Daniel_Altmaier,2
20250526-M-Roland_Garros-R128-Terence_Atmane-Richard_Gasquet,2
20250526-M-Roland_Garros-R128-Ugo_Blanchet-Hugo_Gaston,2
20250527-M-Roland_Garros-R128-Cameron_Norrie-Daniil_Medvedev,1
20250527-M-Roland_Garros-R128-Hubert_Hurkacz-Joao_Fonseca,2
20250527-M-Roland_Garros-R128-Matteo_Arnaldi-Felix_Auger_Aliassime,1
20250527-M-Roland_Garros-R128-Novak_Djokovic-Mackenzie_Mcdonald,1
20250528-M-Roland_Garros-R64-Daniel_Elahi_Galan-Lorenzo_Musetti,2
20250528-M-Roland_Garros-R64-Fabian_Marozsan-Carlos_Alcaraz,2
20250528-M-Roland_Garros-R64-Stefanos_Tsitsipas-Matteo_Gigante,2
20250529-M-Roland_Garros-R64-Alexander_Bublik-Alex_De_Minaur,1
20250529-M-Roland_Garros-R64-Arthur_Fils-Jaume_Munar,1
20250529-M-Roland_Garros-R64-Jannik_Sinner-Richard_Gasquet,1
20250529-M-Roland_Garros-R64-Tallon_Griekspoor-Gabriel_Diallo,1
20250530-M-Roland_Garros-R32-Lorenzo_Musetti-Mariano_Navone,1
20250530-M-Roland_Garros-R32-Sebastian_Korda-Frances_Tiafoe,2
20250530-M-Roland_Garros-R32-Tommy_Paul-Karen_Khachanov,1
20250531-M-Roland_Garros-R32-Jannik_Sinner-Jiri_Lehecka,1
20250531-M-Roland_Garros-R32-Joao_Fonseca-Jack_Draper,2
20250531-M-Roland_Garros-R32-Novak_Djokovic-Filip_Misolic,1
20250531-M-Roland_Garros-R32-Tallon_Griekspoor-Ethan_Quinn,1
20250601-M-Roland_Garros-R16-Ben_Shelton-Carlos_Alcaraz,2
20250601-M-Roland_Garros-R16-Frances_Tiafoe-Daniel_Altmaier,1
20250601-M-Roland_Garros-R16-Holger_Rune-Lorenzo_Musetti,2
20250601-M-Roland_Garros-R16-Tommy_Paul-Alexei_Popyrin,1
20250602-M-Roland_Garros-R16-Alexander_Bublik-Jack_Draper,1
20250602-M-Roland_Garros-R16-Jannik_Sinner-Andrey_Rublev,1
20250602-M-Roland_Garros-R16-Novak_Djokovic-Cameron_Norrie,1
20250603-M-Roland_Garros-QF-Carlos_Alcaraz-Tommy_Paul,1
20250603-M-Roland_Garros-QF-Lorenzo_Musetti-Frances_Tiafoe,1
20250604-M-Roland_Garros-QF-Jannik_Sinner-Alexander_Bublik,1
20250604-M-Roland_Garros-QF-Novak_Djokovic-Alexander_Zverev,1
20250606-M-Roland_Garros-SF-Lorenzo_Musetti-Carlos_Alcaraz,2
20250606-M-Roland_Garros-SF-Novak_Djokovic-Jannik_Sinner,2
20250607-M-Roland_Garros_Juniors-F-Max_Schoenhaus-Niels_Mcdonald,2
20250608-M-Roland_Garros-F-Jannik_Sinner-Carlos_Alcaraz,2
20250609-M-Stuttgart-R32-Benjamin_Bonzi-Jiri_Lehecka,2
20250610-M-ITF_Martos-Q2-Preston_Stearns-Alejandro_Lopez_Escribano,1
20250611-M-Stuttgart-R16-Taylor_Fritz-Quentin_Halys,1
20250611-M-s_Hertogenbosch-R32-Hubert_Hurkacz-Roberto_Bautista_Agut,1
20250612-M-Stuttgart-R16-Giovanni_Mpetshi_Perricard-Felix_Auger_Aliassime,2
20250613-M-Stuttgart-QF-Ben_Shelton-Jiri_Lehecka,1
20250614-M-Stuttgart-SF-Taylor_Fritz-Felix_Auger_Aliassime,1
20250614-M-s_Hertogenbosch-SF-Zizou_Bergs-Reilly_Opelka,1
20250615-M-s_Hertogenbosch-F-Gabriel_Diallo-Zizou_Bergs,1
20250616-M-Halle-R32-Daniel_Altmaier-Daniil_Medvedev,2
20250617-M-Queens_Club-R32-Adam_Walton-Carlos_Alcaraz,2
20250618-M-Halle-R16-Quentin_Halys-Daniil_Medvedev,2
20250619-M-Halle-R16-Jannik_Sinner-Alexander_Bublik,2
20250619-M-Queens_Club-R16-Gabriel_Diallo-Jiri_Lehecka,2
20250619-M-Queens_Club-R16-Jaume_Munar-Carlos_Alcaraz,2
20250620-M-Queens_Club-QF-Arthur_Rinderknech-Carlos_Alcaraz,2
20250621-M-Halle-SF-Alexander_Zverev-Daniil_Medvedev,2
20250621-M-Queens_Club-SF-Roberto_Bautista_Agut-Carlos_Alcaraz,2
20250622-M-Halle-F-Alexander_Bublik-Daniil_Medvedev,1
20250623-M-Eastbourne-R32-Zizou_Bergs-Joao_Fonseca,2
20250627-M-Eastbourne-R16-Taylor_Fritz-Joao_Fonseca,1
20250628-M-Mallorca-F-Tallon_Griekspoor-Corentin_Moutet,1
20250630-M-Wimbledon-R128-Alexander_Zverev-Arthur_Rinderknech,2
20250630-M-Wimbledon-R128-Alexei_Popyrin-Arthur_Fery,2
20250630-M-Wimbledon-R128-Ethan_Quinn-Henry_Searle,1
20250630-M-Wimbledon-R128-Fabio_Fognini-Carlos_Alcaraz,2
20250630-M-Wimbledon-R128-Giovanni_Mpetshi_Perricard-Taylor_Fritz,2
20250630-M-Wimbledon-R128-Kamil_Majchrzak-Matteo_Berrettini,1
20250630-M-Wimbledon-R128-Leandro_Riedi-Oliver_Tarvet,2
20250630-M-Wimbledon-R128-Nicolas_Jarry-Holger_Rune,1
20250630-M-Wimbledon-R128-Nuno_Borges-Francisco_Cerundolo,1
20250701-M-Wimbledon-R128-Alexandre_Muller-Novak_Djokovic,2
20250701-M-Wimbledon-R128-Jannik_Sinner-Luca_Nardi,1
20250701-M-Wimbledon-R128-Jesper_De_Jong-Christopher_Eubanks,1
20250702-M-Wimbledon-R64-Gabriel_Diallo-Taylor_Fritz,2
20250702-M-Wimbledon-R64-Jenson_Brooksby-Joao_Fonseca,2
20250702-M-Wimbledon-R64-Kamil_Majchrzak-Ethan_Quinn,1
20250703-M-Wimbledon-R64-Jannik_Sinner-Aleksandar_Vukic,1
20250704-M-Wimbledon-R32-Alejandro_Davidovich_Fokina-Taylor_Fritz,2
20250704-M-Wimbledon-R32-Kamil_Majchrzak-Arthur_Rinderknech,1
20250705-M-Wimbledon-R32-Jannik_Sinner-Pedro_Martinez,1
20250705-M-Wimbledon-R32-Lorenzo_Sonego-Brandon_Nakashima,1
20250705-M-Wimbledon-R32-Novak_Djokovic-Miomir_Kecmanovic,1
20250706-M-Wimbledon-R16-Taylor_Fritz-Jordan_Thompson,1
20250707-M-Wimbledon-R16-Grigor_Dimitrov-Jannik_Sinner,1
20250707-M-Wimbledon-R16-Marin_Cilic-Flavio_Cobolli,2
20250707-M-Wimbledon-R16-Novak_Djokovic-Alex_De_Minaur,1
20250708-M-Wimbledon-QF-Taylor_Fritz-Karen_Khachanov,1
20250709-M-Wimbledon-QF-Ben_Shelton-Jannik_Sinner,2
20250709-M-Wimbledon-QF-Novak_Djokovic-Flavio_Cobolli,1
20250711-M-Wimbledon-SF-Novak_Djokovic-Jannik_Sinner,2
20250711-M-Wimbledon-SF-Taylor_Fritz-Carlos_Alcaraz,2
20250713-M-Wimbledon-F-Carlos_Alcaraz-Jannik_Sinner,2
20250713-M-Wimbledon_Juniors-F-Ivan_Ivanov-Ronit_Karki,1
20250714-M-Bastad-R32-Jesper_De_Jong-William_Rejchtman_Vinciguerra,1
20250716-M-Bastad-R16-Andrea_Pellegrino-Tallon_Griekspoor,2
20250717-M-Gstaad-R16-Alexander_Bublik-Alexander_Shevchenko,1
20250718-M-Bastad-QF-Jesper_De_Jong-Tallon_Griekspoor,1
20250718-M-Gstaad-QF-Alexander_Bublik-Francisco_Comesana,1
20250719-M-Gstaad-SF-Alexander_Bublik-Arthur_Cazaux,1
20250719-M-Gstaad-SF-Juan_Manuel_Cerundolo-Ignacio_Buse,1
20250720-M-Gstaad-F-Alexander_Bublik-Juan_Manuel_Cerundolo,1
20250721-M-Washington-R64-Yoshihito_Nishioka-Jenson_Brooksby,1
20250722-M-Washington-R32-Ben_Shelton-Mackenzie_Mcdonald,1
20250722-M-Washington-R32-Lorenzo_Musetti-Cameron_Norrie,2
20250723-M-Washington-R32-Reilly_Opelka-Daniil_Medvedev,2
20250725-M-Kitzbuhel-SF-Alexander_Bublik-Botic_Van_De_Zandschulp,1
20250726-M-Kitzbuhel-F-Alexander_Bublik-Arthur_Cazaux,1
20250727-M-Canada_Masters-R128-Nicolas_Arseneault-Valentin_Royer,1
20250727-M-Washington-F-Alex_De_Minaur-Alejandro_Davidovich_Fokina,1
20250728-M-Canada_Masters-R128-Dan_Martin-Jaume_Munar,2
20250729-M-Canada_Masters-R64-Lorenzo_Musetti-James_Duckworth,1
20250729-M-Canada_Masters-R64-Roman_Safiullin-Casper_Ruud,2
20250730-M-Canada_Masters-R32-Francisco_Comesana-Alex_De_Minaur,2
20250731-M-Canada_Masters-R32-Alexandre_Muller-Holger_Rune,2
20250801-M-Canada_Masters-R32-Arthur_Fils-Jiri_Lehecka,2
20250801-M-Canada_Masters-R32-Gabriel_Diallo-Taylor_Fritz,2
20250801-M-Canada_Masters-R32-Jakub_Mensik-Alejandro_Davidovich_Fokina,2
20250802-M-Canada_Masters-R16-Casper_Ruud-Karen_Khachanov,2
20250803-M-Hagen_CH-F-Yannick_Hanfmann-Guy_Den_Ouden,1
20250804-M-Cincinnati_Masters-R16-Francisco_Comesana-Andrey_Rublev,2
20250805-M-Canada_Masters-QF-Ben_Shelton-Alex_De_Minaur,1
20250805-M-Canada_Masters-QF-Taylor_Fritz-Andrey_Rublev,1
20250807-M-Canada_Masters-F-Ben_Shelton-Karen_Khachanov,1
20250809-M-Cincinnati-R64-Joao_Fonseca-Alejandro_Davidovich_Fokina,1
20250809-M-Cincinnati_Masters-R64-Jannik_Sinner-Daniel_Elahi_Galan,1
20250810-M-Cincinnati_Masters-R64-Reilly_Opelka-Alex_De_Minaur,1
20250812-M-Cincinnati_Masters-R32-Gabriel_Diallo-Jannik_Sinner,2
20250812-M-Cincinnati_Masters-R32-Hamad_Medjedovic-Carlos_Alcaraz,2
20250813-M-Cincinnati_Masters-R16-Adrian_Mannarino-Jannik_Sinner,2
20250814-M-Cincinnati_Masters-QF-Jannik_Sinner-Felix_Auger_Aliassime,1
20250814-M-Cincinnati_Masters-R16-Carlos_Alcaraz-Luca_Nardi,1
20250818-M-Cincinnati_Masters-F-Jannik_Sinner-Carlos_Alcaraz,2
20250823-M-Winston_Salem-F-Marton_Fucsovics-Botic_Van_De_Zandschulp,1
20250824-M-US_Open-R128-Adrian_Mannarino-Tallon_Griekspoor,1
20250824-M-US_Open-R128-Benjamin_Bonzi-Daniil_Medvedev,1
20250824-M-US_Open-R128-Jesper_De_Jong-Brandon_Nakashima,2
20250824-M-US_Open-R128-Novak_Djokovic-Learner_Tien,1
20250824-M-US_Open-R128-Taylor_Fritz-Emilio_Nava,1
20250825-M-US_Open-R128-Martin_Damm-Darwin_Blanch,1
20250826-M-US_Open-R128-Daniel_Altmaier-Hamad_Medjedovic,1
20250826-M-US_Open-R128-Jannik_Sinner-Vit_Kopriva,1
20250826-M-US_Open-R128-Reilly_Opelka-Carlos_Alcaraz,2
20250827-M-US_Open-R64-Casper_Ruud-Raphael_Collignon,2
20250827-M-US_Open-R64-Joao_Fonseca-Tomas_Machac,2
20250827-M-US_Open-R64-Zachary_Svajda-Novak_Djokovic,2
20250828-M-US_Open-R64-Carlos_Alcaraz-Mattia_Bellucci,1
20250828-M-US_Open-R64-Jannik_Sinner-Alexei_Popyrin,1
20250829-M-US_Open-R32-Carlos_Alcaraz-Luciano_Darderi,1
20250829-M-US_Open-R32-Denis_Shapovalov-Jannik_Sinner,2
20250830-M-US_Open-R32-Lorenzo_Musetti-Flavio_Cobolli,1
20250831-M-Porto_CH-F-Guy_Den_Ouden-Gilles_Arnaud_Bailly,1
20250831-M-US_Open-R16-Novak_Djokovic-Jan_Lennard_Struff,1
20250901-M-US_Open-R16-Alexander_Bublik-Jannik_Sinner,2
20250901-M-US_Open-R16-Taylor_Fritz-Tomas_Machac,1
20250902-M-US_Open-QF-Jiri_Lehecka-Carlos_Alcaraz,2
20250902-M-US_Open-QF-Novak_Djokovic-Taylor_Fritz,1
20250903-M-US_Open-QF-Felix_Auger_Aliassime-Alex_De_Minaur,1
20250903-M-US_Open-QF-Jannik_Sinner-Lorenzo_Musetti,1
20250905-M-US_Open-SF-Novak_Djokovic-Carlos_Alcaraz,2
20250906-M-US_Open-SF-Jannik_Sinner-Felix_Auger_Aliassime,1
20250907-M-US_Open-F-Jannik_Sinner-Carlos_Alcaraz,2
20250912-M-Davis_Cup_Qualifiers-RR-Francisco_Cerundolo-Botic_Van_De_Zandschulp,1
20250912-M-Davis_Cup_Qualifiers-RR-Jesper_De_Jong-Tomas_Martin_Etcheverry,2
20250913-M-Davis_Cup_Qualifiers-RR-Alex_De_Minaur-Raphael_Collignon,2
20250913-M-Davis_Cup_Qualifiers-RR-Francisco_Comesana-Jesper_De_Jong,2
20250920-M-Chengdu-R16-Dino_Prizmic-Lorenzo_Musetti,2
20250920-M-Hangzhou-R16-Yibing_Wu-Sebastian_Korda,1
20250922-M-Chengdu-SF-Lorenzo_Musetti-Alexander_Shevchenko,1
20250922-M-Hangzhou-SF-Yibing_Wu-Alexander_Bublik,2
20250923-M-Chengdu-F-Alejandro_Tabilo-Lorenzo_Musetti,1
20250925-M-Beijing-R32-Marin_Cilic-Jannik_Sinner,2
20250925-M-Tokyo-R32-Sebastian_Baez-Carlos_Alcaraz,2
20250926-M-Tokyo-R16-Casper_Ruud-Matteo_Berrettini,1
20250927-M-Tokyo-R16-Carlos_Alcaraz-Zizou_Bergs,1
20250928-M-Beijing-QF-Daniil_Medvedev-Alexander_Zverev,1
20250928-M-Tokyo-QF-Brandon_Nakashima-Carlos_Alcaraz,2
20250928-M-Tokyo-QF-Casper_Ruud-Aleksandar_Vukic,1
20250929-M-Tokyo-SF-Casper_Ruud-Carlos_Alcaraz,2
20250929-M-Tokyo-SF-Taylor_Fritz-Jenson_Brooksby,1
20250930-M-Beijing-SF-Jannik_Sinner-Alex_De_Minaur,1
20250930-M-Tokyo-F-Taylor_Fritz-Carlos_Alcaraz,2
20251001-M-Beijing-F-Learner_Tien-Jannik_Sinner,2
20251002-M-Shanghai_Masters-R128-Jesper_De_Jong-Yi_Zhou,1
20251003-M-Shanghai_Masters-R64-Novak_Djokovic-Marin_Cilic,1
20251004-M-Shanghai_Masters-R64-Francisco_Comesana-Lorenzo_Musetti,2
20251005-M-Shanghai_Masters-R32-Tallon_Griekspoor-Jannik_Sinner,1
20251005-M-Shanghai_Masters-R32-Taylor_Fritz-Giovanni_Mpetshi_Perricard,2
20251010-M-Shanghai_Masters-QF-Alex_De_Minaur-Daniil_Medvedev,2
20251011-M-Shanghai_Masters-SF-Valentin_Vacherot-Novak_Djokovic,1
20251012-M-Shanghai_Masters-F-Valentin_Vacherot-Arthur_Rinderknech,1
20251013-M-Almaty-R32-Corentin_Moutet-Bernard_Tomic,1
20251013-M-Stockholm-R32-Tallon_Griekspoor-Jacob_Fearnley,2
20251014-M-Almaty-R32-Brandon_Nakashima-Hamad_Medjedovic,1
20251014-M-Brussels-R32-Botic_Van_De_Zandschulp-Joao_Fonseca,1
20251014-M-Hersonnisos_CH-R32-Harry_Wendelken-Michael_Geerts,1
20251015-M-Brussels-R16-Francisco_Comesana-Raphael_Collignon,2
20251015-M-Stockholm-R16-Marin_Cilic-Casper_Ruud,2
20251017-M-Almaty-QF-Fabian_Marozsan-Daniil_Medvedev,2
20251017-M-Brussels-QF-Lorenzo_Musetti-Giovanni_Mpetshi_Perricard,2
20251017-M-Stockholm-QF-Casper_Ruud-Sebastian_Korda,1
20251018-M-Almaty-SF-James_Duckworth-Daniil_Medvedev,2
20251018-M-Six_Kings_Slam-F-Carlos_Alcaraz-Jannik_Sinner,2
20251018-M-Stockholm-SF-Casper_Ruud-Denis_Shapovalov,1
20251019-M-Almaty-F-Daniil_Medvedev-Corentin_Moutet,1
20251019-M-Hersonissos_CH-F-Maxim_Mrva-Harry_Wendelken,2
20251019-M-Stockholm-F-Casper_Ruud-Ugo_Humbert,1
20251021-M-Basel-R32-Giovanni_Mpetshi_Perricard-Joao_Fonseca,2
20251022-M-Vienna-R32-Daniel_Altmaier-Jannik_Sinner,2
20251023-M-Vienna-R16-Flavio_Cobolli-Jannik_Sinner,2
20251023-M-Vienna-R16-Francisco_Cerundolo-Alexander_Bublik,2
20251024-M-Vienna-QF-Alex_De_Minaur-Matteo_Berrettini,1
20251024-M-Vienna-QF-Alexander_Bublik-Jannik_Sinner,2
20251025-M-Basel-SF-Jaume_Munar-Joao_Fonseca,2
20251025-M-Vienna-SF-Jannik_Sinner-Alex_De_Minaur,1
20251026-M-Basel-F-Joao_Fonseca-Alejandro_Davidovich_Fokina,1
20251026-M-Vienna-F-Alexander_Zverev-Jannik_Sinner,2
20251027-M-Paris_Masters-R64-Arthur_Cazaux-Luciano_Darderi,1
20251028-M-Paris_Masters-R32-Cameron_Norrie-Carlos_Alcaraz,1
20251028-M-Paris_Masters-R64-Jaume_Munar-Daniil_Medvedev,2
20251029-M-Paris_Masters-R32-Alejandro_Davidovich_Fokina-Arthur_Cazaux,1
20251030-M-Paris_Masters-R16-Jannik_Sinner-Francisco_Cerundolo,1
20251030-M-Paris_Masters-R16-Valentin_Vacherot-Cameron_Norrie,1
20251031-M-Paris_Masters-QF-Ben_Shelton-Jannik_Sinner,2
20251031-M-Paris_Masters-QF-Valentin_Vacherot-Felix_Auger_Aliassime,2
20251101-M-Paris_Masters-SF-Alexander_Zverev-Jannik_Sinner,2
20251102-M-Athens-R32-Sebastian_Korda-Alexei_Popyrin,1
20251102-M-Athens-R32-Stefanos_Sakellaridis-Nuno_Borges,2
20251102-M-Paris_Masters-F-Felix_Auger_Aliassime-Jannik_Sinner,2
20251103-M-Metz-R32-Jan_Choinski-Lorenzo_Sonego,2
20251104-M-Athens-R16-Alejandro_Tabilo-Novak_Djokovic,2
20251105-M-Metz-R16-Moez_Echargui-Learner_Tien,2
20251106-M-Athens-QF-Alexandre_Muller-Lorenzo_Musetti,2
20251107-M-Athens-SF-Novak_Djokovic-Yannick_Hanfmann,1
20251107-M-Athens-SF-Sebastian_Korda-Lorenzo_Musetti,2
20251107-M-Lima_CH-QF-Marcelo_Tomas_Barrios_Vera-Juan_Bautista_Torres,1
20251108-M-Athens-F-Novak_Djokovic-Lorenzo_Musetti,1
20251110-M-Tour_Finals-RR-Taylor_Fritz-Lorenzo_Musetti,1
20251111-M-Tour_Finals-RR-Alex_De_Minaur-Lorenzo_Musetti,2
20251112-M-Tour_Finals-RR-Jannik_Sinner-Alexander_Zverev,1
20251113-M-Tour_Finals-RR-Carlos_Alcaraz-Lorenzo_Musetti,1
20251114-M-Tour_Finals-RR-Taylor_Fritz-Alex_De_Minaur,2
20251115-M-Tour_Finals-SF-Alex_De_Minaur-Jannik_Sinner,2
20251115-M-Tour_Finals-SF-Carlos_Alcaraz-Felix_Auger_Aliassime,1
20251116-M-Tour_Finals-F-Carlos_Alcaraz-Jannik_Sinner,2
20251121-M-Davis_Cup_Finals-RR-Flavio_Cobolli-Zizou_Bergs,1
20251121-M-NCAA_Individual_Finals-QF-Michael_Zheng-Ozan_Baris,1
20251123-M-Davis_Cup_Finals-RR-Jaume_Munar-Flavio_Cobolli,2
20251123-M-Davis_Cup_Finals-RR-Matteo_Berrettini-Pablo_Carreno_Busta,1
20251214-M-Dutch_Championships-F-Jesper_De_Jong-Daniel_De_Jonge,1
20251217-M-NextGen_Finals-RR-Dino_Prizmic-Nishesh_Basavareddy,2
20251217-M-NextGen_Finals-RR-Rafael_Jodar-Learner_Tien,1
20251219-M-NextGen_Finals-RR-Nishesh_Basavareddy-Justin_Engel,1
20251221-M-NextGen_Finals-F-Alexander_Blockx-Learner_Tien,2
20260102-M-United_Cup-RR-Jaume_Munar-Sebastian_Baez,2
20260102-M-United_Cup-RR-Stefanos_Tsitsipas-Shintaro_Mochizuki,1
20260103-M-United_Cup-RR-Casper_Ruud-Alex_De_Minaur,1
20260104-M-Brisbane-R32-Camilo_Ugo_Carabelli-Learner_Tien,2
20260104-M-Hong_Kong-R32-Marin_Cilic-Adrian_Mannarino,1
20260104-M-United_Cup-RR-Alexander_Zverev-Tallon_Griekspoor,1
20260105-M-Brisbane-R32-Marton_Fucsovics-Daniil_Medvedev,2
20260105-M-United_Cup-RR-Hubert_Hurkacz-Alexander_Zverev,1
20260106-M-Brisbane-R32-Giovanni_Mpetshi_Perricard-Tommy_Paul,1
20260106-M-United_Cup-RR-Jakub_Mensik-Alex_De_Minaur,2
20260107-M-Brisbane-R16-Daniil_Medvedev-Frances_Tiafoe,1
20260107-M-Hong_Kong-R16-Lorenzo_Musetti-Tomas_Martin_Etcheverry,1
20260107-M-United_Cup-RR-Hubert_Hurkacz-Tallon_Griekspoor,1
20260108-M-Brisbane-R16-Quentin_Halys-Brandon_Nakashima,2
20260108-M-United_Cup-QF-Jakub_Mensik-Zizou_Bergs,2
20260109-M-Bengaluru_CH-SF-Timofey_Skatov-Harold_Mayot,1
20260109-M-Brisbane-QF-Kamil_Majchrzak-Daniil_Medvedev,2
20260109-M-Canberra_CH-F-Rafael_Jodar-Alexander_Blockx,2
20260109-M-United_Cup-QF-Hubert_Hurkacz-Alex_De_Minaur,2
20260110-M-Brisbane-SF-Alex_Michelsen-Daniil_Medvedev,2
20260110-M-United_Cup-SF-Taylor_Fritz-Hubert_Hurkacz,2
20260111-M-Brisbane-F-Brandon_Nakashima-Daniil_Medvedev,2
20260111-M-Hong_Kong-F-Alexander_Bublik-Lorenzo_Musetti,1
20260111-M-United_Cup-F-Hubert_Hurkacz-Stan_Wawrinka,1
20260113-M-Adelaide-R32-Ethan_Quinn-Marton_Fucsovics,2
20260115-M-Adelaide-QF-Ugo_Humbert-Alexander_Shevchenko,1
20260115-M-Australian_Open-Q3-Lukas_Klein-Michael_Zheng,2
20260118-M-Australian_Open-R128-Jenson_Brooksby-Alexander_Bublik,2
20260118-M-Australian_Open-R128-Miomir_Kecmanovic-Tomas_Martin_Etcheverry,2
20260119-M-Australian_Open-R128-Brandon_Nakashima-Botic_Van_De_Zandschulp,2
20260119-M-Australian_Open-R128-Jesper_De_Jong-Daniil_Medvedev,2
20260119-M-Australian_Open-R128-Learner_Tien-Marcos_Giron,1
20260119-M-Australian_Open-R128-Rinky_Hijikata-Adrian_Mannarino,1
20260119-M-Australian_Open-R128-Stan_Wawrinka-Laslo_Djere,1
20260120-M-Australian_Open-R128-Hubert_Hurkacz-Zizou_Bergs,1
20260120-M-Australian_Open-R128-Jannik_Sinner-Hugo_Gaston,1
20260121-M-Australian_Open-R64-Alexander_Shevchenko-Learner_Tien,2
20260121-M-Australian_Open-R64-Hamad_Medjedovic-Alex_De_Minaur,2
20260122-M-Australian_Open-R64-Casper_Ruud-Jaume_Munar,1
20260122-M-Australian_Open-R64-Hubert_Hurkacz-Ethan_Quinn,2
20260122-M-Australian_Open-R64-Jannik_Sinner-James_Duckworth,1
20260122-M-Australian_Open-R64-Stefanos_Tsitsipas-Tomas_Machac,2
20260123-M-Australian_Open-R32-Alex_De_Minaur-Frances_Tiafoe,1
20260123-M-Australian_Open-R32-Corentin_Moutet-Carlos_Alcaraz,2
20260123-M-Australian_Open-R32-Learner_Tien-Nuno_Borges,1
20260124-M-Australian_Open-R32-Ethan_Quinn-Jakub_Mensik,2
20260124-M-Australian_Open-R32-Jannik_Sinner-Eliot_Spizzirri,1
20260124-M-Australian_Open-R32-Novak_Djokovic-Botic_Van_De_Zandschulp,1
20260124-M-Itajai_CH-SF-Thiago_Seyboth_Wild-Alex_Barrena,1
20260125-M-Australian_Open-R16-Daniil_Medvedev-Learner_Tien,2
20260125-M-Australian_Open-R32-Alex_De_Minaur-Alexander_Bublik,1
20260126-M-Australian_Open-R16-Jannik_Sinner-Luciano_Darderi,1
20260126-M-Australian_Open-R16-Taylor_Fritz-Lorenzo_Musetti,2
20260127-M-Australian_Open-QF-Alexander_Zverev-Learner_Tien,1
20260127-M-Australian_Open-QF-Carlos_Alcaraz-Alex_De_Minaur,1
20260128-M-Australian_Open-QF-Jannik_Sinner-Ben_Shelton,1
20260128-M-Australian_Open-QF-Novak_Djokovic-Lorenzo_Musetti,1
20260130-M-Australian_Open-SF-Alexander_Zverev-Carlos_Alcaraz,2
20260130-M-Australian_Open-SF-Jannik_Sinner-Novak_Djokovic,2
20260131-M-Australian_Open_Juniors-SF-Ryo_Tabata-Ziga_Sesko,2
20260201-M-Australian_Open-F-Novak_Djokovic-Carlos_Alcaraz,2
20260201-M-Australian_Open_Juniors-F-Ziga_Sesko-Keaton_Hance,1
20260202-M-Montpellier-R32-Pedro_Martinez-Adrian_Mannarino,2
20260203-M-Montpellier-R32-Martin_Damm-Hubert_Hurkacz,1
20260203-M-Montpellier-R32-Valentin_Royer-Arthur_Fils,2
20260204-M-Montpellier-R32-Aleksandar_Kovacevic-Moise_Kouame,1
20260205-M-Montpellier-R16-Pablo_Carreno_Busta-Tallon_Griekspoor,2
20260205-M-Montpellier-R16-Ugo_Blanchet-Arthur_Fils,2
20260207-M-Davis_Cup_Qualifiers-RR-Dhakshineswar_Suresh-Jesper_De_Jong,1
20260207-M-Davis_Cup_Qualifiers-RR-Guy_Den_Ouden-Sumit_Nagal,1
20260208-M-Davis_Cup_Qualifiers-RR-Guy_Den_Ouden-Dhakshineswar_Suresh,2
20260208-M-Davis_Cup_Qualifiers-RR-Jesper_De_Jong-Sumit_Nagal,1
20260209-M-Rotterdam-R32-Luka_Pavlovic-Botic_Van_De_Zandschulp,2
20260209-M-Rotterdam-R32-Nicolai_Budkov_Kjaer-Jaume_Munar,2
20260209-M-Rotterdam-R32-Roberto_Bautista_Agut-Cameron_Norrie,2
20260209-M-Rotterdam-R32-Ugo_Humbert-Daniil_Medvedev,1
20260209-M-Rotterdam-R32-Valentin_Royer-Christopher_Oconnell,2
20260210-M-Dallas-R32-Rafael_Jodar-Denis_Shapovalov,2
20260210-M-Rotterdam-R32-Arthur_Fils-Alex_De_Minaur,2
20260211-M-Buenos_Aires-R16-Alejandro_Tabilo-Joao_Fonseca,1
20260211-M-Rotterdam-R32-Hubert_Hurkacz-Alexander_Bublik,2
20260211-M-Rotterdam-R32-Marton_Fucsovics-Guy_Den_Ouden,2
20260211-M-Rotterdam-R32-Stan_Wawrinka-Thijs_Boogaard,1
20260211-M-Rotterdam-R32-Stefanos_Tsitsipas-Arthur_Rinderknech,1
20260212-M-Rotterdam-R16-Hamad_Medjedovic-Felix_Auger_Aliassime,2
20260213-M-Rotterdam-QF-Botic_Van_De_Zandschulp-Alex_De_Minaur,2
20260213-M-Rotterdam-QF-Felix_Auger_Aliassime-Tallon_Griekspoor,1
20260213-M-Rotterdam-QF-Jaume_Munar-Alexander_Bublik,2
20260214-M-Rotterdam-SF-Felix_Auger_Aliassime-Alexander_Bublik,1
20260214-M-Rotterdam-SF-Ugo_Humbert-Alex_De_Minaur,2
20260215-M-Rotterdam-F-Alex_De_Minaur-Felix_Auger_Aliassime,1
20260216-M-Doha-R32-Mubarak_Shannan_Zayid-Alexei_Popyrin,2
20260217-M-Rio_de_Janeiro-R32-Thiago_Monteiro-Joao_Fonseca,2
20260218-M-Delray_Beach-R16-Casper_Ruud-Marcos_Giron,1
20260218-M-Doha-R16-Stefanos_Tsitsipas-Daniil_Medvedev,1
20260219-M-Doha-QF-Carlos_Alcaraz-Karen_Khachanov,1
20260219-M-Doha-QF-Jakub_Mensik-Jannik_Sinner,1
20260219-M-Doha-QF-Stefanos_Tsitsipas-Andrey_Rublev,2
20260220-M-Rio_de_Janeiro-QF-Juan_Manuel_Cerundolo-Vit_Kopriva,2
20260221-M-Doha-F-Arthur_Fils-Carlos_Alcaraz,2
20260223-M-Acapulco-R32-Rafael_Jodar-Cameron_Norrie,1
20260224-M-Dubai-R32-Daniil_Medvedev-Juncheng_Shang,1
20260224-M-Dubai-R32-Jakub_Mensik-Hubert_Hurkacz,1
20260224-M-Dubai-R32-Ugo_Humbert-Stefanos_Tsitsipas,1
20260225-M-Dubai-R16-Stan_Wawrinka-Daniil_Medvedev,2
20260225-M-Dubai-R16-Tallon_Griekspoor-Alexander_Bublik,1
20260226-M-Dubai-QF-Jenson_Brooksby-Daniil_Medvedev,2
20260227-M-Dubai-SF-Daniil_Medvedev-Felix_Auger_Aliassime,1
20260227-M-Dubai-SF-Tallon_Griekspoor-Andrey_Rublev,1
20260304-M-Indian_Wells_Masters-R128-Matteo_Berrettini-Adrian_Mannarino,1
20260304-M-Indian_Wells_Masters-R128-Stefanos_Tsitsipas-Denis_Shapovalov,2
20260305-M-Indian_Wells_Masters-R128-Aleksandar_Kovacevic-Hubert_Hurkacz,1
20260306-M-Indian_Wells_Masters-R64-Alexander_Zverev-Matteo_Berrettini,1
20260306-M-Indian_Wells_Masters-R64-Marton_Fucsovics-Lorenzo_Musetti,1
20260307-M-Indian_Wells_Masters-R64-Carlos_Alcaraz-Grigor_Dimitrov,1
20260308-M-Indian_Wells_Masters-R32-Brandon_Nakashima-Alexander_Zverev,2
20260308-M-Indian_Wells_Masters-R32-Jannik_Sinner-Denis_Shapovalov,1
20260308-M-Indian_Wells_Masters-R64-Alejandro_Tabilo-Daniil_Medvedev,2
20260309-M-Indian_Wells_Masters-R32-Aleksandar_Kovacevic-Novak_Djokovic,2
20260309-M-Indian_Wells_Masters-R32-Joao_Fonseca-Tommy_Paul,1
20260309-M-Indian_Wells_Masters-R32-Valentin_Vacherot-Casper_Ruud,2
20260310-M-Indian_Wells_Masters-R16-Joao_Fonseca-Jannik_Sinner,2
20260310-M-Indian_Wells_Masters-R32-Sebastian_Baez-Daniil_Medvedev,2
20260311-M-Indian_Wells_Masters-R16-Casper_Ruud-Carlos_Alcaraz,2
20260311-M-Indian_Wells_Masters-R16-Novak_Djokovic-Jack_Draper,2
20260312-M-Indian_Wells_Masters-QF-Arthur_Fils-Alexander_Zverev,2
20260312-M-Indian_Wells_Masters-QF-Daniil_Medvedev-Jack_Draper,1
20260312-M-Indian_Wells_Masters-QF-Jannik_Sinner-Learner_Tien,1
20260312-M-Santiago_CH-R16-Adolfo_Daniel_Vallejo-Felipe_Meligeni_Alves,1
20260314-M-Indian_Wells_Masters-SF-Alexander_Zverev-Jannik_Sinner,2
20260314-M-Indian_Wells_Masters-SF-Daniil_Medvedev-Carlos_Alcaraz,1
20260315-M-Indian_Wells_Masters-F-Daniil_Medvedev-Jannik_Sinner,2
20260319-M-Miami_Masters-R128-Fabian_Marozsan-Joao_Fonseca,2
20260319-M-Miami_Masters-R128-Hubert_Hurkacz-Ethan_Quinn,2
20260319-M-Miami_Masters-R128-Stefanos_Tsitsipas-Arthur_Fery,1
20260319-M-Miami_Masters-R128-Zhizhen_Zhang-Adrian_Mannarino,2
20260320-M-Miami_Masters-R64-Joao_Fonseca-Carlos_Alcaraz,2
20260322-M-Miami_Masters-R32-Sebastian_Korda-Carlos_Alcaraz,1
20260323-M-Miami_Masters-R32-Jakub_Mensik-Frances_Tiafoe,2
20260323-M-Miami_Masters-R32-Stefanos_Tsitsipas-Arthur_Fils,2
20260324-M-Miami_Masters-R16-Sebastian_Korda-Martin_Landaluce,2
20260325-M-Miami_Masters-QF-Arthur_Fils-Tommy_Paul,1
20260326-M-Miami_Masters-QF-Frances_Tiafoe-Jannik_Sinner,2
20260326-M-Sao_Paulo_CH-R16-Felipe_Meligeni_Alves-Jaime_Faria,2
20260327-M-Miami_Masters-SF-Jannik_Sinner-Alexander_Zverev,1
20260329-M-Miami_Masters-F-Jiri_Lehecka-Jannik_Sinner,2
20260403-M-Bucharest-QF-Alex_Molcan-Mariano_Navone,2
20260404-M-Bucharest-SF-Botic_Van_De_Zandschulp-Mariano_Navone,2
20260405-M-Monte_Carlo_Masters-R64-Tallon_Griekspoor-Gael_Monfils,2
20260405-M-Monte_Carlo_Masters-R64-Ugo_Humbert-Moise_Kouame,1
20260406-M-Wuning_CH-R32-Alexandr_Binda-Kaichi_Uchida,2
20260407-M-Monte_Carlo_Masters-R64-Hubert_Hurkacz-Luciano_Darderi,1
20260408-M-Monte_Carlo_Masters-R32-Hubert_Hurkacz-Fabian_Marozsan,1
20260408-M-Monte_Carlo_Masters-R32-Matteo_Berrettini-Daniil_Medvedev,1
20260408-M-Monte_Carlo_Masters-R32-Valentin_Vacherot-Lorenzo_Musetti,1
20260409-M-Monte_Carlo_Masters-R16-Alexander_Blockx-Alex_De_Minaur,2
20260409-M-Monte_Carlo_Masters-R16-Hubert_Hurkacz-Valentin_Vacherot,2
20260409-M-Monte_Carlo_Masters-R16-Joao_Fonseca-Matteo_Berrettini,1
20260410-M-Monte_Carlo_Masters-QF-Alexander_Bublik-Carlos_Alcaraz,2
20260410-M-Monte_Carlo_Masters-QF-Joao_Fonseca-Alexander_Zverev,2
20260411-M-Monte_Carlo_Masters-SF-Alexander_Zverev-Jannik_Sinner,2
20260411-M-Monte_Carlo_Masters-SF-Valentin_Vacherot-Carlos_Alcaraz,2
20260412-M-Monte_Carlo_Masters-F-Carlos_Alcaraz-Jannik_Sinner,2
20260415-M-Munich-R16-Joao_Fonseca-Arthur_Rinderknech,1
20260416-M-Barcelona-R16-Brandon_Nakashima-Arthur_Fils,2
20260417-M-Barcelona-QF-Arthur_Fils-Lorenzo_Musetti,1
20260417-M-Barcelona-QF-Rafael_Jodar-Cameron_Norrie,1
20260417-M-Munich-QF-Ben_Shelton-Joao_Fonseca,1
20260418-M-Barcelona-SF-Rafael_Jodar-Arthur_Fils,2
20260419-M-Barcelona-F-Arthur_Fils-Andrey_Rublev,1
20260422-M-Madrid_Masters-R128-Hubert_Hurkacz-Jaime_Faria,1
20260424-M-Madrid_Masters-R64-Rafael_Jodar-Alex_De_Minaur,1
20260426-M-Madrid_Masters-R32-Joao_Fonseca-Rafael_Jodar,2
20260428-M-Madrid_Masters-R16-Arthur_Fils-Tomas_Martin_Etcheverry,1
20260428-M-Madrid_Masters-R16-Casper_Ruud-Stefanos_Tsitsipas,1
20260429-M-Madrid_Masters-QF-Arthur_Fils-Jiri_Lehecka,1
20260429-M-Madrid_Masters-QF-Rafael_Jodar-Jannik_Sinner,2
20260430-M-Madrid_Masters-QF-Alexander_Zverev-Flavio_Cobolli,1
20260501-M-Madrid_Masters-SF-Arthur_Fils-Jannik_Sinner,2
20260503-M-Madrid_Masters-F-Jannik_Sinner-Alexander_Zverev,1
20260507-M-Rome_Masters-R128-Stefanos_Tsitsipas-Tomas_Machac,2
20260511-M-Rome_Masters-R16-Rafael_Jodar-Learner_Tien,1
20260517-M-Rome_Masters-F-Casper_Ruud-Jannik_Sinner,2
20260521-M-Roland_Garros-Q3-Jesper_De_Jong-Michael_Zheng,2
